Material,Power_W,Speed_mm_s,Hatch_um,Layer_um,Width_um,Depth_um,Length_um,CoolingRate_K_s,LOF_Risk,Keyhole_Ratio,DefectSize_um,FatigueLimit_MPa
Ti-6Al-4V,100,400,70,30,187.3,168.7,567.5,0,False,0.9006940736785903,40.0,355.7000044278334
Ti-6Al-4V,100,400,70,40,187.3,168.7,567.5,0,False,0.9006940736785903,40.0,355.7000044278334
Ti-6Al-4V,100,400,70,50,187.3,168.7,567.5,0,False,0.9006940736785903,40.0,355.7000044278334
Ti-6Al-4V,100,400,90,30,187.3,168.7,567.5,0,False,0.9006940736785903,40.0,355.7000044278334
Ti-6Al-4V,100,400,90,40,187.3,168.7,567.5,0,False,0.9006940736785903,40.0,355.7000044278334
Ti-6Al-4V,100,400,90,50,187.3,168.7,567.5,0,False,0.9006940736785903,40.0,355.7000044278334
Ti-6Al-4V,100,400,110,30,187.3,168.7,567.5,0,False,0.9006940736785903,40.0,355.7000044278334
Ti-6Al-4V,100,400,110,40,187.3,168.7,567.5,0,False,0.9006940736785903,40.0,355.7000044278334
Ti-6Al-4V,100,400,110,50,187.3,168.7,567.5,0,False,0.9006940736785903,40.0,355.7000044278334
Ti-6Al-4V,100,600,70,30,146.4,106.5,519.8,0,False,0.7274590163934426,40.0,355.7000044278334
Ti-6Al-4V,100,600,70,40,146.4,106.5,519.8,0,False,0.7274590163934426,40.0,355.7000044278334
Ti-6Al-4V,100,600,70,50,146.4,106.5,519.8,0,False,0.7274590163934426,40.0,355.7000044278334
Ti-6Al-4V,100,600,90,30,146.4,106.5,519.8,0,False,0.7274590163934426,40.0,355.7000044278334
Ti-6Al-4V,100,600,90,40,146.4,106.5,519.8,0,False,0.7274590163934426,40.0,355.7000044278334
Ti-6Al-4V,100,600,90,50,146.4,106.5,519.8,0,False,0.7274590163934426,40.0,355.7000044278334
Ti-6Al-4V,100,600,110,30,146.4,106.5,519.8,0,False,0.7274590163934426,40.0,355.7000044278334
Ti-6Al-4V,100,600,110,40,146.4,106.5,519.8,0,False,0.7274590163934426,40.0,355.7000044278334
Ti-6Al-4V,100,600,110,50,146.4,106.5,519.8,0,False,0.7274590163934426,40.0,355.7000044278334
Ti-6Al-4V,100,800,70,30,118.9,79.1,467.3,0,False,0.665264928511354,40.0,355.7000044278334
Ti-6Al-4V,100,800,70,40,118.9,79.1,467.3,0,False,0.665264928511354,40.0,355.7000044278334
Ti-6Al-4V,100,800,70,50,118.9,79.1,467.3,0,False,0.665264928511354,40.0,355.7000044278334
Ti-6Al-4V,100,800,90,30,118.9,79.1,467.3,0,False,0.665264928511354,40.0,355.7000044278334
Ti-6Al-4V,100,800,90,40,118.9,79.1,467.3,0,False,0.665264928511354,40.0,355.7000044278334
Ti-6Al-4V,100,800,90,50,118.9,79.1,467.3,0,False,0.665264928511354,40.0,355.7000044278334
Ti-6Al-4V,100,800,110,30,118.9,79.1,467.3,0,False,0.665264928511354,40.0,355.7000044278334
Ti-6Al-4V,100,800,110,40,118.9,79.1,467.3,0,True,0.665264928511354,40.0,355.7000044278334
Ti-6Al-4V,100,800,110,50,118.9,79.1,467.3,0,True,0.665264928511354,40.0,355.7000044278334
Ti-6Al-4V,100,1000,70,30,126.4,39.6,157.0,0,False,0.3132911392405063,5.0,503.035770398012
Ti-6Al-4V,100,1000,70,40,126.4,39.6,157.0,0,True,0.3132911392405063,5.0,503.035770398012
Ti-6Al-4V,100,1000,70,50,126.4,39.6,157.0,0,True,0.3132911392405063,5.0,503.035770398012
Ti-6Al-4V,100,1000,90,30,126.4,39.6,157.0,0,True,0.3132911392405063,5.0,503.035770398012
Ti-6Al-4V,100,1000,90,40,126.4,39.6,157.0,0,True,0.3132911392405063,5.0,503.035770398012
Ti-6Al-4V,100,1000,90,50,126.4,39.6,157.0,0,True,0.3132911392405063,5.0,503.035770398012
Ti-6Al-4V,100,1000,110,30,126.4,39.6,157.0,0,True,0.3132911392405063,5.0,503.035770398012
Ti-6Al-4V,100,1000,110,40,126.4,39.6,157.0,0,True,0.3132911392405063,5.0,503.035770398012
Ti-6Al-4V,100,1000,110,50,126.4,39.6,157.0,0,True,0.3132911392405063,5.0,503.035770398012
Ti-6Al-4V,100,1200,70,30,112.8,33.7,142.1,0,True,0.298758865248227,5.0,503.035770398012
Ti-6Al-4V,100,1200,70,40,112.8,33.7,142.1,0,True,0.298758865248227,5.0,503.035770398012
Ti-6Al-4V,100,1200,70,50,112.8,33.7,142.1,0,True,0.298758865248227,5.0,503.035770398012
Ti-6Al-4V,100,1200,90,30,112.8,33.7,142.1,0,True,0.298758865248227,5.0,503.035770398012
Ti-6Al-4V,100,1200,90,40,112.8,33.7,142.1,0,True,0.298758865248227,5.0,503.035770398012
Ti-6Al-4V,100,1200,90,50,112.8,33.7,142.1,0,True,0.298758865248227,5.0,503.035770398012
Ti-6Al-4V,100,1200,110,30,112.8,33.7,142.1,0,True,0.298758865248227,5.0,503.035770398012
Ti-6Al-4V,100,1200,110,40,112.8,33.7,142.1,0,True,0.298758865248227,5.0,503.035770398012
Ti-6Al-4V,100,1200,110,50,112.8,33.7,142.1,0,True,0.298758865248227,5.0,503.035770398012
Ti-6Al-4V,100,1400,70,30,102.0,29.3,130.2,0,True,0.2872549019607843,5.0,503.035770398012
Ti-6Al-4V,100,1400,70,40,102.0,29.3,130.2,0,True,0.2872549019607843,5.0,503.035770398012
Ti-6Al-4V,100,1400,70,50,102.0,29.3,130.2,0,True,0.2872549019607843,5.0,503.035770398012
Ti-6Al-4V,100,1400,90,30,102.0,29.3,130.2,0,True,0.2872549019607843,5.0,503.035770398012
Ti-6Al-4V,100,1400,90,40,102.0,29.3,130.2,0,True,0.2872549019607843,5.0,503.035770398012
Ti-6Al-4V,100,1400,90,50,102.0,29.3,130.2,0,True,0.2872549019607843,5.0,503.035770398012
Ti-6Al-4V,100,1400,110,30,102.0,29.3,130.2,0,True,0.2872549019607843,5.0,503.035770398012
Ti-6Al-4V,100,1400,110,40,102.0,29.3,130.2,0,True,0.2872549019607843,5.0,503.035770398012
Ti-6Al-4V,100,1400,110,50,102.0,29.3,130.2,0,True,0.2872549019607843,5.0,503.035770398012
Ti-6Al-4V,100,1600,70,30,93.1,25.9,120.4,0,True,0.2781954887218045,5.0,503.035770398012
Ti-6Al-4V,100,1600,70,40,93.1,25.9,120.4,0,True,0.2781954887218045,5.0,503.035770398012
Ti-6Al-4V,100,1600,70,50,93.1,25.9,120.4,0,True,0.2781954887218045,5.0,503.035770398012
Ti-6Al-4V,100,1600,90,30,93.1,25.9,120.4,0,True,0.2781954887218045,5.0,503.035770398012
Ti-6Al-4V,100,1600,90,40,93.1,25.9,120.4,0,True,0.2781954887218045,5.0,503.035770398012
Ti-6Al-4V,100,1600,90,50,93.1,25.9,120.4,0,True,0.2781954887218045,5.0,503.035770398012
Ti-6Al-4V,100,1600,110,30,93.1,25.9,120.4,0,True,0.2781954887218045,5.0,503.035770398012
Ti-6Al-4V,100,1600,110,40,93.1,25.9,120.4,0,True,0.2781954887218045,5.0,503.035770398012
Ti-6Al-4V,100,1600,110,50,93.1,25.9,120.4,0,True,0.2781954887218045,5.0,503.035770398012
Ti-6Al-4V,100,1800,70,30,88.7,21.1,115.5,0,True,0.237880496054115,5.0,503.035770398012
Ti-6Al-4V,100,1800,70,40,88.7,21.1,115.5,0,True,0.237880496054115,5.0,503.035770398012
Ti-6Al-4V,100,1800,70,50,88.7,21.1,115.5,0,True,0.237880496054115,5.0,503.035770398012
Ti-6Al-4V,100,1800,90,30,88.7,21.1,115.5,0,True,0.237880496054115,5.0,503.035770398012
Ti-6Al-4V,100,1800,90,40,88.7,21.1,115.5,0,True,0.237880496054115,5.0,503.035770398012
Ti-6Al-4V,100,1800,90,50,88.7,21.1,115.5,0,True,0.237880496054115,5.0,503.035770398012
Ti-6Al-4V,100,1800,110,30,88.7,21.1,115.5,0,True,0.237880496054115,5.0,503.035770398012
Ti-6Al-4V,100,1800,110,40,88.7,21.1,115.5,0,True,0.237880496054115,5.0,503.035770398012
Ti-6Al-4V,100,1800,110,50,88.7,21.1,115.5,0,True,0.237880496054115,5.0,503.035770398012
Ti-6Al-4V,100,2000,70,30,85.7,20.2,112.3,0,True,0.2357059509918319,5.0,503.035770398012
Ti-6Al-4V,100,2000,70,40,85.7,20.2,112.3,0,True,0.2357059509918319,5.0,503.035770398012
Ti-6Al-4V,100,2000,70,50,85.7,20.2,112.3,0,True,0.2357059509918319,5.0,503.035770398012
Ti-6Al-4V,100,2000,90,30,85.7,20.2,112.3,0,True,0.2357059509918319,5.0,503.035770398012
Ti-6Al-4V,100,2000,90,40,85.7,20.2,112.3,0,True,0.2357059509918319,5.0,503.035770398012
Ti-6Al-4V,100,2000,90,50,85.7,20.2,112.3,0,True,0.2357059509918319,5.0,503.035770398012
Ti-6Al-4V,100,2000,110,30,85.7,20.2,112.3,0,True,0.2357059509918319,5.0,503.035770398012
Ti-6Al-4V,100,2000,110,40,85.7,20.2,112.3,0,True,0.2357059509918319,5.0,503.035770398012
Ti-6Al-4V,100,2000,110,50,85.7,20.2,112.3,0,True,0.2357059509918319,5.0,503.035770398012
Ti-6Al-4V,150,400,70,30,238.4,239.8,873.1,0,False,1.0058724832214765,40.0,355.7000044278334
Ti-6Al-4V,150,400,70,40,238.4,239.8,873.1,0,False,1.0058724832214765,40.0,355.7000044278334
Ti-6Al-4V,150,400,70,50,238.4,239.8,873.1,0,False,1.0058724832214765,40.0,355.7000044278334
Ti-6Al-4V,150,400,90,30,238.4,239.8,873.1,0,False,1.0058724832214765,40.0,355.7000044278334
Ti-6Al-4V,150,400,90,40,238.4,239.8,873.1,0,False,1.0058724832214765,40.0,355.7000044278334
Ti-6Al-4V,150,400,90,50,238.4,239.8,873.1,0,False,1.0058724832214765,40.0,355.7000044278334
Ti-6Al-4V,150,400,110,30,238.4,239.8,873.1,0,False,1.0058724832214765,40.0,355.7000044278334
Ti-6Al-4V,150,400,110,40,238.4,239.8,873.1,0,False,1.0058724832214765,40.0,355.7000044278334
Ti-6Al-4V,150,400,110,50,238.4,239.8,873.1,0,False,1.0058724832214765,40.0,355.7000044278334
Ti-6Al-4V,150,600,70,30,192.4,184.2,846.9,0,False,0.9573804573804572,40.0,355.7000044278334
Ti-6Al-4V,150,600,70,40,192.4,184.2,846.9,0,False,0.9573804573804572,40.0,355.7000044278334
Ti-6Al-4V,150,600,70,50,192.4,184.2,846.9,0,False,0.9573804573804572,40.0,355.7000044278334
Ti-6Al-4V,150,600,90,30,192.4,184.2,846.9,0,False,0.9573804573804572,40.0,355.7000044278334
Ti-6Al-4V,150,600,90,40,192.4,184.2,846.9,0,False,0.9573804573804572,40.0,355.7000044278334
Ti-6Al-4V,150,600,90,50,192.4,184.2,846.9,0,False,0.9573804573804572,40.0,355.7000044278334
Ti-6Al-4V,150,600,110,30,192.4,184.2,846.9,0,False,0.9573804573804572,40.0,355.7000044278334
Ti-6Al-4V,150,600,110,40,192.4,184.2,846.9,0,False,0.9573804573804572,40.0,355.7000044278334
Ti-6Al-4V,150,600,110,50,192.4,184.2,846.9,0,False,0.9573804573804572,40.0,355.7000044278334
Ti-6Al-4V,150,800,70,30,163.6,149.7,820.6,0,False,0.915036674816626,40.0,355.7000044278334
Ti-6Al-4V,150,800,70,40,163.6,149.7,820.6,0,False,0.915036674816626,40.0,355.7000044278334
Ti-6Al-4V,150,800,70,50,163.6,149.7,820.6,0,False,0.915036674816626,40.0,355.7000044278334
Ti-6Al-4V,150,800,90,30,163.6,149.7,820.6,0,False,0.915036674816626,40.0,355.7000044278334
Ti-6Al-4V,150,800,90,40,163.6,149.7,820.6,0,False,0.915036674816626,40.0,355.7000044278334
Ti-6Al-4V,150,800,90,50,163.6,149.7,820.6,0,False,0.915036674816626,40.0,355.7000044278334
Ti-6Al-4V,150,800,110,30,163.6,149.7,820.6,0,False,0.915036674816626,40.0,355.7000044278334
Ti-6Al-4V,150,800,110,40,163.6,149.7,820.6,0,False,0.915036674816626,40.0,355.7000044278334
Ti-6Al-4V,150,800,110,50,163.6,149.7,820.6,0,False,0.915036674816626,40.0,355.7000044278334
Ti-6Al-4V,150,1000,70,30,143.0,113.9,791.8,0,False,0.7965034965034965,40.0,355.7000044278334
Ti-6Al-4V,150,1000,70,40,143.0,113.9,791.8,0,False,0.7965034965034965,40.0,355.7000044278334
Ti-6Al-4V,150,1000,70,50,143.0,113.9,791.8,0,False,0.7965034965034965,40.0,355.7000044278334
Ti-6Al-4V,150,1000,90,30,143.0,113.9,791.8,0,False,0.7965034965034965,40.0,355.7000044278334
Ti-6Al-4V,150,1000,90,40,143.0,113.9,791.8,0,False,0.7965034965034965,40.0,355.7000044278334
Ti-6Al-4V,150,1000,90,50,143.0,113.9,791.8,0,False,0.7965034965034965,40.0,355.7000044278334
Ti-6Al-4V,150,1000,110,30,143.0,113.9,791.8,0,False,0.7965034965034965,40.0,355.7000044278334
Ti-6Al-4V,150,1000,110,40,143.0,113.9,791.8,0,False,0.7965034965034965,40.0,355.7000044278334
Ti-6Al-4V,150,1000,110,50,143.0,113.9,791.8,0,False,0.7965034965034965,40.0,355.7000044278334
Ti-6Al-4V,150,1200,70,30,149.6,56.2,182.6,0,False,0.375668449197861,5.0,503.035770398012
Ti-6Al-4V,150,1200,70,40,149.6,56.2,182.6,0,False,0.375668449197861,5.0,503.035770398012
Ti-6Al-4V,150,1200,70,50,149.6,56.2,182.6,0,True,0.375668449197861,5.0,503.035770398012
Ti-6Al-4V,150,1200,90,30,149.6,56.2,182.6,0,False,0.375668449197861,5.0,503.035770398012
Ti-6Al-4V,150,1200,90,40,149.6,56.2,182.6,0,False,0.375668449197861,5.0,503.035770398012
Ti-6Al-4V,150,1200,90,50,149.6,56.2,182.6,0,True,0.375668449197861,5.0,503.035770398012
Ti-6Al-4V,150,1200,110,30,149.6,56.2,182.6,0,False,0.375668449197861,5.0,503.035770398012
Ti-6Al-4V,150,1200,110,40,149.6,56.2,182.6,0,True,0.375668449197861,5.0,503.035770398012
Ti-6Al-4V,150,1200,110,50,149.6,56.2,182.6,0,True,0.375668449197861,5.0,503.035770398012
Ti-6Al-4V,150,1400,70,30,138.4,49.6,170.2,0,False,0.3583815028901734,5.0,503.035770398012
Ti-6Al-4V,150,1400,70,40,138.4,49.6,170.2,0,False,0.3583815028901734,5.0,503.035770398012
Ti-6Al-4V,150,1400,70,50,138.4,49.6,170.2,0,True,0.3583815028901734,5.0,503.035770398012
Ti-6Al-4V,150,1400,90,30,138.4,49.6,170.2,0,False,0.3583815028901734,5.0,503.035770398012
Ti-6Al-4V,150,1400,90,40,138.4,49.6,170.2,0,True,0.3583815028901734,5.0,503.035770398012
Ti-6Al-4V,150,1400,90,50,138.4,49.6,170.2,0,True,0.3583815028901734,5.0,503.035770398012
Ti-6Al-4V,150,1400,110,30,138.4,49.6,170.2,0,False,0.3583815028901734,5.0,503.035770398012
Ti-6Al-4V,150,1400,110,40,138.4,49.6,170.2,0,True,0.3583815028901734,5.0,503.035770398012
Ti-6Al-4V,150,1400,110,50,138.4,49.6,170.2,0,True,0.3583815028901734,5.0,503.035770398012
Ti-6Al-4V,150,1600,70,30,129.1,44.5,160.0,0,False,0.3446940356312936,5.0,503.035770398012
Ti-6Al-4V,150,1600,70,40,129.1,44.5,160.0,0,True,0.3446940356312936,5.0,503.035770398012
Ti-6Al-4V,150,1600,70,50,129.1,44.5,160.0,0,True,0.3446940356312936,5.0,503.035770398012
Ti-6Al-4V,150,1600,90,30,129.1,44.5,160.0,0,False,0.3446940356312936,5.0,503.035770398012
Ti-6Al-4V,150,1600,90,40,129.1,44.5,160.0,0,True,0.3446940356312936,5.0,503.035770398012
Ti-6Al-4V,150,1600,90,50,129.1,44.5,160.0,0,True,0.3446940356312936,5.0,503.035770398012
Ti-6Al-4V,150,1600,110,30,129.1,44.5,160.0,0,True,0.3446940356312936,5.0,503.035770398012
Ti-6Al-4V,150,1600,110,40,129.1,44.5,160.0,0,True,0.3446940356312936,5.0,503.035770398012
Ti-6Al-4V,150,1600,110,50,129.1,44.5,160.0,0,True,0.3446940356312936,5.0,503.035770398012
Ti-6Al-4V,150,1800,70,30,121.3,40.4,151.5,0,False,0.3330585325638912,5.0,503.035770398012
Ti-6Al-4V,150,1800,70,40,121.3,40.4,151.5,0,True,0.3330585325638912,5.0,503.035770398012
Ti-6Al-4V,150,1800,70,50,121.3,40.4,151.5,0,True,0.3330585325638912,5.0,503.035770398012
Ti-6Al-4V,150,1800,90,30,121.3,40.4,151.5,0,True,0.3330585325638912,5.0,503.035770398012
Ti-6Al-4V,150,1800,90,40,121.3,40.4,151.5,0,True,0.3330585325638912,5.0,503.035770398012
Ti-6Al-4V,150,1800,90,50,121.3,40.4,151.5,0,True,0.3330585325638912,5.0,503.035770398012
Ti-6Al-4V,150,1800,110,30,121.3,40.4,151.5,0,True,0.3330585325638912,5.0,503.035770398012
Ti-6Al-4V,150,1800,110,40,121.3,40.4,151.5,0,True,0.3330585325638912,5.0,503.035770398012
Ti-6Al-4V,150,1800,110,50,121.3,40.4,151.5,0,True,0.3330585325638912,5.0,503.035770398012
Ti-6Al-4V,150,2000,70,30,114.6,37.1,144.1,0,True,0.3237347294938918,5.0,503.035770398012
Ti-6Al-4V,150,2000,70,40,114.6,37.1,144.1,0,True,0.3237347294938918,5.0,503.035770398012
Ti-6Al-4V,150,2000,70,50,114.6,37.1,144.1,0,True,0.3237347294938918,5.0,503.035770398012
Ti-6Al-4V,150,2000,90,30,114.6,37.1,144.1,0,True,0.3237347294938918,5.0,503.035770398012
Ti-6Al-4V,150,2000,90,40,114.6,37.1,144.1,0,True,0.3237347294938918,5.0,503.035770398012
Ti-6Al-4V,150,2000,90,50,114.6,37.1,144.1,0,True,0.3237347294938918,5.0,503.035770398012
Ti-6Al-4V,150,2000,110,30,114.6,37.1,144.1,0,True,0.3237347294938918,5.0,503.035770398012
Ti-6Al-4V,150,2000,110,40,114.6,37.1,144.1,0,True,0.3237347294938918,5.0,503.035770398012
Ti-6Al-4V,150,2000,110,50,114.6,37.1,144.1,0,True,0.3237347294938918,5.0,503.035770398012
Ti-6Al-4V,200,400,70,30,278.6,295.3,1163.0,0,False,1.059942569992821,40.0,355.7000044278334
Ti-6Al-4V,200,400,70,40,278.6,295.3,1163.0,0,False,1.059942569992821,40.0,355.7000044278334
Ti-6Al-4V,200,400,70,50,278.6,295.3,1163.0,0,False,1.059942569992821,40.0,355.7000044278334
Ti-6Al-4V,200,400,90,30,278.6,295.3,1163.0,0,False,1.059942569992821,40.0,355.7000044278334
Ti-6Al-4V,200,400,90,40,278.6,295.3,1163.0,0,False,1.059942569992821,40.0,355.7000044278334
Ti-6Al-4V,200,400,90,50,278.6,295.3,1163.0,0,False,1.059942569992821,40.0,355.7000044278334
Ti-6Al-4V,200,400,110,30,278.6,295.3,1163.0,0,False,1.059942569992821,40.0,355.7000044278334
Ti-6Al-4V,200,400,110,40,278.6,295.3,1163.0,0,False,1.059942569992821,40.0,355.7000044278334
Ti-6Al-4V,200,400,110,50,278.6,295.3,1163.0,0,False,1.059942569992821,40.0,355.7000044278334
Ti-6Al-4V,200,600,70,30,226.1,230.9,1141.4,0,False,1.0212295444493589,40.0,355.7000044278334
Ti-6Al-4V,200,600,70,40,226.1,230.9,1141.4,0,False,1.0212295444493589,40.0,355.7000044278334
Ti-6Al-4V,200,600,70,50,226.1,230.9,1141.4,0,False,1.0212295444493589,40.0,355.7000044278334
Ti-6Al-4V,200,600,90,30,226.1,230.9,1141.4,0,False,1.0212295444493589,40.0,355.7000044278334
Ti-6Al-4V,200,600,90,40,226.1,230.9,1141.4,0,False,1.0212295444493589,40.0,355.7000044278334
Ti-6Al-4V,200,600,90,50,226.1,230.9,1141.4,0,False,1.0212295444493589,40.0,355.7000044278334
Ti-6Al-4V,200,600,110,30,226.1,230.9,1141.4,0,False,1.0212295444493589,40.0,355.7000044278334
Ti-6Al-4V,200,600,110,40,226.1,230.9,1141.4,0,False,1.0212295444493589,40.0,355.7000044278334
Ti-6Al-4V,200,600,110,50,226.1,230.9,1141.4,0,False,1.0212295444493589,40.0,355.7000044278334
Ti-6Al-4V,200,800,70,30,194.1,192.1,1123.1,0,False,0.9896960329726944,40.0,355.7000044278334
Ti-6Al-4V,200,800,70,40,194.1,192.1,1123.1,0,False,0.9896960329726944,40.0,355.7000044278334
Ti-6Al-4V,200,800,70,50,194.1,192.1,1123.1,0,False,0.9896960329726944,40.0,355.7000044278334
Ti-6Al-4V,200,800,90,30,194.1,192.1,1123.1,0,False,0.9896960329726944,40.0,355.7000044278334
Ti-6Al-4V,200,800,90,40,194.1,192.1,1123.1,0,False,0.9896960329726944,40.0,355.7000044278334
Ti-6Al-4V,200,800,90,50,194.1,192.1,1123.1,0,False,0.9896960329726944,40.0,355.7000044278334
Ti-6Al-4V,200,800,110,30,194.1,192.1,1123.1,0,False,0.9896960329726944,40.0,355.7000044278334
Ti-6Al-4V,200,800,110,40,194.1,192.1,1123.1,0,False,0.9896960329726944,40.0,355.7000044278334
Ti-6Al-4V,200,800,110,50,194.1,192.1,1123.1,0,False,0.9896960329726944,40.0,355.7000044278334
Ti-6Al-4V,200,1000,70,30,171.6,165.2,1104.6,0,False,0.9627039627039626,40.0,355.7000044278334
Ti-6Al-4V,200,1000,70,40,171.6,165.2,1104.6,0,False,0.9627039627039626,40.0,355.7000044278334
Ti-6Al-4V,200,1000,70,50,171.6,165.2,1104.6,0,False,0.9627039627039626,40.0,355.7000044278334
Ti-6Al-4V,200,1000,90,30,171.6,165.2,1104.6,0,False,0.9627039627039626,40.0,355.7000044278334
Ti-6Al-4V,200,1000,90,40,171.6,165.2,1104.6,0,False,0.9627039627039626,40.0,355.7000044278334
Ti-6Al-4V,200,1000,90,50,171.6,165.2,1104.6,0,False,0.9627039627039626,40.0,355.7000044278334
Ti-6Al-4V,200,1000,110,30,171.6,165.2,1104.6,0,False,0.9627039627039626,40.0,355.7000044278334
Ti-6Al-4V,200,1000,110,40,171.6,165.2,1104.6,0,False,0.9627039627039626,40.0,355.7000044278334
Ti-6Al-4V,200,1000,110,50,171.6,165.2,1104.6,0,False,0.9627039627039626,40.0,355.7000044278334
Ti-6Al-4V,200,1200,70,30,154.3,144.0,1046.4,0,False,0.933246921581335,40.0,355.7000044278334
Ti-6Al-4V,200,1200,70,40,154.3,144.0,1046.4,0,False,0.933246921581335,40.0,355.7000044278334
Ti-6Al-4V,200,1200,70,50,154.3,144.0,1046.4,0,False,0.933246921581335,40.0,355.7000044278334
Ti-6Al-4V,200,1200,90,30,154.3,144.0,1046.4,0,False,0.933246921581335,40.0,355.7000044278334
Ti-6Al-4V,200,1200,90,40,154.3,144.0,1046.4,0,False,0.933246921581335,40.0,355.7000044278334
Ti-6Al-4V,200,1200,90,50,154.3,144.0,1046.4,0,False,0.933246921581335,40.0,355.7000044278334
Ti-6Al-4V,200,1200,110,30,154.3,144.0,1046.4,0,False,0.933246921581335,40.0,355.7000044278334
Ti-6Al-4V,200,1200,110,40,154.3,144.0,1046.4,0,False,0.933246921581335,40.0,355.7000044278334
Ti-6Al-4V,200,1200,110,50,154.3,144.0,1046.4,0,False,0.933246921581335,40.0,355.7000044278334
Ti-6Al-4V,200,1400,70,30,161.5,73.8,195.7,0,False,0.4569659442724458,5.0,503.035770398012
Ti-6Al-4V,200,1400,70,40,161.5,73.8,195.7,0,False,0.4569659442724458,5.0,503.035770398012
Ti-6Al-4V,200,1400,70,50,161.5,73.8,195.7,0,False,0.4569659442724458,5.0,503.035770398012
Ti-6Al-4V,200,1400,90,30,161.5,73.8,195.7,0,False,0.4569659442724458,5.0,503.035770398012
Ti-6Al-4V,200,1400,90,40,161.5,73.8,195.7,0,False,0.4569659442724458,5.0,503.035770398012
Ti-6Al-4V,200,1400,90,50,161.5,73.8,195.7,0,False,0.4569659442724458,5.0,503.035770398012
Ti-6Al-4V,200,1400,110,30,161.5,73.8,195.7,0,False,0.4569659442724458,5.0,503.035770398012
Ti-6Al-4V,200,1400,110,40,161.5,73.8,195.7,0,False,0.4569659442724458,5.0,503.035770398012
Ti-6Al-4V,200,1400,110,50,161.5,73.8,195.7,0,False,0.4569659442724458,5.0,503.035770398012
Ti-6Al-4V,200,1600,70,30,151.6,67.7,184.8,0,False,0.4465699208443272,5.0,503.035770398012
Ti-6Al-4V,200,1600,70,40,151.6,67.7,184.8,0,False,0.4465699208443272,5.0,503.035770398012
Ti-6Al-4V,200,1600,70,50,151.6,67.7,184.8,0,False,0.4465699208443272,5.0,503.035770398012
Ti-6Al-4V,200,1600,90,30,151.6,67.7,184.8,0,False,0.4465699208443272,5.0,503.035770398012
Ti-6Al-4V,200,1600,90,40,151.6,67.7,184.8,0,False,0.4465699208443272,5.0,503.035770398012
Ti-6Al-4V,200,1600,90,50,151.6,67.7,184.8,0,False,0.4465699208443272,5.0,503.035770398012
Ti-6Al-4V,200,1600,110,30,151.6,67.7,184.8,0,False,0.4465699208443272,5.0,503.035770398012
Ti-6Al-4V,200,1600,110,40,151.6,67.7,184.8,0,False,0.4465699208443272,5.0,503.035770398012
Ti-6Al-4V,200,1600,110,50,151.6,67.7,184.8,0,True,0.4465699208443272,5.0,503.035770398012
Ti-6Al-4V,200,1800,70,30,143.4,56.8,175.7,0,False,0.3960948396094839,5.0,503.035770398012
Ti-6Al-4V,200,1800,70,40,143.4,56.8,175.7,0,False,0.3960948396094839,5.0,503.035770398012
Ti-6Al-4V,200,1800,70,50,143.4,56.8,175.7,0,True,0.3960948396094839,5.0,503.035770398012
Ti-6Al-4V,200,1800,90,30,143.4,56.8,175.7,0,False,0.3960948396094839,5.0,503.035770398012
Ti-6Al-4V,200,1800,90,40,143.4,56.8,175.7,0,False,0.3960948396094839,5.0,503.035770398012
Ti-6Al-4V,200,1800,90,50,143.4,56.8,175.7,0,True,0.3960948396094839,5.0,503.035770398012
Ti-6Al-4V,200,1800,110,30,143.4,56.8,175.7,0,False,0.3960948396094839,5.0,503.035770398012
Ti-6Al-4V,200,1800,110,40,143.4,56.8,175.7,0,True,0.3960948396094839,5.0,503.035770398012
Ti-6Al-4V,200,1800,110,50,143.4,56.8,175.7,0,True,0.3960948396094839,5.0,503.035770398012
Ti-6Al-4V,200,2000,70,30,136.3,52.2,168.0,0,False,0.3829787234042553,5.0,503.035770398012
Ti-6Al-4V,200,2000,70,40,136.3,52.2,168.0,0,False,0.3829787234042553,5.0,503.035770398012
Ti-6Al-4V,200,2000,70,50,136.3,52.2,168.0,0,True,0.3829787234042553,5.0,503.035770398012
Ti-6Al-4V,200,2000,90,30,136.3,52.2,168.0,0,False,0.3829787234042553,5.0,503.035770398012
Ti-6Al-4V,200,2000,90,40,136.3,52.2,168.0,0,True,0.3829787234042553,5.0,503.035770398012
Ti-6Al-4V,200,2000,90,50,136.3,52.2,168.0,0,True,0.3829787234042553,5.0,503.035770398012
Ti-6Al-4V,200,2000,110,30,136.3,52.2,168.0,0,False,0.3829787234042553,5.0,503.035770398012
Ti-6Al-4V,200,2000,110,40,136.3,52.2,168.0,0,True,0.3829787234042553,5.0,503.035770398012
Ti-6Al-4V,200,2000,110,50,136.3,52.2,168.0,0,True,0.3829787234042553,5.0,503.035770398012
Ti-6Al-4V,250,400,70,30,313.7,344.1,1451.7,0,False,1.0969078737647435,40.0,355.7000044278334
Ti-6Al-4V,250,400,70,40,313.7,344.1,1451.7,0,False,1.0969078737647435,40.0,355.7000044278334
Ti-6Al-4V,250,400,70,50,313.7,344.1,1451.7,0,False,1.0969078737647435,40.0,355.7000044278334
Ti-6Al-4V,250,400,90,30,313.7,344.1,1451.7,0,False,1.0969078737647435,40.0,355.7000044278334
Ti-6Al-4V,250,400,90,40,313.7,344.1,1451.7,0,False,1.0969078737647435,40.0,355.7000044278334
Ti-6Al-4V,250,400,90,50,313.7,344.1,1451.7,0,False,1.0969078737647435,40.0,355.7000044278334
Ti-6Al-4V,250,400,110,30,313.7,344.1,1451.7,0,False,1.0969078737647435,40.0,355.7000044278334
Ti-6Al-4V,250,400,110,40,313.7,344.1,1451.7,0,False,1.0969078737647435,40.0,355.7000044278334
Ti-6Al-4V,250,400,110,50,313.7,344.1,1451.7,0,False,1.0969078737647435,40.0,355.7000044278334
Ti-6Al-4V,250,600,70,30,254.9,270.8,1429.6,0,False,1.0623774029030992,40.0,355.7000044278334
Ti-6Al-4V,250,600,70,40,254.9,270.8,1429.6,0,False,1.0623774029030992,40.0,355.7000044278334
Ti-6Al-4V,250,600,70,50,254.9,270.8,1429.6,0,False,1.0623774029030992,40.0,355.7000044278334
Ti-6Al-4V,250,600,90,30,254.9,270.8,1429.6,0,False,1.0623774029030992,40.0,355.7000044278334
Ti-6Al-4V,250,600,90,40,254.9,270.8,1429.6,0,False,1.0623774029030992,40.0,355.7000044278334
Ti-6Al-4V,250,600,90,50,254.9,270.8,1429.6,0,False,1.0623774029030992,40.0,355.7000044278334
Ti-6Al-4V,250,600,110,30,254.9,270.8,1429.6,0,False,1.0623774029030992,40.0,355.7000044278334
Ti-6Al-4V,250,600,110,40,254.9,270.8,1429.6,0,False,1.0623774029030992,40.0,355.7000044278334
Ti-6Al-4V,250,600,110,50,254.9,270.8,1429.6,0,False,1.0623774029030992,40.0,355.7000044278334
Ti-6Al-4V,250,800,70,30,219.4,227.1,1412.8,0,False,1.0350957155879672,40.0,355.7000044278334
Ti-6Al-4V,250,800,70,40,219.4,227.1,1412.8,0,False,1.0350957155879672,40.0,355.7000044278334
Ti-6Al-4V,250,800,70,50,219.4,227.1,1412.8,0,False,1.0350957155879672,40.0,355.7000044278334
Ti-6Al-4V,250,800,90,30,219.4,227.1,1412.8,0,False,1.0350957155879672,40.0,355.7000044278334
Ti-6Al-4V,250,800,90,40,219.4,227.1,1412.8,0,False,1.0350957155879672,40.0,355.7000044278334
Ti-6Al-4V,250,800,90,50,219.4,227.1,1412.8,0,False,1.0350957155879672,40.0,355.7000044278334
Ti-6Al-4V,250,800,110,30,219.4,227.1,1412.8,0,False,1.0350957155879672,40.0,355.7000044278334
Ti-6Al-4V,250,800,110,40,219.4,227.1,1412.8,0,False,1.0350957155879672,40.0,355.7000044278334
Ti-6Al-4V,250,800,110,50,219.4,227.1,1412.8,0,False,1.0350957155879672,40.0,355.7000044278334
Ti-6Al-4V,250,1000,70,30,193.9,194.6,1294.3,0,False,1.0036101083032491,40.0,355.7000044278334
Ti-6Al-4V,250,1000,70,40,193.9,194.6,1294.3,0,False,1.0036101083032491,40.0,355.7000044278334
Ti-6Al-4V,250,1000,70,50,193.9,194.6,1294.3,0,False,1.0036101083032491,40.0,355.7000044278334
Ti-6Al-4V,250,1000,90,30,193.9,194.6,1294.3,0,False,1.0036101083032491,40.0,355.7000044278334
Ti-6Al-4V,250,1000,90,40,193.9,194.6,1294.3,0,False,1.0036101083032491,40.0,355.7000044278334
Ti-6Al-4V,250,1000,90,50,193.9,194.6,1294.3,0,False,1.0036101083032491,40.0,355.7000044278334
Ti-6Al-4V,250,1000,110,30,193.9,194.6,1294.3,0,False,1.0036101083032491,40.0,355.7000044278334
Ti-6Al-4V,250,1000,110,40,193.9,194.6,1294.3,0,False,1.0036101083032491,40.0,355.7000044278334
Ti-6Al-4V,250,1000,110,50,193.9,194.6,1294.3,0,False,1.0036101083032491,40.0,355.7000044278334
Ti-6Al-4V,250,1200,70,30,174.1,169.8,1176.7,0,False,0.9753015508328547,40.0,355.7000044278334
Ti-6Al-4V,250,1200,70,40,174.1,169.8,1176.7,0,False,0.9753015508328547,40.0,355.7000044278334
Ti-6Al-4V,250,1200,70,50,174.1,169.8,1176.7,0,False,0.9753015508328547,40.0,355.7000044278334
Ti-6Al-4V,250,1200,90,30,174.1,169.8,1176.7,0,False,0.9753015508328547,40.0,355.7000044278334
Ti-6Al-4V,250,1200,90,40,174.1,169.8,1176.7,0,False,0.9753015508328547,40.0,355.7000044278334
Ti-6Al-4V,250,1200,90,50,174.1,169.8,1176.7,0,False,0.9753015508328547,40.0,355.7000044278334
Ti-6Al-4V,250,1200,110,30,174.1,169.8,1176.7,0,False,0.9753015508328547,40.0,355.7000044278334
Ti-6Al-4V,250,1200,110,40,174.1,169.8,1176.7,0,False,0.9753015508328547,40.0,355.7000044278334
Ti-6Al-4V,250,1200,110,50,174.1,169.8,1176.7,0,False,0.9753015508328547,40.0,355.7000044278334
Ti-6Al-4V,250,1400,70,30,179.9,87.3,215.9,0,False,0.4852695942190105,5.0,503.035770398012
Ti-6Al-4V,250,1400,70,40,179.9,87.3,215.9,0,False,0.4852695942190105,5.0,503.035770398012
Ti-6Al-4V,250,1400,70,50,179.9,87.3,215.9,0,False,0.4852695942190105,5.0,503.035770398012
Ti-6Al-4V,250,1400,90,30,179.9,87.3,215.9,0,False,0.4852695942190105,5.0,503.035770398012
Ti-6Al-4V,250,1400,90,40,179.9,87.3,215.9,0,False,0.4852695942190105,5.0,503.035770398012
Ti-6Al-4V,250,1400,90,50,179.9,87.3,215.9,0,False,0.4852695942190105,5.0,503.035770398012
Ti-6Al-4V,250,1400,110,30,179.9,87.3,215.9,0,False,0.4852695942190105,5.0,503.035770398012
Ti-6Al-4V,250,1400,110,40,179.9,87.3,215.9,0,False,0.4852695942190105,5.0,503.035770398012
Ti-6Al-4V,250,1400,110,50,179.9,87.3,215.9,0,False,0.4852695942190105,5.0,503.035770398012
Ti-6Al-4V,250,1600,70,30,169.1,80.8,204.0,0,False,0.4778237729154346,5.0,503.035770398012
Ti-6Al-4V,250,1600,70,40,169.1,80.8,204.0,0,False,0.4778237729154346,5.0,503.035770398012
Ti-6Al-4V,250,1600,70,50,169.1,80.8,204.0,0,False,0.4778237729154346,5.0,503.035770398012
Ti-6Al-4V,250,1600,90,30,169.1,80.8,204.0,0,False,0.4778237729154346,5.0,503.035770398012
Ti-6Al-4V,250,1600,90,40,169.1,80.8,204.0,0,False,0.4778237729154346,5.0,503.035770398012
Ti-6Al-4V,250,1600,90,50,169.1,80.8,204.0,0,False,0.4778237729154346,5.0,503.035770398012
Ti-6Al-4V,250,1600,110,30,169.1,80.8,204.0,0,False,0.4778237729154346,5.0,503.035770398012
Ti-6Al-4V,250,1600,110,40,169.1,80.8,204.0,0,False,0.4778237729154346,5.0,503.035770398012
Ti-6Al-4V,250,1600,110,50,169.1,80.8,204.0,0,False,0.4778237729154346,5.0,503.035770398012
Ti-6Al-4V,250,1800,70,30,160.1,75.3,194.1,0,False,0.4703310430980637,5.0,503.035770398012
Ti-6Al-4V,250,1800,70,40,160.1,75.3,194.1,0,False,0.4703310430980637,5.0,503.035770398012
Ti-6Al-4V,250,1800,70,50,160.1,75.3,194.1,0,False,0.4703310430980637,5.0,503.035770398012
Ti-6Al-4V,250,1800,90,30,160.1,75.3,194.1,0,False,0.4703310430980637,5.0,503.035770398012
Ti-6Al-4V,250,1800,90,40,160.1,75.3,194.1,0,False,0.4703310430980637,5.0,503.035770398012
Ti-6Al-4V,250,1800,90,50,160.1,75.3,194.1,0,False,0.4703310430980637,5.0,503.035770398012
Ti-6Al-4V,250,1800,110,30,160.1,75.3,194.1,0,False,0.4703310430980637,5.0,503.035770398012
Ti-6Al-4V,250,1800,110,40,160.1,75.3,194.1,0,False,0.4703310430980637,5.0,503.035770398012
Ti-6Al-4V,250,1800,110,50,160.1,75.3,194.1,0,False,0.4703310430980637,5.0,503.035770398012
Ti-6Al-4V,250,2000,70,30,152.5,70.6,185.8,0,False,0.4629508196721311,5.0,503.035770398012
Ti-6Al-4V,250,2000,70,40,152.5,70.6,185.8,0,False,0.4629508196721311,5.0,503.035770398012
Ti-6Al-4V,250,2000,70,50,152.5,70.6,185.8,0,False,0.4629508196721311,5.0,503.035770398012
Ti-6Al-4V,250,2000,90,30,152.5,70.6,185.8,0,False,0.4629508196721311,5.0,503.035770398012
Ti-6Al-4V,250,2000,90,40,152.5,70.6,185.8,0,False,0.4629508196721311,5.0,503.035770398012
Ti-6Al-4V,250,2000,90,50,152.5,70.6,185.8,0,False,0.4629508196721311,5.0,503.035770398012
Ti-6Al-4V,250,2000,110,30,152.5,70.6,185.8,0,False,0.4629508196721311,5.0,503.035770398012
Ti-6Al-4V,250,2000,110,40,152.5,70.6,185.8,0,False,0.4629508196721311,5.0,503.035770398012
Ti-6Al-4V,250,2000,110,50,152.5,70.6,185.8,0,True,0.4629508196721311,5.0,503.035770398012
Ti-6Al-4V,300,400,70,30,345.2,388.4,1740.0,0,False,1.1251448435689455,40.0,355.7000044278334
Ti-6Al-4V,300,400,70,40,345.2,388.4,1740.0,0,False,1.1251448435689455,40.0,355.7000044278334
Ti-6Al-4V,300,400,70,50,345.2,388.4,1740.0,0,False,1.1251448435689455,40.0,355.7000044278334
Ti-6Al-4V,300,400,90,30,345.2,388.4,1740.0,0,False,1.1251448435689455,40.0,355.7000044278334
Ti-6Al-4V,300,400,90,40,345.2,388.4,1740.0,0,False,1.1251448435689455,40.0,355.7000044278334
Ti-6Al-4V,300,400,90,50,345.2,388.4,1740.0,0,False,1.1251448435689455,40.0,355.7000044278334
Ti-6Al-4V,300,400,110,30,345.2,388.4,1740.0,0,False,1.1251448435689455,40.0,355.7000044278334
Ti-6Al-4V,300,400,110,40,345.2,388.4,1740.0,0,False,1.1251448435689455,40.0,355.7000044278334
Ti-6Al-4V,300,400,110,50,345.2,388.4,1740.0,0,False,1.1251448435689455,40.0,355.7000044278334
Ti-6Al-4V,300,600,70,30,280.8,306.8,1717.4,0,False,1.0925925925925926,40.0,355.7000044278334
Ti-6Al-4V,300,600,70,40,280.8,306.8,1717.4,0,False,1.0925925925925926,40.0,355.7000044278334
Ti-6Al-4V,300,600,70,50,280.8,306.8,1717.4,0,False,1.0925925925925926,40.0,355.7000044278334
Ti-6Al-4V,300,600,90,30,280.8,306.8,1717.4,0,False,1.0925925925925926,40.0,355.7000044278334
Ti-6Al-4V,300,600,90,40,280.8,306.8,1717.4,0,False,1.0925925925925926,40.0,355.7000044278334
Ti-6Al-4V,300,600,90,50,280.8,306.8,1717.4,0,False,1.0925925925925926,40.0,355.7000044278334
Ti-6Al-4V,300,600,110,30,280.8,306.8,1717.4,0,False,1.0925925925925926,40.0,355.7000044278334
Ti-6Al-4V,300,600,110,40,280.8,306.8,1717.4,0,False,1.0925925925925926,40.0,355.7000044278334
Ti-6Al-4V,300,600,110,50,280.8,306.8,1717.4,0,False,1.0925925925925926,40.0,355.7000044278334
Ti-6Al-4V,300,800,70,30,241.1,255.6,1590.8,0,False,1.060141020323517,40.0,355.7000044278334
Ti-6Al-4V,300,800,70,40,241.1,255.6,1590.8,0,False,1.060141020323517,40.0,355.7000044278334
Ti-6Al-4V,300,800,70,50,241.1,255.6,1590.8,0,False,1.060141020323517,40.0,355.7000044278334
Ti-6Al-4V,300,800,90,30,241.1,255.6,1590.8,0,False,1.060141020323517,40.0,355.7000044278334
Ti-6Al-4V,300,800,90,40,241.1,255.6,1590.8,0,False,1.060141020323517,40.0,355.7000044278334
Ti-6Al-4V,300,800,90,50,241.1,255.6,1590.8,0,False,1.060141020323517,40.0,355.7000044278334
Ti-6Al-4V,300,800,110,30,241.1,255.6,1590.8,0,False,1.060141020323517,40.0,355.7000044278334
Ti-6Al-4V,300,800,110,40,241.1,255.6,1590.8,0,False,1.060141020323517,40.0,355.7000044278334
Ti-6Al-4V,300,800,110,50,241.1,255.6,1590.8,0,False,1.060141020323517,40.0,355.7000044278334
Ti-6Al-4V,300,1000,70,30,212.4,218.5,1418.3,0,False,1.0287193973634652,40.0,355.7000044278334
Ti-6Al-4V,300,1000,70,40,212.4,218.5,1418.3,0,False,1.0287193973634652,40.0,355.7000044278334
Ti-6Al-4V,300,1000,70,50,212.4,218.5,1418.3,0,False,1.0287193973634652,40.0,355.7000044278334
Ti-6Al-4V,300,1000,90,30,212.4,218.5,1418.3,0,False,1.0287193973634652,40.0,355.7000044278334
Ti-6Al-4V,300,1000,90,40,212.4,218.5,1418.3,0,False,1.0287193973634652,40.0,355.7000044278334
Ti-6Al-4V,300,1000,90,50,212.4,218.5,1418.3,0,False,1.0287193973634652,40.0,355.7000044278334
Ti-6Al-4V,300,1000,110,30,212.4,218.5,1418.3,0,False,1.0287193973634652,40.0,355.7000044278334
Ti-6Al-4V,300,1000,110,40,212.4,218.5,1418.3,0,False,1.0287193973634652,40.0,355.7000044278334
Ti-6Al-4V,300,1000,110,50,212.4,218.5,1418.3,0,False,1.0287193973634652,40.0,355.7000044278334
Ti-6Al-4V,300,1200,70,30,190.5,191.2,1290.5,0,False,1.0036745406824146,40.0,355.7000044278334
Ti-6Al-4V,300,1200,70,40,190.5,191.2,1290.5,0,False,1.0036745406824146,40.0,355.7000044278334
Ti-6Al-4V,300,1200,70,50,190.5,191.2,1290.5,0,False,1.0036745406824146,40.0,355.7000044278334
Ti-6Al-4V,300,1200,90,30,190.5,191.2,1290.5,0,False,1.0036745406824146,40.0,355.7000044278334
Ti-6Al-4V,300,1200,90,40,190.5,191.2,1290.5,0,False,1.0036745406824146,40.0,355.7000044278334
Ti-6Al-4V,300,1200,90,50,190.5,191.2,1290.5,0,False,1.0036745406824146,40.0,355.7000044278334
Ti-6Al-4V,300,1200,110,30,190.5,191.2,1290.5,0,False,1.0036745406824146,40.0,355.7000044278334
Ti-6Al-4V,300,1200,110,40,190.5,191.2,1290.5,0,False,1.0036745406824146,40.0,355.7000044278334
Ti-6Al-4V,300,1200,110,50,190.5,191.2,1290.5,0,False,1.0036745406824146,40.0,355.7000044278334
Ti-6Al-4V,300,1400,70,30,173.1,170.1,1190.9,0,False,0.9826689774696707,40.0,355.7000044278334
Ti-6Al-4V,300,1400,70,40,173.1,170.1,1190.9,0,False,0.9826689774696707,40.0,355.7000044278334
Ti-6Al-4V,300,1400,70,50,173.1,170.1,1190.9,0,False,0.9826689774696707,40.0,355.7000044278334
Ti-6Al-4V,300,1400,90,30,173.1,170.1,1190.9,0,False,0.9826689774696707,40.0,355.7000044278334
Ti-6Al-4V,300,1400,90,40,173.1,170.1,1190.9,0,False,0.9826689774696707,40.0,355.7000044278334
Ti-6Al-4V,300,1400,90,50,173.1,170.1,1190.9,0,False,0.9826689774696707,40.0,355.7000044278334
Ti-6Al-4V,300,1400,110,30,173.1,170.1,1190.9,0,False,0.9826689774696707,40.0,355.7000044278334
Ti-6Al-4V,300,1400,110,40,173.1,170.1,1190.9,0,False,0.9826689774696707,40.0,355.7000044278334
Ti-6Al-4V,300,1400,110,50,173.1,170.1,1190.9,0,False,0.9826689774696707,40.0,355.7000044278334
Ti-6Al-4V,300,1600,70,30,184.2,91.7,220.6,0,False,0.497828447339848,5.0,503.035770398012
Ti-6Al-4V,300,1600,70,40,184.2,91.7,220.6,0,False,0.497828447339848,5.0,503.035770398012
Ti-6Al-4V,300,1600,70,50,184.2,91.7,220.6,0,False,0.497828447339848,5.0,503.035770398012
Ti-6Al-4V,300,1600,90,30,184.2,91.7,220.6,0,False,0.497828447339848,5.0,503.035770398012
Ti-6Al-4V,300,1600,90,40,184.2,91.7,220.6,0,False,0.497828447339848,5.0,503.035770398012
Ti-6Al-4V,300,1600,90,50,184.2,91.7,220.6,0,False,0.497828447339848,5.0,503.035770398012
Ti-6Al-4V,300,1600,110,30,184.2,91.7,220.6,0,False,0.497828447339848,5.0,503.035770398012
Ti-6Al-4V,300,1600,110,40,184.2,91.7,220.6,0,False,0.497828447339848,5.0,503.035770398012
Ti-6Al-4V,300,1600,110,50,184.2,91.7,220.6,0,False,0.497828447339848,5.0,503.035770398012
Ti-6Al-4V,300,1800,70,30,174.4,85.8,209.9,0,False,0.4919724770642201,5.0,503.035770398012
Ti-6Al-4V,300,1800,70,40,174.4,85.8,209.9,0,False,0.4919724770642201,5.0,503.035770398012
Ti-6Al-4V,300,1800,70,50,174.4,85.8,209.9,0,False,0.4919724770642201,5.0,503.035770398012
Ti-6Al-4V,300,1800,90,30,174.4,85.8,209.9,0,False,0.4919724770642201,5.0,503.035770398012
Ti-6Al-4V,300,1800,90,40,174.4,85.8,209.9,0,False,0.4919724770642201,5.0,503.035770398012
Ti-6Al-4V,300,1800,90,50,174.4,85.8,209.9,0,False,0.4919724770642201,5.0,503.035770398012
Ti-6Al-4V,300,1800,110,30,174.4,85.8,209.9,0,False,0.4919724770642201,5.0,503.035770398012
Ti-6Al-4V,300,1800,110,40,174.4,85.8,209.9,0,False,0.4919724770642201,5.0,503.035770398012
Ti-6Al-4V,300,1800,110,50,174.4,85.8,209.9,0,False,0.4919724770642201,5.0,503.035770398012
Ti-6Al-4V,300,2000,70,30,166.2,80.8,200.8,0,False,0.4861612515042118,5.0,503.035770398012
Ti-6Al-4V,300,2000,70,40,166.2,80.8,200.8,0,False,0.4861612515042118,5.0,503.035770398012
Ti-6Al-4V,300,2000,70,50,166.2,80.8,200.8,0,False,0.4861612515042118,5.0,503.035770398012
Ti-6Al-4V,300,2000,90,30,166.2,80.8,200.8,0,False,0.4861612515042118,5.0,503.035770398012
Ti-6Al-4V,300,2000,90,40,166.2,80.8,200.8,0,False,0.4861612515042118,5.0,503.035770398012
Ti-6Al-4V,300,2000,90,50,166.2,80.8,200.8,0,False,0.4861612515042118,5.0,503.035770398012
Ti-6Al-4V,300,2000,110,30,166.2,80.8,200.8,0,False,0.4861612515042118,5.0,503.035770398012
Ti-6Al-4V,300,2000,110,40,166.2,80.8,200.8,0,False,0.4861612515042118,5.0,503.035770398012
Ti-6Al-4V,300,2000,110,50,166.2,80.8,200.8,0,False,0.4861612515042118,5.0,503.035770398012
Ti-6Al-4V,350,400,70,30,374.1,429.3,2027.9,0,False,1.1475541299117882,40.0,355.7000044278334
Ti-6Al-4V,350,400,70,40,374.1,429.3,2027.9,0,False,1.1475541299117882,40.0,355.7000044278334
Ti-6Al-4V,350,400,70,50,374.1,429.3,2027.9,0,False,1.1475541299117882,40.0,355.7000044278334
Ti-6Al-4V,350,400,90,30,374.1,429.3,2027.9,0,False,1.1475541299117882,40.0,355.7000044278334
Ti-6Al-4V,350,400,90,40,374.1,429.3,2027.9,0,False,1.1475541299117882,40.0,355.7000044278334
Ti-6Al-4V,350,400,90,50,374.1,429.3,2027.9,0,False,1.1475541299117882,40.0,355.7000044278334
Ti-6Al-4V,350,400,110,30,374.1,429.3,2027.9,0,False,1.1475541299117882,40.0,355.7000044278334
Ti-6Al-4V,350,400,110,40,374.1,429.3,2027.9,0,False,1.1475541299117882,40.0,355.7000044278334
Ti-6Al-4V,350,400,110,50,374.1,429.3,2027.9,0,False,1.1475541299117882,40.0,355.7000044278334
Ti-6Al-4V,350,600,70,30,304.4,339.6,1990.1,0,False,1.1156373193166886,40.0,355.7000044278334
Ti-6Al-4V,350,600,70,40,304.4,339.6,1990.1,0,False,1.1156373193166886,40.0,355.7000044278334
Ti-6Al-4V,350,600,70,50,304.4,339.6,1990.1,0,False,1.1156373193166886,40.0,355.7000044278334
Ti-6Al-4V,350,600,90,30,304.4,339.6,1990.1,0,False,1.1156373193166886,40.0,355.7000044278334
Ti-6Al-4V,350,600,90,40,304.4,339.6,1990.1,0,False,1.1156373193166886,40.0,355.7000044278334
Ti-6Al-4V,350,600,90,50,304.4,339.6,1990.1,0,False,1.1156373193166886,40.0,355.7000044278334
Ti-6Al-4V,350,600,110,30,304.4,339.6,1990.1,0,False,1.1156373193166886,40.0,355.7000044278334
Ti-6Al-4V,350,600,110,40,304.4,339.6,1990.1,0,False,1.1156373193166886,40.0,355.7000044278334
Ti-6Al-4V,350,600,110,50,304.4,339.6,1990.1,0,False,1.1156373193166886,40.0,355.7000044278334
Ti-6Al-4V,350,800,70,30,260.1,280.1,1718.1,0,False,1.076893502499039,40.0,355.7000044278334
Ti-6Al-4V,350,800,70,40,260.1,280.1,1718.1,0,False,1.076893502499039,40.0,355.7000044278334
Ti-6Al-4V,350,800,70,50,260.1,280.1,1718.1,0,False,1.076893502499039,40.0,355.7000044278334
Ti-6Al-4V,350,800,90,30,260.1,280.1,1718.1,0,False,1.076893502499039,40.0,355.7000044278334
Ti-6Al-4V,350,800,90,40,260.1,280.1,1718.1,0,False,1.076893502499039,40.0,355.7000044278334
Ti-6Al-4V,350,800,90,50,260.1,280.1,1718.1,0,False,1.076893502499039,40.0,355.7000044278334
Ti-6Al-4V,350,800,110,30,260.1,280.1,1718.1,0,False,1.076893502499039,40.0,355.7000044278334
Ti-6Al-4V,350,800,110,40,260.1,280.1,1718.1,0,False,1.076893502499039,40.0,355.7000044278334
Ti-6Al-4V,350,800,110,50,260.1,280.1,1718.1,0,False,1.076893502499039,40.0,355.7000044278334
Ti-6Al-4V,350,1000,70,30,228.6,239.6,1532.1,0,False,1.048118985126859,40.0,355.7000044278334
Ti-6Al-4V,350,1000,70,40,228.6,239.6,1532.1,0,False,1.048118985126859,40.0,355.7000044278334
Ti-6Al-4V,350,1000,70,50,228.6,239.6,1532.1,0,False,1.048118985126859,40.0,355.7000044278334
Ti-6Al-4V,350,1000,90,30,228.6,239.6,1532.1,0,False,1.048118985126859,40.0,355.7000044278334
Ti-6Al-4V,350,1000,90,40,228.6,239.6,1532.1,0,False,1.048118985126859,40.0,355.7000044278334
Ti-6Al-4V,350,1000,90,50,228.6,239.6,1532.1,0,False,1.048118985126859,40.0,355.7000044278334
Ti-6Al-4V,350,1000,110,30,228.6,239.6,1532.1,0,False,1.048118985126859,40.0,355.7000044278334
Ti-6Al-4V,350,1000,110,40,228.6,239.6,1532.1,0,False,1.048118985126859,40.0,355.7000044278334
Ti-6Al-4V,350,1000,110,50,228.6,239.6,1532.1,0,False,1.048118985126859,40.0,355.7000044278334
Ti-6Al-4V,350,1200,70,30,204.8,210.0,1394.6,0,False,1.025390625,40.0,355.7000044278334
Ti-6Al-4V,350,1200,70,40,204.8,210.0,1394.6,0,False,1.025390625,40.0,355.7000044278334
Ti-6Al-4V,350,1200,70,50,204.8,210.0,1394.6,0,False,1.025390625,40.0,355.7000044278334
Ti-6Al-4V,350,1200,90,30,204.8,210.0,1394.6,0,False,1.025390625,40.0,355.7000044278334
Ti-6Al-4V,350,1200,90,40,204.8,210.0,1394.6,0,False,1.025390625,40.0,355.7000044278334
Ti-6Al-4V,350,1200,90,50,204.8,210.0,1394.6,0,False,1.025390625,40.0,355.7000044278334
Ti-6Al-4V,350,1200,110,30,204.8,210.0,1394.6,0,False,1.025390625,40.0,355.7000044278334
Ti-6Al-4V,350,1200,110,40,204.8,210.0,1394.6,0,False,1.025390625,40.0,355.7000044278334
Ti-6Al-4V,350,1200,110,50,204.8,210.0,1394.6,0,False,1.025390625,40.0,355.7000044278334
Ti-6Al-4V,350,1400,70,30,186.1,187.1,1287.3,0,False,1.0053734551316496,40.0,355.7000044278334
Ti-6Al-4V,350,1400,70,40,186.1,187.1,1287.3,0,False,1.0053734551316496,40.0,355.7000044278334
Ti-6Al-4V,350,1400,70,50,186.1,187.1,1287.3,0,False,1.0053734551316496,40.0,355.7000044278334
Ti-6Al-4V,350,1400,90,30,186.1,187.1,1287.3,0,False,1.0053734551316496,40.0,355.7000044278334
Ti-6Al-4V,350,1400,90,40,186.1,187.1,1287.3,0,False,1.0053734551316496,40.0,355.7000044278334
Ti-6Al-4V,350,1400,90,50,186.1,187.1,1287.3,0,False,1.0053734551316496,40.0,355.7000044278334
Ti-6Al-4V,350,1400,110,30,186.1,187.1,1287.3,0,False,1.0053734551316496,40.0,355.7000044278334
Ti-6Al-4V,350,1400,110,40,186.1,187.1,1287.3,0,False,1.0053734551316496,40.0,355.7000044278334
Ti-6Al-4V,350,1400,110,50,186.1,187.1,1287.3,0,False,1.0053734551316496,40.0,355.7000044278334
Ti-6Al-4V,350,1600,70,30,197.8,101.4,235.6,0,False,0.512639029322548,5.0,503.035770398012
Ti-6Al-4V,350,1600,70,40,197.8,101.4,235.6,0,False,0.512639029322548,5.0,503.035770398012
Ti-6Al-4V,350,1600,70,50,197.8,101.4,235.6,0,False,0.512639029322548,5.0,503.035770398012
Ti-6Al-4V,350,1600,90,30,197.8,101.4,235.6,0,False,0.512639029322548,5.0,503.035770398012
Ti-6Al-4V,350,1600,90,40,197.8,101.4,235.6,0,False,0.512639029322548,5.0,503.035770398012
Ti-6Al-4V,350,1600,90,50,197.8,101.4,235.6,0,False,0.512639029322548,5.0,503.035770398012
Ti-6Al-4V,350,1600,110,30,197.8,101.4,235.6,0,False,0.512639029322548,5.0,503.035770398012
Ti-6Al-4V,350,1600,110,40,197.8,101.4,235.6,0,False,0.512639029322548,5.0,503.035770398012
Ti-6Al-4V,350,1600,110,50,197.8,101.4,235.6,0,False,0.512639029322548,5.0,503.035770398012
Ti-6Al-4V,350,1800,70,30,187.3,95.0,224.1,0,False,0.5072076882007475,5.0,503.035770398012
Ti-6Al-4V,350,1800,70,40,187.3,95.0,224.1,0,False,0.5072076882007475,5.0,503.035770398012
Ti-6Al-4V,350,1800,70,50,187.3,95.0,224.1,0,False,0.5072076882007475,5.0,503.035770398012
Ti-6Al-4V,350,1800,90,30,187.3,95.0,224.1,0,False,0.5072076882007475,5.0,503.035770398012
Ti-6Al-4V,350,1800,90,40,187.3,95.0,224.1,0,False,0.5072076882007475,5.0,503.035770398012
Ti-6Al-4V,350,1800,90,50,187.3,95.0,224.1,0,False,0.5072076882007475,5.0,503.035770398012
Ti-6Al-4V,350,1800,110,30,187.3,95.0,224.1,0,False,0.5072076882007475,5.0,503.035770398012
Ti-6Al-4V,350,1800,110,40,187.3,95.0,224.1,0,False,0.5072076882007475,5.0,503.035770398012
Ti-6Al-4V,350,1800,110,50,187.3,95.0,224.1,0,False,0.5072076882007475,5.0,503.035770398012
Ti-6Al-4V,350,2000,70,30,178.5,89.6,214.3,0,False,0.5019607843137255,5.0,503.035770398012
Ti-6Al-4V,350,2000,70,40,178.5,89.6,214.3,0,False,0.5019607843137255,5.0,503.035770398012
Ti-6Al-4V,350,2000,70,50,178.5,89.6,214.3,0,False,0.5019607843137255,5.0,503.035770398012
Ti-6Al-4V,350,2000,90,30,178.5,89.6,214.3,0,False,0.5019607843137255,5.0,503.035770398012
Ti-6Al-4V,350,2000,90,40,178.5,89.6,214.3,0,False,0.5019607843137255,5.0,503.035770398012
Ti-6Al-4V,350,2000,90,50,178.5,89.6,214.3,0,False,0.5019607843137255,5.0,503.035770398012
Ti-6Al-4V,350,2000,110,30,178.5,89.6,214.3,0,False,0.5019607843137255,5.0,503.035770398012
Ti-6Al-4V,350,2000,110,40,178.5,89.6,214.3,0,False,0.5019607843137255,5.0,503.035770398012
Ti-6Al-4V,350,2000,110,50,178.5,89.6,214.3,0,False,0.5019607843137255,5.0,503.035770398012
Ti-6Al-4V,400,400,70,30,400.9,467.7,2315.6,0,False,1.166625093539536,40.0,355.7000044278334
Ti-6Al-4V,400,400,70,40,400.9,467.7,2315.6,0,False,1.166625093539536,40.0,355.7000044278334
Ti-6Al-4V,400,400,70,50,400.9,467.7,2315.6,0,False,1.166625093539536,40.0,355.7000044278334
Ti-6Al-4V,400,400,90,30,400.9,467.7,2315.6,0,False,1.166625093539536,40.0,355.7000044278334
Ti-6Al-4V,400,400,90,40,400.9,467.7,2315.6,0,False,1.166625093539536,40.0,355.7000044278334
Ti-6Al-4V,400,400,90,50,400.9,467.7,2315.6,0,False,1.166625093539536,40.0,355.7000044278334
Ti-6Al-4V,400,400,110,30,400.9,467.7,2315.6,0,False,1.166625093539536,40.0,355.7000044278334
Ti-6Al-4V,400,400,110,40,400.9,467.7,2315.6,0,False,1.166625093539536,40.0,355.7000044278334
Ti-6Al-4V,400,400,110,50,400.9,467.7,2315.6,0,False,1.166625093539536,40.0,355.7000044278334
Ti-6Al-4V,400,600,70,30,325.3,366.8,2126.8,0,False,1.1275745465723948,40.0,355.7000044278334
Ti-6Al-4V,400,600,70,40,325.3,366.8,2126.8,0,False,1.1275745465723948,40.0,355.7000044278334
Ti-6Al-4V,400,600,70,50,325.3,366.8,2126.8,0,False,1.1275745465723948,40.0,355.7000044278334
Ti-6Al-4V,400,600,90,30,325.3,366.8,2126.8,0,False,1.1275745465723948,40.0,355.7000044278334
Ti-6Al-4V,400,600,90,40,325.3,366.8,2126.8,0,False,1.1275745465723948,40.0,355.7000044278334
Ti-6Al-4V,400,600,90,50,325.3,366.8,2126.8,0,False,1.1275745465723948,40.0,355.7000044278334
Ti-6Al-4V,400,600,110,30,325.3,366.8,2126.8,0,False,1.1275745465723948,40.0,355.7000044278334
Ti-6Al-4V,400,600,110,40,325.3,366.8,2126.8,0,False,1.1275745465723948,40.0,355.7000044278334
Ti-6Al-4V,400,600,110,50,325.3,366.8,2126.8,0,False,1.1275745465723948,40.0,355.7000044278334
Ti-6Al-4V,400,800,70,30,277.1,302.4,1836.4,0,False,1.0913027787802236,40.0,355.7000044278334
Ti-6Al-4V,400,800,70,40,277.1,302.4,1836.4,0,False,1.0913027787802236,40.0,355.7000044278334
Ti-6Al-4V,400,800,70,50,277.1,302.4,1836.4,0,False,1.0913027787802236,40.0,355.7000044278334
Ti-6Al-4V,400,800,90,30,277.1,302.4,1836.4,0,False,1.0913027787802236,40.0,355.7000044278334
Ti-6Al-4V,400,800,90,40,277.1,302.4,1836.4,0,False,1.0913027787802236,40.0,355.7000044278334
Ti-6Al-4V,400,800,90,50,277.1,302.4,1836.4,0,False,1.0913027787802236,40.0,355.7000044278334
Ti-6Al-4V,400,800,110,30,277.1,302.4,1836.4,0,False,1.0913027787802236,40.0,355.7000044278334
Ti-6Al-4V,400,800,110,40,277.1,302.4,1836.4,0,False,1.0913027787802236,40.0,355.7000044278334
Ti-6Al-4V,400,800,110,50,277.1,302.4,1836.4,0,False,1.0913027787802236,40.0,355.7000044278334
Ti-6Al-4V,400,1000,70,30,243.2,258.8,1638.0,0,False,1.0641447368421053,40.0,355.7000044278334
Ti-6Al-4V,400,1000,70,40,243.2,258.8,1638.0,0,False,1.0641447368421053,40.0,355.7000044278334
Ti-6Al-4V,400,1000,70,50,243.2,258.8,1638.0,0,False,1.0641447368421053,40.0,355.7000044278334
Ti-6Al-4V,400,1000,90,30,243.2,258.8,1638.0,0,False,1.0641447368421053,40.0,355.7000044278334
Ti-6Al-4V,400,1000,90,40,243.2,258.8,1638.0,0,False,1.0641447368421053,40.0,355.7000044278334
Ti-6Al-4V,400,1000,90,50,243.2,258.8,1638.0,0,False,1.0641447368421053,40.0,355.7000044278334
Ti-6Al-4V,400,1000,110,30,243.2,258.8,1638.0,0,False,1.0641447368421053,40.0,355.7000044278334
Ti-6Al-4V,400,1000,110,40,243.2,258.8,1638.0,0,False,1.0641447368421053,40.0,355.7000044278334
Ti-6Al-4V,400,1000,110,50,243.2,258.8,1638.0,0,False,1.0641447368421053,40.0,355.7000044278334
Ti-6Al-4V,400,1200,70,30,217.7,226.9,1491.3,0,False,1.0422599908130457,40.0,355.7000044278334
Ti-6Al-4V,400,1200,70,40,217.7,226.9,1491.3,0,False,1.0422599908130457,40.0,355.7000044278334
Ti-6Al-4V,400,1200,70,50,217.7,226.9,1491.3,0,False,1.0422599908130457,40.0,355.7000044278334
Ti-6Al-4V,400,1200,90,30,217.7,226.9,1491.3,0,False,1.0422599908130457,40.0,355.7000044278334
Ti-6Al-4V,400,1200,90,40,217.7,226.9,1491.3,0,False,1.0422599908130457,40.0,355.7000044278334
Ti-6Al-4V,400,1200,90,50,217.7,226.9,1491.3,0,False,1.0422599908130457,40.0,355.7000044278334
Ti-6Al-4V,400,1200,110,30,217.7,226.9,1491.3,0,False,1.0422599908130457,40.0,355.7000044278334
Ti-6Al-4V,400,1200,110,40,217.7,226.9,1491.3,0,False,1.0422599908130457,40.0,355.7000044278334
Ti-6Al-4V,400,1200,110,50,217.7,226.9,1491.3,0,False,1.0422599908130457,40.0,355.7000044278334
Ti-6Al-4V,400,1400,70,30,197.7,202.4,1376.9,0,False,1.0237733940313607,40.0,355.7000044278334
Ti-6Al-4V,400,1400,70,40,197.7,202.4,1376.9,0,False,1.0237733940313607,40.0,355.7000044278334
Ti-6Al-4V,400,1400,70,50,197.7,202.4,1376.9,0,False,1.0237733940313607,40.0,355.7000044278334
Ti-6Al-4V,400,1400,90,30,197.7,202.4,1376.9,0,False,1.0237733940313607,40.0,355.7000044278334
Ti-6Al-4V,400,1400,90,40,197.7,202.4,1376.9,0,False,1.0237733940313607,40.0,355.7000044278334
Ti-6Al-4V,400,1400,90,50,197.7,202.4,1376.9,0,False,1.0237733940313607,40.0,355.7000044278334
Ti-6Al-4V,400,1400,110,30,197.7,202.4,1376.9,0,False,1.0237733940313607,40.0,355.7000044278334
Ti-6Al-4V,400,1400,110,40,197.7,202.4,1376.9,0,False,1.0237733940313607,40.0,355.7000044278334
Ti-6Al-4V,400,1400,110,50,197.7,202.4,1376.9,0,False,1.0237733940313607,40.0,355.7000044278334
Ti-6Al-4V,400,1600,70,30,210.6,110.5,249.6,0,False,0.5246913580246914,5.0,503.035770398012
Ti-6Al-4V,400,1600,70,40,210.6,110.5,249.6,0,False,0.5246913580246914,5.0,503.035770398012
Ti-6Al-4V,400,1600,70,50,210.6,110.5,249.6,0,False,0.5246913580246914,5.0,503.035770398012
Ti-6Al-4V,400,1600,90,30,210.6,110.5,249.6,0,False,0.5246913580246914,5.0,503.035770398012
Ti-6Al-4V,400,1600,90,40,210.6,110.5,249.6,0,False,0.5246913580246914,5.0,503.035770398012
Ti-6Al-4V,400,1600,90,50,210.6,110.5,249.6,0,False,0.5246913580246914,5.0,503.035770398012
Ti-6Al-4V,400,1600,110,30,210.6,110.5,249.6,0,False,0.5246913580246914,5.0,503.035770398012
Ti-6Al-4V,400,1600,110,40,210.6,110.5,249.6,0,False,0.5246913580246914,5.0,503.035770398012
Ti-6Al-4V,400,1600,110,50,210.6,110.5,249.6,0,False,0.5246913580246914,5.0,503.035770398012
Ti-6Al-4V,400,1800,70,30,199.3,103.5,237.2,0,False,0.5193176116407425,5.0,503.035770398012
Ti-6Al-4V,400,1800,70,40,199.3,103.5,237.2,0,False,0.5193176116407425,5.0,503.035770398012
Ti-6Al-4V,400,1800,70,50,199.3,103.5,237.2,0,False,0.5193176116407425,5.0,503.035770398012
Ti-6Al-4V,400,1800,90,30,199.3,103.5,237.2,0,False,0.5193176116407425,5.0,503.035770398012
Ti-6Al-4V,400,1800,90,40,199.3,103.5,237.2,0,False,0.5193176116407425,5.0,503.035770398012
Ti-6Al-4V,400,1800,90,50,199.3,103.5,237.2,0,False,0.5193176116407425,5.0,503.035770398012
Ti-6Al-4V,400,1800,110,30,199.3,103.5,237.2,0,False,0.5193176116407425,5.0,503.035770398012
Ti-6Al-4V,400,1800,110,40,199.3,103.5,237.2,0,False,0.5193176116407425,5.0,503.035770398012
Ti-6Al-4V,400,1800,110,50,199.3,103.5,237.2,0,False,0.5193176116407425,5.0,503.035770398012
Ti-6Al-4V,400,2000,70,30,189.8,97.7,226.8,0,False,0.5147523709167544,5.0,503.035770398012
Ti-6Al-4V,400,2000,70,40,189.8,97.7,226.8,0,False,0.5147523709167544,5.0,503.035770398012
Ti-6Al-4V,400,2000,70,50,189.8,97.7,226.8,0,False,0.5147523709167544,5.0,503.035770398012
Ti-6Al-4V,400,2000,90,30,189.8,97.7,226.8,0,False,0.5147523709167544,5.0,503.035770398012
Ti-6Al-4V,400,2000,90,40,189.8,97.7,226.8,0,False,0.5147523709167544,5.0,503.035770398012
Ti-6Al-4V,400,2000,90,50,189.8,97.7,226.8,0,False,0.5147523709167544,5.0,503.035770398012
Ti-6Al-4V,400,2000,110,30,189.8,97.7,226.8,0,False,0.5147523709167544,5.0,503.035770398012
Ti-6Al-4V,400,2000,110,40,189.8,97.7,226.8,0,False,0.5147523709167544,5.0,503.035770398012
Ti-6Al-4V,400,2000,110,50,189.8,97.7,226.8,0,False,0.5147523709167544,5.0,503.035770398012
Ti-6Al-4V,450,400,70,30,426.0,503.9,2603.1,0,False,1.1828638497652582,40.0,355.7000044278334
Ti-6Al-4V,450,400,70,40,426.0,503.9,2603.1,0,False,1.1828638497652582,40.0,355.7000044278334
Ti-6Al-4V,450,400,70,50,426.0,503.9,2603.1,0,False,1.1828638497652582,40.0,355.7000044278334
Ti-6Al-4V,450,400,90,30,426.0,503.9,2603.1,0,False,1.1828638497652582,40.0,355.7000044278334
Ti-6Al-4V,450,400,90,40,426.0,503.9,2603.1,0,False,1.1828638497652582,40.0,355.7000044278334
Ti-6Al-4V,450,400,90,50,426.0,503.9,2603.1,0,False,1.1828638497652582,40.0,355.7000044278334
Ti-6Al-4V,450,400,110,30,426.0,503.9,2603.1,0,False,1.1828638497652582,40.0,355.7000044278334
Ti-6Al-4V,450,400,110,40,426.0,503.9,2603.1,0,False,1.1828638497652582,40.0,355.7000044278334
Ti-6Al-4V,450,400,110,50,426.0,503.9,2603.1,0,False,1.1828638497652582,40.0,355.7000044278334
Ti-6Al-4V,450,600,70,30,344.4,391.8,2255.1,0,False,1.137630662020906,40.0,355.7000044278334
Ti-6Al-4V,450,600,70,40,344.4,391.8,2255.1,0,False,1.137630662020906,40.0,355.7000044278334
Ti-6Al-4V,450,600,70,50,344.4,391.8,2255.1,0,False,1.137630662020906,40.0,355.7000044278334
Ti-6Al-4V,450,600,90,30,344.4,391.8,2255.1,0,False,1.137630662020906,40.0,355.7000044278334
Ti-6Al-4V,450,600,90,40,344.4,391.8,2255.1,0,False,1.137630662020906,40.0,355.7000044278334
Ti-6Al-4V,450,600,90,50,344.4,391.8,2255.1,0,False,1.137630662020906,40.0,355.7000044278334
Ti-6Al-4V,450,600,110,30,344.4,391.8,2255.1,0,False,1.137630662020906,40.0,355.7000044278334
Ti-6Al-4V,450,600,110,40,344.4,391.8,2255.1,0,False,1.137630662020906,40.0,355.7000044278334
Ti-6Al-4V,450,600,110,50,344.4,391.8,2255.1,0,False,1.137630662020906,40.0,355.7000044278334
Ti-6Al-4V,450,800,70,30,292.6,322.8,1947.6,0,False,1.103212576896787,40.0,355.7000044278334
Ti-6Al-4V,450,800,70,40,292.6,322.8,1947.6,0,False,1.103212576896787,40.0,355.7000044278334
Ti-6Al-4V,450,800,70,50,292.6,322.8,1947.6,0,False,1.103212576896787,40.0,355.7000044278334
Ti-6Al-4V,450,800,90,30,292.6,322.8,1947.6,0,False,1.103212576896787,40.0,355.7000044278334
Ti-6Al-4V,450,800,90,40,292.6,322.8,1947.6,0,False,1.103212576896787,40.0,355.7000044278334
Ti-6Al-4V,450,800,90,50,292.6,322.8,1947.6,0,False,1.103212576896787,40.0,355.7000044278334
Ti-6Al-4V,450,800,110,30,292.6,322.8,1947.6,0,False,1.103212576896787,40.0,355.7000044278334
Ti-6Al-4V,450,800,110,40,292.6,322.8,1947.6,0,False,1.103212576896787,40.0,355.7000044278334
Ti-6Al-4V,450,800,110,50,292.6,322.8,1947.6,0,False,1.103212576896787,40.0,355.7000044278334
Ti-6Al-4V,450,1000,70,30,256.5,276.3,1737.5,0,False,1.0771929824561404,40.0,355.7000044278334
Ti-6Al-4V,450,1000,70,40,256.5,276.3,1737.5,0,False,1.0771929824561404,40.0,355.7000044278334
Ti-6Al-4V,450,1000,70,50,256.5,276.3,1737.5,0,False,1.0771929824561404,40.0,355.7000044278334
Ti-6Al-4V,450,1000,90,30,256.5,276.3,1737.5,0,False,1.0771929824561404,40.0,355.7000044278334
Ti-6Al-4V,450,1000,90,40,256.5,276.3,1737.5,0,False,1.0771929824561404,40.0,355.7000044278334
Ti-6Al-4V,450,1000,90,50,256.5,276.3,1737.5,0,False,1.0771929824561404,40.0,355.7000044278334
Ti-6Al-4V,450,1000,110,30,256.5,276.3,1737.5,0,False,1.0771929824561404,40.0,355.7000044278334
Ti-6Al-4V,450,1000,110,40,256.5,276.3,1737.5,0,False,1.0771929824561404,40.0,355.7000044278334
Ti-6Al-4V,450,1000,110,50,256.5,276.3,1737.5,0,False,1.0771929824561404,40.0,355.7000044278334
Ti-6Al-4V,450,1200,70,30,229.4,242.5,1582.1,0,False,1.0571054925893637,40.0,355.7000044278334
Ti-6Al-4V,450,1200,70,40,229.4,242.5,1582.1,0,False,1.0571054925893637,40.0,355.7000044278334
Ti-6Al-4V,450,1200,70,50,229.4,242.5,1582.1,0,False,1.0571054925893637,40.0,355.7000044278334
Ti-6Al-4V,450,1200,90,30,229.4,242.5,1582.1,0,False,1.0571054925893637,40.0,355.7000044278334
Ti-6Al-4V,450,1200,90,40,229.4,242.5,1582.1,0,False,1.0571054925893637,40.0,355.7000044278334
Ti-6Al-4V,450,1200,90,50,229.4,242.5,1582.1,0,False,1.0571054925893637,40.0,355.7000044278334
Ti-6Al-4V,450,1200,110,30,229.4,242.5,1582.1,0,False,1.0571054925893637,40.0,355.7000044278334
Ti-6Al-4V,450,1200,110,40,229.4,242.5,1582.1,0,False,1.0571054925893637,40.0,355.7000044278334
Ti-6Al-4V,450,1200,110,50,229.4,242.5,1582.1,0,False,1.0571054925893637,40.0,355.7000044278334
Ti-6Al-4V,450,1400,70,30,208.2,216.4,1461.0,0,False,1.0393852065321807,40.0,355.7000044278334
Ti-6Al-4V,450,1400,70,40,208.2,216.4,1461.0,0,False,1.0393852065321807,40.0,355.7000044278334
Ti-6Al-4V,450,1400,70,50,208.2,216.4,1461.0,0,False,1.0393852065321807,40.0,355.7000044278334
Ti-6Al-4V,450,1400,90,30,208.2,216.4,1461.0,0,False,1.0393852065321807,40.0,355.7000044278334
Ti-6Al-4V,450,1400,90,40,208.2,216.4,1461.0,0,False,1.0393852065321807,40.0,355.7000044278334
Ti-6Al-4V,450,1400,90,50,208.2,216.4,1461.0,0,False,1.0393852065321807,40.0,355.7000044278334
Ti-6Al-4V,450,1400,110,30,208.2,216.4,1461.0,0,False,1.0393852065321807,40.0,355.7000044278334
Ti-6Al-4V,450,1400,110,40,208.2,216.4,1461.0,0,False,1.0393852065321807,40.0,355.7000044278334
Ti-6Al-4V,450,1400,110,50,208.2,216.4,1461.0,0,False,1.0393852065321807,40.0,355.7000044278334
Ti-6Al-4V,450,1600,70,30,222.6,118.9,262.9,0,False,0.5341419586702606,5.0,503.035770398012
Ti-6Al-4V,450,1600,70,40,222.6,118.9,262.9,0,False,0.5341419586702606,5.0,503.035770398012
Ti-6Al-4V,450,1600,70,50,222.6,118.9,262.9,0,False,0.5341419586702606,5.0,503.035770398012
Ti-6Al-4V,450,1600,90,30,222.6,118.9,262.9,0,False,0.5341419586702606,5.0,503.035770398012
Ti-6Al-4V,450,1600,90,40,222.6,118.9,262.9,0,False,0.5341419586702606,5.0,503.035770398012
Ti-6Al-4V,450,1600,90,50,222.6,118.9,262.9,0,False,0.5341419586702606,5.0,503.035770398012
Ti-6Al-4V,450,1600,110,30,222.6,118.9,262.9,0,False,0.5341419586702606,5.0,503.035770398012
Ti-6Al-4V,450,1600,110,40,222.6,118.9,262.9,0,False,0.5341419586702606,5.0,503.035770398012
Ti-6Al-4V,450,1600,110,50,222.6,118.9,262.9,0,False,0.5341419586702606,5.0,503.035770398012
Ti-6Al-4V,450,1800,70,30,210.6,111.5,249.6,0,False,0.5294396961063628,5.0,503.035770398012
Ti-6Al-4V,450,1800,70,40,210.6,111.5,249.6,0,False,0.5294396961063628,5.0,503.035770398012
Ti-6Al-4V,450,1800,70,50,210.6,111.5,249.6,0,False,0.5294396961063628,5.0,503.035770398012
Ti-6Al-4V,450,1800,90,30,210.6,111.5,249.6,0,False,0.5294396961063628,5.0,503.035770398012
Ti-6Al-4V,450,1800,90,40,210.6,111.5,249.6,0,False,0.5294396961063628,5.0,503.035770398012
Ti-6Al-4V,450,1800,90,50,210.6,111.5,249.6,0,False,0.5294396961063628,5.0,503.035770398012
Ti-6Al-4V,450,1800,110,30,210.6,111.5,249.6,0,False,0.5294396961063628,5.0,503.035770398012
Ti-6Al-4V,450,1800,110,40,210.6,111.5,249.6,0,False,0.5294396961063628,5.0,503.035770398012
Ti-6Al-4V,450,1800,110,50,210.6,111.5,249.6,0,False,0.5294396961063628,5.0,503.035770398012
Ti-6Al-4V,450,2000,70,30,200.4,105.3,238.5,0,False,0.5254491017964071,5.0,503.035770398012
Ti-6Al-4V,450,2000,70,40,200.4,105.3,238.5,0,False,0.5254491017964071,5.0,503.035770398012
Ti-6Al-4V,450,2000,70,50,200.4,105.3,238.5,0,False,0.5254491017964071,5.0,503.035770398012
Ti-6Al-4V,450,2000,90,30,200.4,105.3,238.5,0,False,0.5254491017964071,5.0,503.035770398012
Ti-6Al-4V,450,2000,90,40,200.4,105.3,238.5,0,False,0.5254491017964071,5.0,503.035770398012
Ti-6Al-4V,450,2000,90,50,200.4,105.3,238.5,0,False,0.5254491017964071,5.0,503.035770398012
Ti-6Al-4V,450,2000,110,30,200.4,105.3,238.5,0,False,0.5254491017964071,5.0,503.035770398012
Ti-6Al-4V,450,2000,110,40,200.4,105.3,238.5,0,False,0.5254491017964071,5.0,503.035770398012
Ti-6Al-4V,450,2000,110,50,200.4,105.3,238.5,0,False,0.5254491017964071,5.0,503.035770398012
Inconel 718,100,400,70,30,156.9,114.4,473.9,0,False,0.7291268323773104,40.0,433.02609234692767
Inconel 718,100,400,70,40,156.9,114.4,473.9,0,False,0.7291268323773104,40.0,433.02609234692767
Inconel 718,100,400,70,50,156.9,114.4,473.9,0,False,0.7291268323773104,40.0,433.02609234692767
Inconel 718,100,400,90,30,156.9,114.4,473.9,0,False,0.7291268323773104,40.0,433.02609234692767
Inconel 718,100,400,90,40,156.9,114.4,473.9,0,False,0.7291268323773104,40.0,433.02609234692767
Inconel 718,100,400,90,50,156.9,114.4,473.9,0,False,0.7291268323773104,40.0,433.02609234692767
Inconel 718,100,400,110,30,156.9,114.4,473.9,0,False,0.7291268323773104,40.0,433.02609234692767
Inconel 718,100,400,110,40,156.9,114.4,473.9,0,False,0.7291268323773104,40.0,433.02609234692767
Inconel 718,100,400,110,50,156.9,114.4,473.9,0,False,0.7291268323773104,40.0,433.02609234692767
Inconel 718,100,600,70,30,117.6,75.7,408.2,0,False,0.6437074829931974,40.0,433.02609234692767
Inconel 718,100,600,70,40,117.6,75.7,408.2,0,False,0.6437074829931974,40.0,433.02609234692767
Inconel 718,100,600,70,50,117.6,75.7,408.2,0,False,0.6437074829931974,40.0,433.02609234692767
Inconel 718,100,600,90,30,117.6,75.7,408.2,0,False,0.6437074829931974,40.0,433.02609234692767
Inconel 718,100,600,90,40,117.6,75.7,408.2,0,False,0.6437074829931974,40.0,433.02609234692767
Inconel 718,100,600,90,50,117.6,75.7,408.2,0,True,0.6437074829931974,40.0,433.02609234692767
Inconel 718,100,600,110,30,117.6,75.7,408.2,0,True,0.6437074829931974,40.0,433.02609234692767
Inconel 718,100,600,110,40,117.6,75.7,408.2,0,True,0.6437074829931974,40.0,433.02609234692767
Inconel 718,100,600,110,50,117.6,75.7,408.2,0,True,0.6437074829931974,40.0,433.02609234692767
Inconel 718,100,800,70,30,120.3,35.9,150.4,0,True,0.2984206151288445,5.0,612.3913726584493
Inconel 718,100,800,70,40,120.3,35.9,150.4,0,True,0.2984206151288445,5.0,612.3913726584493
Inconel 718,100,800,70,50,120.3,35.9,150.4,0,True,0.2984206151288445,5.0,612.3913726584493
Inconel 718,100,800,90,30,120.3,35.9,150.4,0,True,0.2984206151288445,5.0,612.3913726584493
Inconel 718,100,800,90,40,120.3,35.9,150.4,0,True,0.2984206151288445,5.0,612.3913726584493
Inconel 718,100,800,90,50,120.3,35.9,150.4,0,True,0.2984206151288445,5.0,612.3913726584493
Inconel 718,100,800,110,30,120.3,35.9,150.4,0,True,0.2984206151288445,5.0,612.3913726584493
Inconel 718,100,800,110,40,120.3,35.9,150.4,0,True,0.2984206151288445,5.0,612.3913726584493
Inconel 718,100,800,110,50,120.3,35.9,150.4,0,True,0.2984206151288445,5.0,612.3913726584493
Inconel 718,100,1000,70,30,103.6,29.2,132.0,0,True,0.2818532818532818,5.0,612.3913726584493
Inconel 718,100,1000,70,40,103.6,29.2,132.0,0,True,0.2818532818532818,5.0,612.3913726584493
Inconel 718,100,1000,70,50,103.6,29.2,132.0,0,True,0.2818532818532818,5.0,612.3913726584493
Inconel 718,100,1000,90,30,103.6,29.2,132.0,0,True,0.2818532818532818,5.0,612.3913726584493
Inconel 718,100,1000,90,40,103.6,29.2,132.0,0,True,0.2818532818532818,5.0,612.3913726584493
Inconel 718,100,1000,90,50,103.6,29.2,132.0,0,True,0.2818532818532818,5.0,612.3913726584493
Inconel 718,100,1000,110,30,103.6,29.2,132.0,0,True,0.2818532818532818,5.0,612.3913726584493
Inconel 718,100,1000,110,40,103.6,29.2,132.0,0,True,0.2818532818532818,5.0,612.3913726584493
Inconel 718,100,1000,110,50,103.6,29.2,132.0,0,True,0.2818532818532818,5.0,612.3913726584493
Inconel 718,100,1200,70,30,94.0,22.4,121.5,0,True,0.2382978723404255,5.0,612.3913726584493
Inconel 718,100,1200,70,40,94.0,22.4,121.5,0,True,0.2382978723404255,5.0,612.3913726584493
Inconel 718,100,1200,70,50,94.0,22.4,121.5,0,True,0.2382978723404255,5.0,612.3913726584493
Inconel 718,100,1200,90,30,94.0,22.4,121.5,0,True,0.2382978723404255,5.0,612.3913726584493
Inconel 718,100,1200,90,40,94.0,22.4,121.5,0,True,0.2382978723404255,5.0,612.3913726584493
Inconel 718,100,1200,90,50,94.0,22.4,121.5,0,True,0.2382978723404255,5.0,612.3913726584493
Inconel 718,100,1200,110,30,94.0,22.4,121.5,0,True,0.2382978723404255,5.0,612.3913726584493
Inconel 718,100,1200,110,40,94.0,22.4,121.5,0,True,0.2382978723404255,5.0,612.3913726584493
Inconel 718,100,1200,110,50,94.0,22.4,121.5,0,True,0.2382978723404255,5.0,612.3913726584493
Inconel 718,100,1400,70,30,89.3,20.9,116.2,0,True,0.2340425531914893,5.0,612.3913726584493
Inconel 718,100,1400,70,40,89.3,20.9,116.2,0,True,0.2340425531914893,5.0,612.3913726584493
Inconel 718,100,1400,70,50,89.3,20.9,116.2,0,True,0.2340425531914893,5.0,612.3913726584493
Inconel 718,100,1400,90,30,89.3,20.9,116.2,0,True,0.2340425531914893,5.0,612.3913726584493
Inconel 718,100,1400,90,40,89.3,20.9,116.2,0,True,0.2340425531914893,5.0,612.3913726584493
Inconel 718,100,1400,90,50,89.3,20.9,116.2,0,True,0.2340425531914893,5.0,612.3913726584493
Inconel 718,100,1400,110,30,89.3,20.9,116.2,0,True,0.2340425531914893,5.0,612.3913726584493
Inconel 718,100,1400,110,40,89.3,20.9,116.2,0,True,0.2340425531914893,5.0,612.3913726584493
Inconel 718,100,1400,110,50,89.3,20.9,116.2,0,True,0.2340425531914893,5.0,612.3913726584493
Inconel 718,100,1600,70,30,85.5,19.8,112.0,0,True,0.231578947368421,5.0,612.3913726584493
Inconel 718,100,1600,70,40,85.5,19.8,112.0,0,True,0.231578947368421,5.0,612.3913726584493
Inconel 718,100,1600,70,50,85.5,19.8,112.0,0,True,0.231578947368421,5.0,612.3913726584493
Inconel 718,100,1600,90,30,85.5,19.8,112.0,0,True,0.231578947368421,5.0,612.3913726584493
Inconel 718,100,1600,90,40,85.5,19.8,112.0,0,True,0.231578947368421,5.0,612.3913726584493
Inconel 718,100,1600,90,50,85.5,19.8,112.0,0,True,0.231578947368421,5.0,612.3913726584493
Inconel 718,100,1600,110,30,85.5,19.8,112.0,0,True,0.231578947368421,5.0,612.3913726584493
Inconel 718,100,1600,110,40,85.5,19.8,112.0,0,True,0.231578947368421,5.0,612.3913726584493
Inconel 718,100,1600,110,50,85.5,19.8,112.0,0,True,0.231578947368421,5.0,612.3913726584493
Inconel 718,100,1800,70,30,82.4,18.9,108.7,0,True,0.2293689320388349,5.0,612.3913726584493
Inconel 718,100,1800,70,40,82.4,18.9,108.7,0,True,0.2293689320388349,5.0,612.3913726584493
Inconel 718,100,1800,70,50,82.4,18.9,108.7,0,True,0.2293689320388349,5.0,612.3913726584493
Inconel 718,100,1800,90,30,82.4,18.9,108.7,0,True,0.2293689320388349,5.0,612.3913726584493
Inconel 718,100,1800,90,40,82.4,18.9,108.7,0,True,0.2293689320388349,5.0,612.3913726584493
Inconel 718,100,1800,90,50,82.4,18.9,108.7,0,True,0.2293689320388349,5.0,612.3913726584493
Inconel 718,100,1800,110,30,82.4,18.9,108.7,0,True,0.2293689320388349,5.0,612.3913726584493
Inconel 718,100,1800,110,40,82.4,18.9,108.7,0,True,0.2293689320388349,5.0,612.3913726584493
Inconel 718,100,1800,110,50,82.4,18.9,108.7,0,True,0.2293689320388349,5.0,612.3913726584493
Inconel 718,100,2000,70,30,79.9,18.1,105.9,0,True,0.2265331664580726,5.0,612.3913726584493
Inconel 718,100,2000,70,40,79.9,18.1,105.9,0,True,0.2265331664580726,5.0,612.3913726584493
Inconel 718,100,2000,70,50,79.9,18.1,105.9,0,True,0.2265331664580726,5.0,612.3913726584493
Inconel 718,100,2000,90,30,79.9,18.1,105.9,0,True,0.2265331664580726,5.0,612.3913726584493
Inconel 718,100,2000,90,40,79.9,18.1,105.9,0,True,0.2265331664580726,5.0,612.3913726584493
Inconel 718,100,2000,90,50,79.9,18.1,105.9,0,True,0.2265331664580726,5.0,612.3913726584493
Inconel 718,100,2000,110,30,79.9,18.1,105.9,0,True,0.2265331664580726,5.0,612.3913726584493
Inconel 718,100,2000,110,40,79.9,18.1,105.9,0,True,0.2265331664580726,5.0,612.3913726584493
Inconel 718,100,2000,110,50,79.9,18.1,105.9,0,True,0.2265331664580726,5.0,612.3913726584493
Inconel 718,150,400,70,30,204.5,196.0,756.6,0,False,0.9584352078239609,40.0,433.02609234692767
Inconel 718,150,400,70,40,204.5,196.0,756.6,0,False,0.9584352078239609,40.0,433.02609234692767
Inconel 718,150,400,70,50,204.5,196.0,756.6,0,False,0.9584352078239609,40.0,433.02609234692767
Inconel 718,150,400,90,30,204.5,196.0,756.6,0,False,0.9584352078239609,40.0,433.02609234692767
Inconel 718,150,400,90,40,204.5,196.0,756.6,0,False,0.9584352078239609,40.0,433.02609234692767
Inconel 718,150,400,90,50,204.5,196.0,756.6,0,False,0.9584352078239609,40.0,433.02609234692767
Inconel 718,150,400,110,30,204.5,196.0,756.6,0,False,0.9584352078239609,40.0,433.02609234692767
Inconel 718,150,400,110,40,204.5,196.0,756.6,0,False,0.9584352078239609,40.0,433.02609234692767
Inconel 718,150,400,110,50,204.5,196.0,756.6,0,False,0.9584352078239609,40.0,433.02609234692767
Inconel 718,150,600,70,30,163.3,146.4,724.1,0,False,0.8965094917330068,40.0,433.02609234692767
Inconel 718,150,600,70,40,163.3,146.4,724.1,0,False,0.8965094917330068,40.0,433.02609234692767
Inconel 718,150,600,70,50,163.3,146.4,724.1,0,False,0.8965094917330068,40.0,433.02609234692767
Inconel 718,150,600,90,30,163.3,146.4,724.1,0,False,0.8965094917330068,40.0,433.02609234692767
Inconel 718,150,600,90,40,163.3,146.4,724.1,0,False,0.8965094917330068,40.0,433.02609234692767
Inconel 718,150,600,90,50,163.3,146.4,724.1,0,False,0.8965094917330068,40.0,433.02609234692767
Inconel 718,150,600,110,30,163.3,146.4,724.1,0,False,0.8965094917330068,40.0,433.02609234692767
Inconel 718,150,600,110,40,163.3,146.4,724.1,0,False,0.8965094917330068,40.0,433.02609234692767
Inconel 718,150,600,110,50,163.3,146.4,724.1,0,False,0.8965094917330068,40.0,433.02609234692767
Inconel 718,150,800,70,30,136.9,102.9,687.9,0,False,0.7516435354273192,40.0,433.02609234692767
Inconel 718,150,800,70,40,136.9,102.9,687.9,0,False,0.7516435354273192,40.0,433.02609234692767
Inconel 718,150,800,70,50,136.9,102.9,687.9,0,False,0.7516435354273192,40.0,433.02609234692767
Inconel 718,150,800,90,30,136.9,102.9,687.9,0,False,0.7516435354273192,40.0,433.02609234692767
Inconel 718,150,800,90,40,136.9,102.9,687.9,0,False,0.7516435354273192,40.0,433.02609234692767
Inconel 718,150,800,90,50,136.9,102.9,687.9,0,False,0.7516435354273192,40.0,433.02609234692767
Inconel 718,150,800,110,30,136.9,102.9,687.9,0,False,0.7516435354273192,40.0,433.02609234692767
Inconel 718,150,800,110,40,136.9,102.9,687.9,0,False,0.7516435354273192,40.0,433.02609234692767
Inconel 718,150,800,110,50,136.9,102.9,687.9,0,False,0.7516435354273192,40.0,433.02609234692767
Inconel 718,150,1000,70,30,141.8,49.8,173.9,0,False,0.3511988716502115,5.0,612.3913726584493
Inconel 718,150,1000,70,40,141.8,49.8,173.9,0,False,0.3511988716502115,5.0,612.3913726584493
Inconel 718,150,1000,70,50,141.8,49.8,173.9,0,True,0.3511988716502115,5.0,612.3913726584493
Inconel 718,150,1000,90,30,141.8,49.8,173.9,0,False,0.3511988716502115,5.0,612.3913726584493
Inconel 718,150,1000,90,40,141.8,49.8,173.9,0,True,0.3511988716502115,5.0,612.3913726584493
Inconel 718,150,1000,90,50,141.8,49.8,173.9,0,True,0.3511988716502115,5.0,612.3913726584493
Inconel 718,150,1000,110,30,141.8,49.8,173.9,0,False,0.3511988716502115,5.0,612.3913726584493
Inconel 718,150,1000,110,40,141.8,49.8,173.9,0,True,0.3511988716502115,5.0,612.3913726584493
Inconel 718,150,1000,110,50,141.8,49.8,173.9,0,True,0.3511988716502115,5.0,612.3913726584493
Inconel 718,150,1200,70,30,128.8,42.9,159.7,0,False,0.3330745341614906,5.0,612.3913726584493
Inconel 718,150,1200,70,40,128.8,42.9,159.7,0,True,0.3330745341614906,5.0,612.3913726584493
Inconel 718,150,1200,70,50,128.8,42.9,159.7,0,True,0.3330745341614906,5.0,612.3913726584493
Inconel 718,150,1200,90,30,128.8,42.9,159.7,0,False,0.3330745341614906,5.0,612.3913726584493
Inconel 718,150,1200,90,40,128.8,42.9,159.7,0,True,0.3330745341614906,5.0,612.3913726584493
Inconel 718,150,1200,90,50,128.8,42.9,159.7,0,True,0.3330745341614906,5.0,612.3913726584493
Inconel 718,150,1200,110,30,128.8,42.9,159.7,0,True,0.3330745341614906,5.0,612.3913726584493
Inconel 718,150,1200,110,40,128.8,42.9,159.7,0,True,0.3330745341614906,5.0,612.3913726584493
Inconel 718,150,1200,110,50,128.8,42.9,159.7,0,True,0.3330745341614906,5.0,612.3913726584493
Inconel 718,150,1400,70,30,118.5,37.8,148.4,0,False,0.3189873417721519,5.0,612.3913726584493
Inconel 718,150,1400,70,40,118.5,37.8,148.4,0,True,0.3189873417721519,5.0,612.3913726584493
Inconel 718,150,1400,70,50,118.5,37.8,148.4,0,True,0.3189873417721519,5.0,612.3913726584493
Inconel 718,150,1400,90,30,118.5,37.8,148.4,0,True,0.3189873417721519,5.0,612.3913726584493
Inconel 718,150,1400,90,40,118.5,37.8,148.4,0,True,0.3189873417721519,5.0,612.3913726584493
Inconel 718,150,1400,90,50,118.5,37.8,148.4,0,True,0.3189873417721519,5.0,612.3913726584493
Inconel 718,150,1400,110,30,118.5,37.8,148.4,0,True,0.3189873417721519,5.0,612.3913726584493
Inconel 718,150,1400,110,40,118.5,37.8,148.4,0,True,0.3189873417721519,5.0,612.3913726584493
Inconel 718,150,1400,110,50,118.5,37.8,148.4,0,True,0.3189873417721519,5.0,612.3913726584493
Inconel 718,150,1600,70,30,110.0,33.8,139.0,0,True,0.3072727272727272,5.0,612.3913726584493
Inconel 718,150,1600,70,40,110.0,33.8,139.0,0,True,0.3072727272727272,5.0,612.3913726584493
Inconel 718,150,1600,70,50,110.0,33.8,139.0,0,True,0.3072727272727272,5.0,612.3913726584493
Inconel 718,150,1600,90,30,110.0,33.8,139.0,0,True,0.3072727272727272,5.0,612.3913726584493
Inconel 718,150,1600,90,40,110.0,33.8,139.0,0,True,0.3072727272727272,5.0,612.3913726584493
Inconel 718,150,1600,90,50,110.0,33.8,139.0,0,True,0.3072727272727272,5.0,612.3913726584493
Inconel 718,150,1600,110,30,110.0,33.8,139.0,0,True,0.3072727272727272,5.0,612.3913726584493
Inconel 718,150,1600,110,40,110.0,33.8,139.0,0,True,0.3072727272727272,5.0,612.3913726584493
Inconel 718,150,1600,110,50,110.0,33.8,139.0,0,True,0.3072727272727272,5.0,612.3913726584493
Inconel 718,150,1800,70,30,102.7,30.7,131.0,0,True,0.2989289191820837,5.0,612.3913726584493
Inconel 718,150,1800,70,40,102.7,30.7,131.0,0,True,0.2989289191820837,5.0,612.3913726584493
Inconel 718,150,1800,70,50,102.7,30.7,131.0,0,True,0.2989289191820837,5.0,612.3913726584493
Inconel 718,150,1800,90,30,102.7,30.7,131.0,0,True,0.2989289191820837,5.0,612.3913726584493
Inconel 718,150,1800,90,40,102.7,30.7,131.0,0,True,0.2989289191820837,5.0,612.3913726584493
Inconel 718,150,1800,90,50,102.7,30.7,131.0,0,True,0.2989289191820837,5.0,612.3913726584493
Inconel 718,150,1800,110,30,102.7,30.7,131.0,0,True,0.2989289191820837,5.0,612.3913726584493
Inconel 718,150,1800,110,40,102.7,30.7,131.0,0,True,0.2989289191820837,5.0,612.3913726584493
Inconel 718,150,1800,110,50,102.7,30.7,131.0,0,True,0.2989289191820837,5.0,612.3913726584493
Inconel 718,150,2000,70,30,96.5,28.0,124.1,0,True,0.2901554404145077,5.0,612.3913726584493
Inconel 718,150,2000,70,40,96.5,28.0,124.1,0,True,0.2901554404145077,5.0,612.3913726584493
Inconel 718,150,2000,70,50,96.5,28.0,124.1,0,True,0.2901554404145077,5.0,612.3913726584493
Inconel 718,150,2000,90,30,96.5,28.0,124.1,0,True,0.2901554404145077,5.0,612.3913726584493
Inconel 718,150,2000,90,40,96.5,28.0,124.1,0,True,0.2901554404145077,5.0,612.3913726584493
Inconel 718,150,2000,90,50,96.5,28.0,124.1,0,True,0.2901554404145077,5.0,612.3913726584493
Inconel 718,150,2000,110,30,96.5,28.0,124.1,0,True,0.2901554404145077,5.0,612.3913726584493
Inconel 718,150,2000,110,40,96.5,28.0,124.1,0,True,0.2901554404145077,5.0,612.3913726584493
Inconel 718,150,2000,110,50,96.5,28.0,124.1,0,True,0.2901554404145077,5.0,612.3913726584493
Inconel 718,200,400,70,30,240.1,245.3,1014.4,0,False,1.0216576426488964,40.0,433.02609234692767
Inconel 718,200,400,70,40,240.1,245.3,1014.4,0,False,1.0216576426488964,40.0,433.02609234692767
Inconel 718,200,400,70,50,240.1,245.3,1014.4,0,False,1.0216576426488964,40.0,433.02609234692767
Inconel 718,200,400,90,30,240.1,245.3,1014.4,0,False,1.0216576426488964,40.0,433.02609234692767
Inconel 718,200,400,90,40,240.1,245.3,1014.4,0,False,1.0216576426488964,40.0,433.02609234692767
Inconel 718,200,400,90,50,240.1,245.3,1014.4,0,False,1.0216576426488964,40.0,433.02609234692767
Inconel 718,200,400,110,30,240.1,245.3,1014.4,0,False,1.0216576426488964,40.0,433.02609234692767
Inconel 718,200,400,110,40,240.1,245.3,1014.4,0,False,1.0216576426488964,40.0,433.02609234692767
Inconel 718,200,400,110,50,240.1,245.3,1014.4,0,False,1.0216576426488964,40.0,433.02609234692767
Inconel 718,200,600,70,30,193.9,189.4,990.5,0,False,0.9767921609076844,40.0,433.02609234692767
Inconel 718,200,600,70,40,193.9,189.4,990.5,0,False,0.9767921609076844,40.0,433.02609234692767
Inconel 718,200,600,70,50,193.9,189.4,990.5,0,False,0.9767921609076844,40.0,433.02609234692767
Inconel 718,200,600,90,30,193.9,189.4,990.5,0,False,0.9767921609076844,40.0,433.02609234692767
Inconel 718,200,600,90,40,193.9,189.4,990.5,0,False,0.9767921609076844,40.0,433.02609234692767
Inconel 718,200,600,90,50,193.9,189.4,990.5,0,False,0.9767921609076844,40.0,433.02609234692767
Inconel 718,200,600,110,30,193.9,189.4,990.5,0,False,0.9767921609076844,40.0,433.02609234692767
Inconel 718,200,600,110,40,193.9,189.4,990.5,0,False,0.9767921609076844,40.0,433.02609234692767
Inconel 718,200,600,110,50,193.9,189.4,990.5,0,False,0.9767921609076844,40.0,433.02609234692767
Inconel 718,200,800,70,30,165.4,155.3,967.7,0,False,0.9389359129383312,40.0,433.02609234692767
Inconel 718,200,800,70,40,165.4,155.3,967.7,0,False,0.9389359129383312,40.0,433.02609234692767
Inconel 718,200,800,70,50,165.4,155.3,967.7,0,False,0.9389359129383312,40.0,433.02609234692767
Inconel 718,200,800,90,30,165.4,155.3,967.7,0,False,0.9389359129383312,40.0,433.02609234692767
Inconel 718,200,800,90,40,165.4,155.3,967.7,0,False,0.9389359129383312,40.0,433.02609234692767
Inconel 718,200,800,90,50,165.4,155.3,967.7,0,False,0.9389359129383312,40.0,433.02609234692767
Inconel 718,200,800,110,30,165.4,155.3,967.7,0,False,0.9389359129383312,40.0,433.02609234692767
Inconel 718,200,800,110,40,165.4,155.3,967.7,0,False,0.9389359129383312,40.0,433.02609234692767
Inconel 718,200,800,110,50,165.4,155.3,967.7,0,False,0.9389359129383312,40.0,433.02609234692767
Inconel 718,200,1000,70,30,145.2,131.3,943.3,0,False,0.9042699724517907,40.0,433.02609234692767
Inconel 718,200,1000,70,40,145.2,131.3,943.3,0,False,0.9042699724517907,40.0,433.02609234692767
Inconel 718,200,1000,70,50,145.2,131.3,943.3,0,False,0.9042699724517907,40.0,433.02609234692767
Inconel 718,200,1000,90,30,145.2,131.3,943.3,0,False,0.9042699724517907,40.0,433.02609234692767
Inconel 718,200,1000,90,40,145.2,131.3,943.3,0,False,0.9042699724517907,40.0,433.02609234692767
Inconel 718,200,1000,90,50,145.2,131.3,943.3,0,False,0.9042699724517907,40.0,433.02609234692767
Inconel 718,200,1000,110,30,145.2,131.3,943.3,0,False,0.9042699724517907,40.0,433.02609234692767
Inconel 718,200,1000,110,40,145.2,131.3,943.3,0,False,0.9042699724517907,40.0,433.02609234692767
Inconel 718,200,1000,110,50,145.2,131.3,943.3,0,False,0.9042699724517907,40.0,433.02609234692767
Inconel 718,200,1200,70,30,151.8,60.1,185.0,0,False,0.3959156785243741,5.0,612.3913726584493
Inconel 718,200,1200,70,40,151.8,60.1,185.0,0,False,0.3959156785243741,5.0,612.3913726584493
Inconel 718,200,1200,70,50,151.8,60.1,185.0,0,False,0.3959156785243741,5.0,612.3913726584493
Inconel 718,200,1200,90,30,151.8,60.1,185.0,0,False,0.3959156785243741,5.0,612.3913726584493
Inconel 718,200,1200,90,40,151.8,60.1,185.0,0,False,0.3959156785243741,5.0,612.3913726584493
Inconel 718,200,1200,90,50,151.8,60.1,185.0,0,True,0.3959156785243741,5.0,612.3913726584493
Inconel 718,200,1200,110,30,151.8,60.1,185.0,0,False,0.3959156785243741,5.0,612.3913726584493
Inconel 718,200,1200,110,40,151.8,60.1,185.0,0,False,0.3959156785243741,5.0,612.3913726584493
Inconel 718,200,1200,110,50,151.8,60.1,185.0,0,True,0.3959156785243741,5.0,612.3913726584493
Inconel 718,200,1400,70,30,141.0,53.2,173.1,0,False,0.3773049645390071,5.0,612.3913726584493
Inconel 718,200,1400,70,40,141.0,53.2,173.1,0,False,0.3773049645390071,5.0,612.3913726584493
Inconel 718,200,1400,70,50,141.0,53.2,173.1,0,True,0.3773049645390071,5.0,612.3913726584493
Inconel 718,200,1400,90,30,141.0,53.2,173.1,0,False,0.3773049645390071,5.0,612.3913726584493
Inconel 718,200,1400,90,40,141.0,53.2,173.1,0,False,0.3773049645390071,5.0,612.3913726584493
Inconel 718,200,1400,90,50,141.0,53.2,173.1,0,True,0.3773049645390071,5.0,612.3913726584493
Inconel 718,200,1400,110,30,141.0,53.2,173.1,0,False,0.3773049645390071,5.0,612.3913726584493
Inconel 718,200,1400,110,40,141.0,53.2,173.1,0,True,0.3773049645390071,5.0,612.3913726584493
Inconel 718,200,1400,110,50,141.0,53.2,173.1,0,True,0.3773049645390071,5.0,612.3913726584493
Inconel 718,200,1600,70,30,132.1,47.9,163.4,0,False,0.3626040878122634,5.0,612.3913726584493
Inconel 718,200,1600,70,40,132.1,47.9,163.4,0,False,0.3626040878122634,5.0,612.3913726584493
Inconel 718,200,1600,70,50,132.1,47.9,163.4,0,True,0.3626040878122634,5.0,612.3913726584493
Inconel 718,200,1600,90,30,132.1,47.9,163.4,0,False,0.3626040878122634,5.0,612.3913726584493
Inconel 718,200,1600,90,40,132.1,47.9,163.4,0,True,0.3626040878122634,5.0,612.3913726584493
Inconel 718,200,1600,90,50,132.1,47.9,163.4,0,True,0.3626040878122634,5.0,612.3913726584493
Inconel 718,200,1600,110,30,132.1,47.9,163.4,0,True,0.3626040878122634,5.0,612.3913726584493
Inconel 718,200,1600,110,40,132.1,47.9,163.4,0,True,0.3626040878122634,5.0,612.3913726584493
Inconel 718,200,1600,110,50,132.1,47.9,163.4,0,True,0.3626040878122634,5.0,612.3913726584493
Inconel 718,200,1800,70,30,124.7,43.6,155.2,0,False,0.3496391339214114,5.0,612.3913726584493
Inconel 718,200,1800,70,40,124.7,43.6,155.2,0,True,0.3496391339214114,5.0,612.3913726584493
Inconel 718,200,1800,70,50,124.7,43.6,155.2,0,True,0.3496391339214114,5.0,612.3913726584493
Inconel 718,200,1800,90,30,124.7,43.6,155.2,0,False,0.3496391339214114,5.0,612.3913726584493
Inconel 718,200,1800,90,40,124.7,43.6,155.2,0,True,0.3496391339214114,5.0,612.3913726584493
Inconel 718,200,1800,90,50,124.7,43.6,155.2,0,True,0.3496391339214114,5.0,612.3913726584493
Inconel 718,200,1800,110,30,124.7,43.6,155.2,0,True,0.3496391339214114,5.0,612.3913726584493
Inconel 718,200,1800,110,40,124.7,43.6,155.2,0,True,0.3496391339214114,5.0,612.3913726584493
Inconel 718,200,1800,110,50,124.7,43.6,155.2,0,True,0.3496391339214114,5.0,612.3913726584493
Inconel 718,200,2000,70,30,118.4,40.1,148.2,0,False,0.3386824324324324,5.0,612.3913726584493
Inconel 718,200,2000,70,40,118.4,40.1,148.2,0,True,0.3386824324324324,5.0,612.3913726584493
Inconel 718,200,2000,70,50,118.4,40.1,148.2,0,True,0.3386824324324324,5.0,612.3913726584493
Inconel 718,200,2000,90,30,118.4,40.1,148.2,0,True,0.3386824324324324,5.0,612.3913726584493
Inconel 718,200,2000,90,40,118.4,40.1,148.2,0,True,0.3386824324324324,5.0,612.3913726584493
Inconel 718,200,2000,90,50,118.4,40.1,148.2,0,True,0.3386824324324324,5.0,612.3913726584493
Inconel 718,200,2000,110,30,118.4,40.1,148.2,0,True,0.3386824324324324,5.0,612.3913726584493
Inconel 718,200,2000,110,40,118.4,40.1,148.2,0,True,0.3386824324324324,5.0,612.3913726584493
Inconel 718,200,2000,110,50,118.4,40.1,148.2,0,True,0.3386824324324324,5.0,612.3913726584493
Inconel 718,250,400,70,30,270.7,287.7,1268.2,0,False,1.0628001477650535,40.0,433.02609234692767
Inconel 718,250,400,70,40,270.7,287.7,1268.2,0,False,1.0628001477650535,40.0,433.02609234692767
Inconel 718,250,400,70,50,270.7,287.7,1268.2,0,False,1.0628001477650535,40.0,433.02609234692767
Inconel 718,250,400,90,30,270.7,287.7,1268.2,0,False,1.0628001477650535,40.0,433.02609234692767
Inconel 718,250,400,90,40,270.7,287.7,1268.2,0,False,1.0628001477650535,40.0,433.02609234692767
Inconel 718,250,400,90,50,270.7,287.7,1268.2,0,False,1.0628001477650535,40.0,433.02609234692767
Inconel 718,250,400,110,30,270.7,287.7,1268.2,0,False,1.0628001477650535,40.0,433.02609234692767
Inconel 718,250,400,110,40,270.7,287.7,1268.2,0,False,1.0628001477650535,40.0,433.02609234692767
Inconel 718,250,400,110,50,270.7,287.7,1268.2,0,False,1.0628001477650535,40.0,433.02609234692767
Inconel 718,250,600,70,30,219.3,224.6,1245.8,0,False,1.0241678066575466,40.0,433.02609234692767
Inconel 718,250,600,70,40,219.3,224.6,1245.8,0,False,1.0241678066575466,40.0,433.02609234692767
Inconel 718,250,600,70,50,219.3,224.6,1245.8,0,False,1.0241678066575466,40.0,433.02609234692767
Inconel 718,250,600,90,30,219.3,224.6,1245.8,0,False,1.0241678066575466,40.0,433.02609234692767
Inconel 718,250,600,90,40,219.3,224.6,1245.8,0,False,1.0241678066575466,40.0,433.02609234692767
Inconel 718,250,600,90,50,219.3,224.6,1245.8,0,False,1.0241678066575466,40.0,433.02609234692767
Inconel 718,250,600,110,30,219.3,224.6,1245.8,0,False,1.0241678066575466,40.0,433.02609234692767
Inconel 718,250,600,110,40,219.3,224.6,1245.8,0,False,1.0241678066575466,40.0,433.02609234692767
Inconel 718,250,600,110,50,219.3,224.6,1245.8,0,False,1.0241678066575466,40.0,433.02609234692767
Inconel 718,250,800,70,30,188.1,186.8,1227.2,0,False,0.9930887825624668,40.0,433.02609234692767
Inconel 718,250,800,70,40,188.1,186.8,1227.2,0,False,0.9930887825624668,40.0,433.02609234692767
Inconel 718,250,800,70,50,188.1,186.8,1227.2,0,False,0.9930887825624668,40.0,433.02609234692767
Inconel 718,250,800,90,30,188.1,186.8,1227.2,0,False,0.9930887825624668,40.0,433.02609234692767
Inconel 718,250,800,90,40,188.1,186.8,1227.2,0,False,0.9930887825624668,40.0,433.02609234692767
Inconel 718,250,800,90,50,188.1,186.8,1227.2,0,False,0.9930887825624668,40.0,433.02609234692767
Inconel 718,250,800,110,30,188.1,186.8,1227.2,0,False,0.9930887825624668,40.0,433.02609234692767
Inconel 718,250,800,110,40,188.1,186.8,1227.2,0,False,0.9930887825624668,40.0,433.02609234692767
Inconel 718,250,800,110,50,188.1,186.8,1227.2,0,False,0.9930887825624668,40.0,433.02609234692767
Inconel 718,250,1000,70,30,165.5,158.5,1117.2,0,False,0.9577039274924471,40.0,433.02609234692767
Inconel 718,250,1000,70,40,165.5,158.5,1117.2,0,False,0.9577039274924471,40.0,433.02609234692767
Inconel 718,250,1000,70,50,165.5,158.5,1117.2,0,False,0.9577039274924471,40.0,433.02609234692767
Inconel 718,250,1000,90,30,165.5,158.5,1117.2,0,False,0.9577039274924471,40.0,433.02609234692767
Inconel 718,250,1000,90,40,165.5,158.5,1117.2,0,False,0.9577039274924471,40.0,433.02609234692767
Inconel 718,250,1000,90,50,165.5,158.5,1117.2,0,False,0.9577039274924471,40.0,433.02609234692767
Inconel 718,250,1000,110,30,165.5,158.5,1117.2,0,False,0.9577039274924471,40.0,433.02609234692767
Inconel 718,250,1000,110,40,165.5,158.5,1117.2,0,False,0.9577039274924471,40.0,433.02609234692767
Inconel 718,250,1000,110,50,165.5,158.5,1117.2,0,False,0.9577039274924471,40.0,433.02609234692767
Inconel 718,250,1200,70,30,169.3,79.6,204.2,0,False,0.4701712935617246,5.0,612.3913726584493
Inconel 718,250,1200,70,40,169.3,79.6,204.2,0,False,0.4701712935617246,5.0,612.3913726584493
Inconel 718,250,1200,70,50,169.3,79.6,204.2,0,False,0.4701712935617246,5.0,612.3913726584493
Inconel 718,250,1200,90,30,169.3,79.6,204.2,0,False,0.4701712935617246,5.0,612.3913726584493
Inconel 718,250,1200,90,40,169.3,79.6,204.2,0,False,0.4701712935617246,5.0,612.3913726584493
Inconel 718,250,1200,90,50,169.3,79.6,204.2,0,False,0.4701712935617246,5.0,612.3913726584493
Inconel 718,250,1200,110,30,169.3,79.6,204.2,0,False,0.4701712935617246,5.0,612.3913726584493
Inconel 718,250,1200,110,40,169.3,79.6,204.2,0,False,0.4701712935617246,5.0,612.3913726584493
Inconel 718,250,1200,110,50,169.3,79.6,204.2,0,False,0.4701712935617246,5.0,612.3913726584493
Inconel 718,250,1400,70,30,157.6,72.5,191.4,0,False,0.4600253807106599,5.0,612.3913726584493
Inconel 718,250,1400,70,40,157.6,72.5,191.4,0,False,0.4600253807106599,5.0,612.3913726584493
Inconel 718,250,1400,70,50,157.6,72.5,191.4,0,False,0.4600253807106599,5.0,612.3913726584493
Inconel 718,250,1400,90,30,157.6,72.5,191.4,0,False,0.4600253807106599,5.0,612.3913726584493
Inconel 718,250,1400,90,40,157.6,72.5,191.4,0,False,0.4600253807106599,5.0,612.3913726584493
Inconel 718,250,1400,90,50,157.6,72.5,191.4,0,False,0.4600253807106599,5.0,612.3913726584493
Inconel 718,250,1400,110,30,157.6,72.5,191.4,0,False,0.4600253807106599,5.0,612.3913726584493
Inconel 718,250,1400,110,40,157.6,72.5,191.4,0,False,0.4600253807106599,5.0,612.3913726584493
Inconel 718,250,1400,110,50,157.6,72.5,191.4,0,False,0.4600253807106599,5.0,612.3913726584493
Inconel 718,250,1600,70,30,148.2,66.6,181.0,0,False,0.4493927125506073,5.0,612.3913726584493
Inconel 718,250,1600,70,40,148.2,66.6,181.0,0,False,0.4493927125506073,5.0,612.3913726584493
Inconel 718,250,1600,70,50,148.2,66.6,181.0,0,False,0.4493927125506073,5.0,612.3913726584493
Inconel 718,250,1600,90,30,148.2,66.6,181.0,0,False,0.4493927125506073,5.0,612.3913726584493
Inconel 718,250,1600,90,40,148.2,66.6,181.0,0,False,0.4493927125506073,5.0,612.3913726584493
Inconel 718,250,1600,90,50,148.2,66.6,181.0,0,False,0.4493927125506073,5.0,612.3913726584493
Inconel 718,250,1600,110,30,148.2,66.6,181.0,0,False,0.4493927125506073,5.0,612.3913726584493
Inconel 718,250,1600,110,40,148.2,66.6,181.0,0,False,0.4493927125506073,5.0,612.3913726584493
Inconel 718,250,1600,110,50,148.2,66.6,181.0,0,True,0.4493927125506073,5.0,612.3913726584493
Inconel 718,250,1800,70,30,140.4,56.3,172.4,0,False,0.4009971509971509,5.0,612.3913726584493
Inconel 718,250,1800,70,40,140.4,56.3,172.4,0,False,0.4009971509971509,5.0,612.3913726584493
Inconel 718,250,1800,70,50,140.4,56.3,172.4,0,True,0.4009971509971509,5.0,612.3913726584493
Inconel 718,250,1800,90,30,140.4,56.3,172.4,0,False,0.4009971509971509,5.0,612.3913726584493
Inconel 718,250,1800,90,40,140.4,56.3,172.4,0,False,0.4009971509971509,5.0,612.3913726584493
Inconel 718,250,1800,90,50,140.4,56.3,172.4,0,True,0.4009971509971509,5.0,612.3913726584493
Inconel 718,250,1800,110,30,140.4,56.3,172.4,0,False,0.4009971509971509,5.0,612.3913726584493
Inconel 718,250,1800,110,40,140.4,56.3,172.4,0,True,0.4009971509971509,5.0,612.3913726584493
Inconel 718,250,1800,110,50,140.4,56.3,172.4,0,True,0.4009971509971509,5.0,612.3913726584493
Inconel 718,250,2000,70,30,133.7,51.9,165.0,0,False,0.3881824981301421,5.0,612.3913726584493
Inconel 718,250,2000,70,40,133.7,51.9,165.0,0,False,0.3881824981301421,5.0,612.3913726584493
Inconel 718,250,2000,70,50,133.7,51.9,165.0,0,True,0.3881824981301421,5.0,612.3913726584493
Inconel 718,250,2000,90,30,133.7,51.9,165.0,0,False,0.3881824981301421,5.0,612.3913726584493
Inconel 718,250,2000,90,40,133.7,51.9,165.0,0,True,0.3881824981301421,5.0,612.3913726584493
Inconel 718,250,2000,90,50,133.7,51.9,165.0,0,True,0.3881824981301421,5.0,612.3913726584493
Inconel 718,250,2000,110,30,133.7,51.9,165.0,0,True,0.3881824981301421,5.0,612.3913726584493
Inconel 718,250,2000,110,40,133.7,51.9,165.0,0,True,0.3881824981301421,5.0,612.3913726584493
Inconel 718,250,2000,110,50,133.7,51.9,165.0,0,True,0.3881824981301421,5.0,612.3913726584493
Inconel 718,300,400,70,30,298.1,325.9,1521.5,0,False,1.0932572962093257,40.0,433.02609234692767
Inconel 718,300,400,70,40,298.1,325.9,1521.5,0,False,1.0932572962093257,40.0,433.02609234692767
Inconel 718,300,400,70,50,298.1,325.9,1521.5,0,False,1.0932572962093257,40.0,433.02609234692767
Inconel 718,300,400,90,30,298.1,325.9,1521.5,0,False,1.0932572962093257,40.0,433.02609234692767
Inconel 718,300,400,90,40,298.1,325.9,1521.5,0,False,1.0932572962093257,40.0,433.02609234692767
Inconel 718,300,400,90,50,298.1,325.9,1521.5,0,False,1.0932572962093257,40.0,433.02609234692767
Inconel 718,300,400,110,30,298.1,325.9,1521.5,0,False,1.0932572962093257,40.0,433.02609234692767
Inconel 718,300,400,110,40,298.1,325.9,1521.5,0,False,1.0932572962093257,40.0,433.02609234692767
Inconel 718,300,400,110,50,298.1,325.9,1521.5,0,False,1.0932572962093257,40.0,433.02609234692767
Inconel 718,300,600,70,30,241.9,256.0,1498.7,0,False,1.0582885489871847,40.0,433.02609234692767
Inconel 718,300,600,70,40,241.9,256.0,1498.7,0,False,1.0582885489871847,40.0,433.02609234692767
Inconel 718,300,600,70,50,241.9,256.0,1498.7,0,False,1.0582885489871847,40.0,433.02609234692767
Inconel 718,300,600,90,30,241.9,256.0,1498.7,0,False,1.0582885489871847,40.0,433.02609234692767
Inconel 718,300,600,90,40,241.9,256.0,1498.7,0,False,1.0582885489871847,40.0,433.02609234692767
Inconel 718,300,600,90,50,241.9,256.0,1498.7,0,False,1.0582885489871847,40.0,433.02609234692767
Inconel 718,300,600,110,30,241.9,256.0,1498.7,0,False,1.0582885489871847,40.0,433.02609234692767
Inconel 718,300,600,110,40,241.9,256.0,1498.7,0,False,1.0582885489871847,40.0,433.02609234692767
Inconel 718,300,600,110,50,241.9,256.0,1498.7,0,False,1.0582885489871847,40.0,433.02609234692767
Inconel 718,300,800,70,30,207.1,211.7,1376.7,0,False,1.0222114920328345,40.0,433.02609234692767
Inconel 718,300,800,70,40,207.1,211.7,1376.7,0,False,1.0222114920328345,40.0,433.02609234692767
Inconel 718,300,800,70,50,207.1,211.7,1376.7,0,False,1.0222114920328345,40.0,433.02609234692767
Inconel 718,300,800,90,30,207.1,211.7,1376.7,0,False,1.0222114920328345,40.0,433.02609234692767
Inconel 718,300,800,90,40,207.1,211.7,1376.7,0,False,1.0222114920328345,40.0,433.02609234692767
Inconel 718,300,800,90,50,207.1,211.7,1376.7,0,False,1.0222114920328345,40.0,433.02609234692767
Inconel 718,300,800,110,30,207.1,211.7,1376.7,0,False,1.0222114920328345,40.0,433.02609234692767
Inconel 718,300,800,110,40,207.1,211.7,1376.7,0,False,1.0222114920328345,40.0,433.02609234692767
Inconel 718,300,800,110,50,207.1,211.7,1376.7,0,False,1.0222114920328345,40.0,433.02609234692767
Inconel 718,300,1000,70,30,181.8,179.8,1226.4,0,False,0.988998899889989,40.0,433.02609234692767
Inconel 718,300,1000,70,40,181.8,179.8,1226.4,0,False,0.988998899889989,40.0,433.02609234692767
Inconel 718,300,1000,70,50,181.8,179.8,1226.4,0,False,0.988998899889989,40.0,433.02609234692767
Inconel 718,300,1000,90,30,181.8,179.8,1226.4,0,False,0.988998899889989,40.0,433.02609234692767
Inconel 718,300,1000,90,40,181.8,179.8,1226.4,0,False,0.988998899889989,40.0,433.02609234692767
Inconel 718,300,1000,90,50,181.8,179.8,1226.4,0,False,0.988998899889989,40.0,433.02609234692767
Inconel 718,300,1000,110,30,181.8,179.8,1226.4,0,False,0.988998899889989,40.0,433.02609234692767
Inconel 718,300,1000,110,40,181.8,179.8,1226.4,0,False,0.988998899889989,40.0,433.02609234692767
Inconel 718,300,1000,110,50,181.8,179.8,1226.4,0,False,0.988998899889989,40.0,433.02609234692767
Inconel 718,300,1200,70,30,184.4,90.7,220.8,0,False,0.4918655097613882,5.0,612.3913726584493
Inconel 718,300,1200,70,40,184.4,90.7,220.8,0,False,0.4918655097613882,5.0,612.3913726584493
Inconel 718,300,1200,70,50,184.4,90.7,220.8,0,False,0.4918655097613882,5.0,612.3913726584493
Inconel 718,300,1200,90,30,184.4,90.7,220.8,0,False,0.4918655097613882,5.0,612.3913726584493
Inconel 718,300,1200,90,40,184.4,90.7,220.8,0,False,0.4918655097613882,5.0,612.3913726584493
Inconel 718,300,1200,90,50,184.4,90.7,220.8,0,False,0.4918655097613882,5.0,612.3913726584493
Inconel 718,300,1200,110,30,184.4,90.7,220.8,0,False,0.4918655097613882,5.0,612.3913726584493
Inconel 718,300,1200,110,40,184.4,90.7,220.8,0,False,0.4918655097613882,5.0,612.3913726584493
Inconel 718,300,1200,110,50,184.4,90.7,220.8,0,False,0.4918655097613882,5.0,612.3913726584493
Inconel 718,300,1400,70,30,171.7,83.0,206.9,0,False,0.4834012813046011,5.0,612.3913726584493
Inconel 718,300,1400,70,40,171.7,83.0,206.9,0,False,0.4834012813046011,5.0,612.3913726584493
Inconel 718,300,1400,70,50,171.7,83.0,206.9,0,False,0.4834012813046011,5.0,612.3913726584493
Inconel 718,300,1400,90,30,171.7,83.0,206.9,0,False,0.4834012813046011,5.0,612.3913726584493
Inconel 718,300,1400,90,40,171.7,83.0,206.9,0,False,0.4834012813046011,5.0,612.3913726584493
Inconel 718,300,1400,90,50,171.7,83.0,206.9,0,False,0.4834012813046011,5.0,612.3913726584493
Inconel 718,300,1400,110,30,171.7,83.0,206.9,0,False,0.4834012813046011,5.0,612.3913726584493
Inconel 718,300,1400,110,40,171.7,83.0,206.9,0,False,0.4834012813046011,5.0,612.3913726584493
Inconel 718,300,1400,110,50,171.7,83.0,206.9,0,False,0.4834012813046011,5.0,612.3913726584493
Inconel 718,300,1600,70,30,161.6,76.8,195.7,0,False,0.4752475247524752,5.0,612.3913726584493
Inconel 718,300,1600,70,40,161.6,76.8,195.7,0,False,0.4752475247524752,5.0,612.3913726584493
Inconel 718,300,1600,70,50,161.6,76.8,195.7,0,False,0.4752475247524752,5.0,612.3913726584493
Inconel 718,300,1600,90,30,161.6,76.8,195.7,0,False,0.4752475247524752,5.0,612.3913726584493
Inconel 718,300,1600,90,40,161.6,76.8,195.7,0,False,0.4752475247524752,5.0,612.3913726584493
Inconel 718,300,1600,90,50,161.6,76.8,195.7,0,False,0.4752475247524752,5.0,612.3913726584493
Inconel 718,300,1600,110,30,161.6,76.8,195.7,0,False,0.4752475247524752,5.0,612.3913726584493
Inconel 718,300,1600,110,40,161.6,76.8,195.7,0,False,0.4752475247524752,5.0,612.3913726584493
Inconel 718,300,1600,110,50,161.6,76.8,195.7,0,False,0.4752475247524752,5.0,612.3913726584493
Inconel 718,300,1800,70,30,153.1,71.6,186.4,0,False,0.4676681907250163,5.0,612.3913726584493
Inconel 718,300,1800,70,40,153.1,71.6,186.4,0,False,0.4676681907250163,5.0,612.3913726584493
Inconel 718,300,1800,70,50,153.1,71.6,186.4,0,False,0.4676681907250163,5.0,612.3913726584493
Inconel 718,300,1800,90,30,153.1,71.6,186.4,0,False,0.4676681907250163,5.0,612.3913726584493
Inconel 718,300,1800,90,40,153.1,71.6,186.4,0,False,0.4676681907250163,5.0,612.3913726584493
Inconel 718,300,1800,90,50,153.1,71.6,186.4,0,False,0.4676681907250163,5.0,612.3913726584493
Inconel 718,300,1800,110,30,153.1,71.6,186.4,0,False,0.4676681907250163,5.0,612.3913726584493
Inconel 718,300,1800,110,40,153.1,71.6,186.4,0,False,0.4676681907250163,5.0,612.3913726584493
Inconel 718,300,1800,110,50,153.1,71.6,186.4,0,True,0.4676681907250163,5.0,612.3913726584493
Inconel 718,300,2000,70,30,146.0,67.2,178.6,0,False,0.4602739726027397,5.0,612.3913726584493
Inconel 718,300,2000,70,40,146.0,67.2,178.6,0,False,0.4602739726027397,5.0,612.3913726584493
Inconel 718,300,2000,70,50,146.0,67.2,178.6,0,False,0.4602739726027397,5.0,612.3913726584493
Inconel 718,300,2000,90,30,146.0,67.2,178.6,0,False,0.4602739726027397,5.0,612.3913726584493
Inconel 718,300,2000,90,40,146.0,67.2,178.6,0,False,0.4602739726027397,5.0,612.3913726584493
Inconel 718,300,2000,90,50,146.0,67.2,178.6,0,False,0.4602739726027397,5.0,612.3913726584493
Inconel 718,300,2000,110,30,146.0,67.2,178.6,0,False,0.4602739726027397,5.0,612.3913726584493
Inconel 718,300,2000,110,40,146.0,67.2,178.6,0,False,0.4602739726027397,5.0,612.3913726584493
Inconel 718,300,2000,110,50,146.0,67.2,178.6,0,True,0.4602739726027397,5.0,612.3913726584493
Inconel 718,350,400,70,30,323.3,361.2,1774.4,0,False,1.117228580266007,40.0,433.02609234692767
Inconel 718,350,400,70,40,323.3,361.2,1774.4,0,False,1.117228580266007,40.0,433.02609234692767
Inconel 718,350,400,70,50,323.3,361.2,1774.4,0,False,1.117228580266007,40.0,433.02609234692767
Inconel 718,350,400,90,30,323.3,361.2,1774.4,0,False,1.117228580266007,40.0,433.02609234692767
Inconel 718,350,400,90,40,323.3,361.2,1774.4,0,False,1.117228580266007,40.0,433.02609234692767
Inconel 718,350,400,90,50,323.3,361.2,1774.4,0,False,1.117228580266007,40.0,433.02609234692767
Inconel 718,350,400,110,30,323.3,361.2,1774.4,0,False,1.117228580266007,40.0,433.02609234692767
Inconel 718,350,400,110,40,323.3,361.2,1774.4,0,False,1.117228580266007,40.0,433.02609234692767
Inconel 718,350,400,110,50,323.3,361.2,1774.4,0,False,1.117228580266007,40.0,433.02609234692767
Inconel 718,350,600,70,30,262.5,284.0,1723.7,0,False,1.081904761904762,40.0,433.02609234692767
Inconel 718,350,600,70,40,262.5,284.0,1723.7,0,False,1.081904761904762,40.0,433.02609234692767
Inconel 718,350,600,70,50,262.5,284.0,1723.7,0,False,1.081904761904762,40.0,433.02609234692767
Inconel 718,350,600,90,30,262.5,284.0,1723.7,0,False,1.081904761904762,40.0,433.02609234692767
Inconel 718,350,600,90,40,262.5,284.0,1723.7,0,False,1.081904761904762,40.0,433.02609234692767
Inconel 718,350,600,90,50,262.5,284.0,1723.7,0,False,1.081904761904762,40.0,433.02609234692767
Inconel 718,350,600,110,30,262.5,284.0,1723.7,0,False,1.081904761904762,40.0,433.02609234692767
Inconel 718,350,600,110,40,262.5,284.0,1723.7,0,False,1.081904761904762,40.0,433.02609234692767
Inconel 718,350,600,110,50,262.5,284.0,1723.7,0,False,1.081904761904762,40.0,433.02609234692767
Inconel 718,350,800,70,30,223.6,233.0,1487.2,0,False,1.0420393559928445,40.0,433.02609234692767
Inconel 718,350,800,70,40,223.6,233.0,1487.2,0,False,1.0420393559928445,40.0,433.02609234692767
Inconel 718,350,800,70,50,223.6,233.0,1487.2,0,False,1.0420393559928445,40.0,433.02609234692767
Inconel 718,350,800,90,30,223.6,233.0,1487.2,0,False,1.0420393559928445,40.0,433.02609234692767
Inconel 718,350,800,90,40,223.6,233.0,1487.2,0,False,1.0420393559928445,40.0,433.02609234692767
Inconel 718,350,800,90,50,223.6,233.0,1487.2,0,False,1.0420393559928445,40.0,433.02609234692767
Inconel 718,350,800,110,30,223.6,233.0,1487.2,0,False,1.0420393559928445,40.0,433.02609234692767
Inconel 718,350,800,110,40,223.6,233.0,1487.2,0,False,1.0420393559928445,40.0,433.02609234692767
Inconel 718,350,800,110,50,223.6,233.0,1487.2,0,False,1.0420393559928445,40.0,433.02609234692767
Inconel 718,350,1000,70,30,196.0,198.3,1325.3,0,False,1.011734693877551,40.0,433.02609234692767
Inconel 718,350,1000,70,40,196.0,198.3,1325.3,0,False,1.011734693877551,40.0,433.02609234692767
Inconel 718,350,1000,70,50,196.0,198.3,1325.3,0,False,1.011734693877551,40.0,433.02609234692767
Inconel 718,350,1000,90,30,196.0,198.3,1325.3,0,False,1.011734693877551,40.0,433.02609234692767
Inconel 718,350,1000,90,40,196.0,198.3,1325.3,0,False,1.011734693877551,40.0,433.02609234692767
Inconel 718,350,1000,90,50,196.0,198.3,1325.3,0,False,1.011734693877551,40.0,433.02609234692767
Inconel 718,350,1000,110,30,196.0,198.3,1325.3,0,False,1.011734693877551,40.0,433.02609234692767
Inconel 718,350,1000,110,40,196.0,198.3,1325.3,0,False,1.011734693877551,40.0,433.02609234692767
Inconel 718,350,1000,110,50,196.0,198.3,1325.3,0,False,1.011734693877551,40.0,433.02609234692767
Inconel 718,350,1200,70,30,175.1,172.8,1205.3,0,False,0.9868646487721304,40.0,433.02609234692767
Inconel 718,350,1200,70,40,175.1,172.8,1205.3,0,False,0.9868646487721304,40.0,433.02609234692767
Inconel 718,350,1200,70,50,175.1,172.8,1205.3,0,False,0.9868646487721304,40.0,433.02609234692767
Inconel 718,350,1200,90,30,175.1,172.8,1205.3,0,False,0.9868646487721304,40.0,433.02609234692767
Inconel 718,350,1200,90,40,175.1,172.8,1205.3,0,False,0.9868646487721304,40.0,433.02609234692767
Inconel 718,350,1200,90,50,175.1,172.8,1205.3,0,False,0.9868646487721304,40.0,433.02609234692767
Inconel 718,350,1200,110,30,175.1,172.8,1205.3,0,False,0.9868646487721304,40.0,433.02609234692767
Inconel 718,350,1200,110,40,175.1,172.8,1205.3,0,False,0.9868646487721304,40.0,433.02609234692767
Inconel 718,350,1200,110,50,175.1,172.8,1205.3,0,False,0.9868646487721304,40.0,433.02609234692767
Inconel 718,350,1400,70,30,184.5,92.2,220.9,0,False,0.4997289972899729,5.0,612.3913726584493
Inconel 718,350,1400,70,40,184.5,92.2,220.9,0,False,0.4997289972899729,5.0,612.3913726584493
Inconel 718,350,1400,70,50,184.5,92.2,220.9,0,False,0.4997289972899729,5.0,612.3913726584493
Inconel 718,350,1400,90,30,184.5,92.2,220.9,0,False,0.4997289972899729,5.0,612.3913726584493
Inconel 718,350,1400,90,40,184.5,92.2,220.9,0,False,0.4997289972899729,5.0,612.3913726584493
Inconel 718,350,1400,90,50,184.5,92.2,220.9,0,False,0.4997289972899729,5.0,612.3913726584493
Inconel 718,350,1400,110,30,184.5,92.2,220.9,0,False,0.4997289972899729,5.0,612.3913726584493
Inconel 718,350,1400,110,40,184.5,92.2,220.9,0,False,0.4997289972899729,5.0,612.3913726584493
Inconel 718,350,1400,110,50,184.5,92.2,220.9,0,False,0.4997289972899729,5.0,612.3913726584493
Inconel 718,350,1600,70,30,173.5,85.5,208.8,0,False,0.4927953890489913,5.0,612.3913726584493
Inconel 718,350,1600,70,40,173.5,85.5,208.8,0,False,0.4927953890489913,5.0,612.3913726584493
Inconel 718,350,1600,70,50,173.5,85.5,208.8,0,False,0.4927953890489913,5.0,612.3913726584493
Inconel 718,350,1600,90,30,173.5,85.5,208.8,0,False,0.4927953890489913,5.0,612.3913726584493
Inconel 718,350,1600,90,40,173.5,85.5,208.8,0,False,0.4927953890489913,5.0,612.3913726584493
Inconel 718,350,1600,90,50,173.5,85.5,208.8,0,False,0.4927953890489913,5.0,612.3913726584493
Inconel 718,350,1600,110,30,173.5,85.5,208.8,0,False,0.4927953890489913,5.0,612.3913726584493
Inconel 718,350,1600,110,40,173.5,85.5,208.8,0,False,0.4927953890489913,5.0,612.3913726584493
Inconel 718,350,1600,110,50,173.5,85.5,208.8,0,False,0.4927953890489913,5.0,612.3913726584493
Inconel 718,350,1800,70,30,164.4,80.0,198.8,0,False,0.48661800486618,5.0,612.3913726584493
Inconel 718,350,1800,70,40,164.4,80.0,198.8,0,False,0.48661800486618,5.0,612.3913726584493
Inconel 718,350,1800,70,50,164.4,80.0,198.8,0,False,0.48661800486618,5.0,612.3913726584493
Inconel 718,350,1800,90,30,164.4,80.0,198.8,0,False,0.48661800486618,5.0,612.3913726584493
Inconel 718,350,1800,90,40,164.4,80.0,198.8,0,False,0.48661800486618,5.0,612.3913726584493
Inconel 718,350,1800,90,50,164.4,80.0,198.8,0,False,0.48661800486618,5.0,612.3913726584493
Inconel 718,350,1800,110,30,164.4,80.0,198.8,0,False,0.48661800486618,5.0,612.3913726584493
Inconel 718,350,1800,110,40,164.4,80.0,198.8,0,False,0.48661800486618,5.0,612.3913726584493
Inconel 718,350,1800,110,50,164.4,80.0,198.8,0,False,0.48661800486618,5.0,612.3913726584493
Inconel 718,350,2000,70,30,156.7,75.3,190.4,0,False,0.4805360561582642,5.0,612.3913726584493
Inconel 718,350,2000,70,40,156.7,75.3,190.4,0,False,0.4805360561582642,5.0,612.3913726584493
Inconel 718,350,2000,70,50,156.7,75.3,190.4,0,False,0.4805360561582642,5.0,612.3913726584493
Inconel 718,350,2000,90,30,156.7,75.3,190.4,0,False,0.4805360561582642,5.0,612.3913726584493
Inconel 718,350,2000,90,40,156.7,75.3,190.4,0,False,0.4805360561582642,5.0,612.3913726584493
Inconel 718,350,2000,90,50,156.7,75.3,190.4,0,False,0.4805360561582642,5.0,612.3913726584493
Inconel 718,350,2000,110,30,156.7,75.3,190.4,0,False,0.4805360561582642,5.0,612.3913726584493
Inconel 718,350,2000,110,40,156.7,75.3,190.4,0,False,0.4805360561582642,5.0,612.3913726584493
Inconel 718,350,2000,110,50,156.7,75.3,190.4,0,False,0.4805360561582642,5.0,612.3913726584493
Inconel 718,400,400,70,30,346.6,394.2,2027.2,0,False,1.1373341027120598,40.0,433.02609234692767
Inconel 718,400,400,70,40,346.6,394.2,2027.2,0,False,1.1373341027120598,40.0,433.02609234692767
Inconel 718,400,400,70,50,346.6,394.2,2027.2,0,False,1.1373341027120598,40.0,433.02609234692767
Inconel 718,400,400,90,30,346.6,394.2,2027.2,0,False,1.1373341027120598,40.0,433.02609234692767
Inconel 718,400,400,90,40,346.6,394.2,2027.2,0,False,1.1373341027120598,40.0,433.02609234692767
Inconel 718,400,400,90,50,346.6,394.2,2027.2,0,False,1.1373341027120598,40.0,433.02609234692767
Inconel 718,400,400,110,30,346.6,394.2,2027.2,0,False,1.1373341027120598,40.0,433.02609234692767
Inconel 718,400,400,110,40,346.6,394.2,2027.2,0,False,1.1373341027120598,40.0,433.02609234692767
Inconel 718,400,400,110,50,346.6,394.2,2027.2,0,False,1.1373341027120598,40.0,433.02609234692767
Inconel 718,400,600,70,30,280.6,307.4,1842.4,0,False,1.0955096222380611,40.0,433.02609234692767
Inconel 718,400,600,70,40,280.6,307.4,1842.4,0,False,1.0955096222380611,40.0,433.02609234692767
Inconel 718,400,600,70,50,280.6,307.4,1842.4,0,False,1.0955096222380611,40.0,433.02609234692767
Inconel 718,400,600,90,30,280.6,307.4,1842.4,0,False,1.0955096222380611,40.0,433.02609234692767
Inconel 718,400,600,90,40,280.6,307.4,1842.4,0,False,1.0955096222380611,40.0,433.02609234692767
Inconel 718,400,600,90,50,280.6,307.4,1842.4,0,False,1.0955096222380611,40.0,433.02609234692767
Inconel 718,400,600,110,30,280.6,307.4,1842.4,0,False,1.0955096222380611,40.0,433.02609234692767
Inconel 718,400,600,110,40,280.6,307.4,1842.4,0,False,1.0955096222380611,40.0,433.02609234692767
Inconel 718,400,600,110,50,280.6,307.4,1842.4,0,False,1.0955096222380611,40.0,433.02609234692767
Inconel 718,400,800,70,30,238.4,252.2,1589.9,0,False,1.0578859060402683,40.0,433.02609234692767
Inconel 718,400,800,70,40,238.4,252.2,1589.9,0,False,1.0578859060402683,40.0,433.02609234692767
Inconel 718,400,800,70,50,238.4,252.2,1589.9,0,False,1.0578859060402683,40.0,433.02609234692767
Inconel 718,400,800,90,30,238.4,252.2,1589.9,0,False,1.0578859060402683,40.0,433.02609234692767
Inconel 718,400,800,90,40,238.4,252.2,1589.9,0,False,1.0578859060402683,40.0,433.02609234692767
Inconel 718,400,800,90,50,238.4,252.2,1589.9,0,False,1.0578859060402683,40.0,433.02609234692767
Inconel 718,400,800,110,30,238.4,252.2,1589.9,0,False,1.0578859060402683,40.0,433.02609234692767
Inconel 718,400,800,110,40,238.4,252.2,1589.9,0,False,1.0578859060402683,40.0,433.02609234692767
Inconel 718,400,800,110,50,238.4,252.2,1589.9,0,False,1.0578859060402683,40.0,433.02609234692767
Inconel 718,400,1000,70,30,208.7,214.9,1417.3,0,False,1.0297077144226163,40.0,433.02609234692767
Inconel 718,400,1000,70,40,208.7,214.9,1417.3,0,False,1.0297077144226163,40.0,433.02609234692767
Inconel 718,400,1000,70,50,208.7,214.9,1417.3,0,False,1.0297077144226163,40.0,433.02609234692767
Inconel 718,400,1000,90,30,208.7,214.9,1417.3,0,False,1.0297077144226163,40.0,433.02609234692767
Inconel 718,400,1000,90,40,208.7,214.9,1417.3,0,False,1.0297077144226163,40.0,433.02609234692767
Inconel 718,400,1000,90,50,208.7,214.9,1417.3,0,False,1.0297077144226163,40.0,433.02609234692767
Inconel 718,400,1000,110,30,208.7,214.9,1417.3,0,False,1.0297077144226163,40.0,433.02609234692767
Inconel 718,400,1000,110,40,208.7,214.9,1417.3,0,False,1.0297077144226163,40.0,433.02609234692767
Inconel 718,400,1000,110,50,208.7,214.9,1417.3,0,False,1.0297077144226163,40.0,433.02609234692767
Inconel 718,400,1200,70,30,186.3,187.5,1289.3,0,False,1.0064412238325282,40.0,433.02609234692767
Inconel 718,400,1200,70,40,186.3,187.5,1289.3,0,False,1.0064412238325282,40.0,433.02609234692767
Inconel 718,400,1200,70,50,186.3,187.5,1289.3,0,False,1.0064412238325282,40.0,433.02609234692767
Inconel 718,400,1200,90,30,186.3,187.5,1289.3,0,False,1.0064412238325282,40.0,433.02609234692767
Inconel 718,400,1200,90,40,186.3,187.5,1289.3,0,False,1.0064412238325282,40.0,433.02609234692767
Inconel 718,400,1200,90,50,186.3,187.5,1289.3,0,False,1.0064412238325282,40.0,433.02609234692767
Inconel 718,400,1200,110,30,186.3,187.5,1289.3,0,False,1.0064412238325282,40.0,433.02609234692767
Inconel 718,400,1200,110,40,186.3,187.5,1289.3,0,False,1.0064412238325282,40.0,433.02609234692767
Inconel 718,400,1200,110,50,186.3,187.5,1289.3,0,False,1.0064412238325282,40.0,433.02609234692767
Inconel 718,400,1400,70,30,196.2,100.6,233.9,0,False,0.5127420998980632,5.0,612.3913726584493
Inconel 718,400,1400,70,40,196.2,100.6,233.9,0,False,0.5127420998980632,5.0,612.3913726584493
Inconel 718,400,1400,70,50,196.2,100.6,233.9,0,False,0.5127420998980632,5.0,612.3913726584493
Inconel 718,400,1400,90,30,196.2,100.6,233.9,0,False,0.5127420998980632,5.0,612.3913726584493
Inconel 718,400,1400,90,40,196.2,100.6,233.9,0,False,0.5127420998980632,5.0,612.3913726584493
Inconel 718,400,1400,90,50,196.2,100.6,233.9,0,False,0.5127420998980632,5.0,612.3913726584493
Inconel 718,400,1400,110,30,196.2,100.6,233.9,0,False,0.5127420998980632,5.0,612.3913726584493
Inconel 718,400,1400,110,40,196.2,100.6,233.9,0,False,0.5127420998980632,5.0,612.3913726584493
Inconel 718,400,1400,110,50,196.2,100.6,233.9,0,False,0.5127420998980632,5.0,612.3913726584493
Inconel 718,400,1600,70,30,184.5,93.4,220.9,0,False,0.5062330623306234,5.0,612.3913726584493
Inconel 718,400,1600,70,40,184.5,93.4,220.9,0,False,0.5062330623306234,5.0,612.3913726584493
Inconel 718,400,1600,70,50,184.5,93.4,220.9,0,False,0.5062330623306234,5.0,612.3913726584493
Inconel 718,400,1600,90,30,184.5,93.4,220.9,0,False,0.5062330623306234,5.0,612.3913726584493
Inconel 718,400,1600,90,40,184.5,93.4,220.9,0,False,0.5062330623306234,5.0,612.3913726584493
Inconel 718,400,1600,90,50,184.5,93.4,220.9,0,False,0.5062330623306234,5.0,612.3913726584493
Inconel 718,400,1600,110,30,184.5,93.4,220.9,0,False,0.5062330623306234,5.0,612.3913726584493
Inconel 718,400,1600,110,40,184.5,93.4,220.9,0,False,0.5062330623306234,5.0,612.3913726584493
Inconel 718,400,1600,110,50,184.5,93.4,220.9,0,False,0.5062330623306234,5.0,612.3913726584493
Inconel 718,400,1800,70,30,174.8,87.5,210.3,0,False,0.5005720823798626,5.0,612.3913726584493
Inconel 718,400,1800,70,40,174.8,87.5,210.3,0,False,0.5005720823798626,5.0,612.3913726584493
Inconel 718,400,1800,70,50,174.8,87.5,210.3,0,False,0.5005720823798626,5.0,612.3913726584493
Inconel 718,400,1800,90,30,174.8,87.5,210.3,0,False,0.5005720823798626,5.0,612.3913726584493
Inconel 718,400,1800,90,40,174.8,87.5,210.3,0,False,0.5005720823798626,5.0,612.3913726584493
Inconel 718,400,1800,90,50,174.8,87.5,210.3,0,False,0.5005720823798626,5.0,612.3913726584493
Inconel 718,400,1800,110,30,174.8,87.5,210.3,0,False,0.5005720823798626,5.0,612.3913726584493
Inconel 718,400,1800,110,40,174.8,87.5,210.3,0,False,0.5005720823798626,5.0,612.3913726584493
Inconel 718,400,1800,110,50,174.8,87.5,210.3,0,False,0.5005720823798626,5.0,612.3913726584493
Inconel 718,400,2000,70,30,166.6,82.5,201.3,0,False,0.4951980792316927,5.0,612.3913726584493
Inconel 718,400,2000,70,40,166.6,82.5,201.3,0,False,0.4951980792316927,5.0,612.3913726584493
Inconel 718,400,2000,70,50,166.6,82.5,201.3,0,False,0.4951980792316927,5.0,612.3913726584493
Inconel 718,400,2000,90,30,166.6,82.5,201.3,0,False,0.4951980792316927,5.0,612.3913726584493
Inconel 718,400,2000,90,40,166.6,82.5,201.3,0,False,0.4951980792316927,5.0,612.3913726584493
Inconel 718,400,2000,90,50,166.6,82.5,201.3,0,False,0.4951980792316927,5.0,612.3913726584493
Inconel 718,400,2000,110,30,166.6,82.5,201.3,0,False,0.4951980792316927,5.0,612.3913726584493
Inconel 718,400,2000,110,40,166.6,82.5,201.3,0,False,0.4951980792316927,5.0,612.3913726584493
Inconel 718,400,2000,110,50,166.6,82.5,201.3,0,False,0.4951980792316927,5.0,612.3913726584493
Inconel 718,450,400,70,30,368.5,425.3,2279.8,0,False,1.1541383989145184,40.0,433.02609234692767
Inconel 718,450,400,70,40,368.5,425.3,2279.8,0,False,1.1541383989145184,40.0,433.02609234692767
Inconel 718,450,400,70,50,368.5,425.3,2279.8,0,False,1.1541383989145184,40.0,433.02609234692767
Inconel 718,450,400,90,30,368.5,425.3,2279.8,0,False,1.1541383989145184,40.0,433.02609234692767
Inconel 718,450,400,90,40,368.5,425.3,2279.8,0,False,1.1541383989145184,40.0,433.02609234692767
Inconel 718,450,400,90,50,368.5,425.3,2279.8,0,False,1.1541383989145184,40.0,433.02609234692767
Inconel 718,450,400,110,30,368.5,425.3,2279.8,0,False,1.1541383989145184,40.0,433.02609234692767
Inconel 718,450,400,110,40,368.5,425.3,2279.8,0,False,1.1541383989145184,40.0,433.02609234692767
Inconel 718,450,400,110,50,368.5,425.3,2279.8,0,False,1.1541383989145184,40.0,433.02609234692767
Inconel 718,450,600,70,30,297.1,328.8,1953.7,0,False,1.106698081454056,40.0,433.02609234692767
Inconel 718,450,600,70,40,297.1,328.8,1953.7,0,False,1.106698081454056,40.0,433.02609234692767
Inconel 718,450,600,70,50,297.1,328.8,1953.7,0,False,1.106698081454056,40.0,433.02609234692767
Inconel 718,450,600,90,30,297.1,328.8,1953.7,0,False,1.106698081454056,40.0,433.02609234692767
Inconel 718,450,600,90,40,297.1,328.8,1953.7,0,False,1.106698081454056,40.0,433.02609234692767
Inconel 718,450,600,90,50,297.1,328.8,1953.7,0,False,1.106698081454056,40.0,433.02609234692767
Inconel 718,450,600,110,30,297.1,328.8,1953.7,0,False,1.106698081454056,40.0,433.02609234692767
Inconel 718,450,600,110,40,297.1,328.8,1953.7,0,False,1.106698081454056,40.0,433.02609234692767
Inconel 718,450,600,110,50,297.1,328.8,1953.7,0,False,1.106698081454056,40.0,433.02609234692767
Inconel 718,450,800,70,30,251.9,269.9,1686.4,0,False,1.0714569273521235,40.0,433.02609234692767
Inconel 718,450,800,70,40,251.9,269.9,1686.4,0,False,1.0714569273521235,40.0,433.02609234692767
Inconel 718,450,800,70,50,251.9,269.9,1686.4,0,False,1.0714569273521235,40.0,433.02609234692767
Inconel 718,450,800,90,30,251.9,269.9,1686.4,0,False,1.0714569273521235,40.0,433.02609234692767
Inconel 718,450,800,90,40,251.9,269.9,1686.4,0,False,1.0714569273521235,40.0,433.02609234692767
Inconel 718,450,800,90,50,251.9,269.9,1686.4,0,False,1.0714569273521235,40.0,433.02609234692767
Inconel 718,450,800,110,30,251.9,269.9,1686.4,0,False,1.0714569273521235,40.0,433.02609234692767
Inconel 718,450,800,110,40,251.9,269.9,1686.4,0,False,1.0714569273521235,40.0,433.02609234692767
Inconel 718,450,800,110,50,251.9,269.9,1686.4,0,False,1.0714569273521235,40.0,433.02609234692767
Inconel 718,450,1000,70,30,220.2,230.1,1503.6,0,False,1.0449591280653951,40.0,433.02609234692767
Inconel 718,450,1000,70,40,220.2,230.1,1503.6,0,False,1.0449591280653951,40.0,433.02609234692767
Inconel 718,450,1000,70,50,220.2,230.1,1503.6,0,False,1.0449591280653951,40.0,433.02609234692767
Inconel 718,450,1000,90,30,220.2,230.1,1503.6,0,False,1.0449591280653951,40.0,433.02609234692767
Inconel 718,450,1000,90,40,220.2,230.1,1503.6,0,False,1.0449591280653951,40.0,433.02609234692767
Inconel 718,450,1000,90,50,220.2,230.1,1503.6,0,False,1.0449591280653951,40.0,433.02609234692767
Inconel 718,450,1000,110,30,220.2,230.1,1503.6,0,False,1.0449591280653951,40.0,433.02609234692767
Inconel 718,450,1000,110,40,220.2,230.1,1503.6,0,False,1.0449591280653951,40.0,433.02609234692767
Inconel 718,450,1000,110,50,220.2,230.1,1503.6,0,False,1.0449591280653951,40.0,433.02609234692767
Inconel 718,450,1200,70,30,196.5,201.0,1368.2,0,False,1.0229007633587786,40.0,433.02609234692767
Inconel 718,450,1200,70,40,196.5,201.0,1368.2,0,False,1.0229007633587786,40.0,433.02609234692767
Inconel 718,450,1200,70,50,196.5,201.0,1368.2,0,False,1.0229007633587786,40.0,433.02609234692767
Inconel 718,450,1200,90,30,196.5,201.0,1368.2,0,False,1.0229007633587786,40.0,433.02609234692767
Inconel 718,450,1200,90,40,196.5,201.0,1368.2,0,False,1.0229007633587786,40.0,433.02609234692767
Inconel 718,450,1200,90,50,196.5,201.0,1368.2,0,False,1.0229007633587786,40.0,433.02609234692767
Inconel 718,450,1200,110,30,196.5,201.0,1368.2,0,False,1.0229007633587786,40.0,433.02609234692767
Inconel 718,450,1200,110,40,196.5,201.0,1368.2,0,False,1.0229007633587786,40.0,433.02609234692767
Inconel 718,450,1200,110,50,196.5,201.0,1368.2,0,False,1.0229007633587786,40.0,433.02609234692767
Inconel 718,450,1400,70,30,207.3,108.4,246.1,0,False,0.5229136517124939,5.0,612.3913726584493
Inconel 718,450,1400,70,40,207.3,108.4,246.1,0,False,0.5229136517124939,5.0,612.3913726584493
Inconel 718,450,1400,70,50,207.3,108.4,246.1,0,False,0.5229136517124939,5.0,612.3913726584493
Inconel 718,450,1400,90,30,207.3,108.4,246.1,0,False,0.5229136517124939,5.0,612.3913726584493
Inconel 718,450,1400,90,40,207.3,108.4,246.1,0,False,0.5229136517124939,5.0,612.3913726584493
Inconel 718,450,1400,90,50,207.3,108.4,246.1,0,False,0.5229136517124939,5.0,612.3913726584493
Inconel 718,450,1400,110,30,207.3,108.4,246.1,0,False,0.5229136517124939,5.0,612.3913726584493
Inconel 718,450,1400,110,40,207.3,108.4,246.1,0,False,0.5229136517124939,5.0,612.3913726584493
Inconel 718,450,1400,110,50,207.3,108.4,246.1,0,False,0.5229136517124939,5.0,612.3913726584493
Inconel 718,450,1600,70,30,194.8,100.7,232.3,0,False,0.5169404517453798,5.0,612.3913726584493
Inconel 718,450,1600,70,40,194.8,100.7,232.3,0,False,0.5169404517453798,5.0,612.3913726584493
Inconel 718,450,1600,70,50,194.8,100.7,232.3,0,False,0.5169404517453798,5.0,612.3913726584493
Inconel 718,450,1600,90,30,194.8,100.7,232.3,0,False,0.5169404517453798,5.0,612.3913726584493
Inconel 718,450,1600,90,40,194.8,100.7,232.3,0,False,0.5169404517453798,5.0,612.3913726584493
Inconel 718,450,1600,90,50,194.8,100.7,232.3,0,False,0.5169404517453798,5.0,612.3913726584493
Inconel 718,450,1600,110,30,194.8,100.7,232.3,0,False,0.5169404517453798,5.0,612.3913726584493
Inconel 718,450,1600,110,40,194.8,100.7,232.3,0,False,0.5169404517453798,5.0,612.3913726584493
Inconel 718,450,1600,110,50,194.8,100.7,232.3,0,False,0.5169404517453798,5.0,612.3913726584493
Inconel 718,450,1800,70,30,184.5,94.4,220.9,0,False,0.5116531165311653,5.0,612.3913726584493
Inconel 718,450,1800,70,40,184.5,94.4,220.9,0,False,0.5116531165311653,5.0,612.3913726584493
Inconel 718,450,1800,70,50,184.5,94.4,220.9,0,False,0.5116531165311653,5.0,612.3913726584493
Inconel 718,450,1800,90,30,184.5,94.4,220.9,0,False,0.5116531165311653,5.0,612.3913726584493
Inconel 718,450,1800,90,40,184.5,94.4,220.9,0,False,0.5116531165311653,5.0,612.3913726584493
Inconel 718,450,1800,90,50,184.5,94.4,220.9,0,False,0.5116531165311653,5.0,612.3913726584493
Inconel 718,450,1800,110,30,184.5,94.4,220.9,0,False,0.5116531165311653,5.0,612.3913726584493
Inconel 718,450,1800,110,40,184.5,94.4,220.9,0,False,0.5116531165311653,5.0,612.3913726584493
Inconel 718,450,1800,110,50,184.5,94.4,220.9,0,False,0.5116531165311653,5.0,612.3913726584493
Inconel 718,450,2000,70,30,175.8,89.1,211.4,0,False,0.5068259385665528,5.0,612.3913726584493
Inconel 718,450,2000,70,40,175.8,89.1,211.4,0,False,0.5068259385665528,5.0,612.3913726584493
Inconel 718,450,2000,70,50,175.8,89.1,211.4,0,False,0.5068259385665528,5.0,612.3913726584493
Inconel 718,450,2000,90,30,175.8,89.1,211.4,0,False,0.5068259385665528,5.0,612.3913726584493
Inconel 718,450,2000,90,40,175.8,89.1,211.4,0,False,0.5068259385665528,5.0,612.3913726584493
Inconel 718,450,2000,90,50,175.8,89.1,211.4,0,False,0.5068259385665528,5.0,612.3913726584493
Inconel 718,450,2000,110,30,175.8,89.1,211.4,0,False,0.5068259385665528,5.0,612.3913726584493
Inconel 718,450,2000,110,40,175.8,89.1,211.4,0,False,0.5068259385665528,5.0,612.3913726584493
Inconel 718,450,2000,110,50,175.8,89.1,211.4,0,False,0.5068259385665528,5.0,612.3913726584493
AlSi10Mg,100,400,70,30,85.1,42.5,89.0,0,True,0.4994124559341951,5.0,256.9856653120279
AlSi10Mg,100,400,70,40,85.1,42.5,89.0,0,True,0.4994124559341951,5.0,256.9856653120279
AlSi10Mg,100,400,70,50,85.1,42.5,89.0,0,True,0.4994124559341951,5.0,256.9856653120279
AlSi10Mg,100,400,90,30,85.1,42.5,89.0,0,True,0.4994124559341951,5.0,256.9856653120279
AlSi10Mg,100,400,90,40,85.1,42.5,89.0,0,True,0.4994124559341951,5.0,256.9856653120279
AlSi10Mg,100,400,90,50,85.1,42.5,89.0,0,True,0.4994124559341951,5.0,256.9856653120279
AlSi10Mg,100,400,110,30,85.1,42.5,89.0,0,True,0.4994124559341951,5.0,256.9856653120279
AlSi10Mg,100,400,110,40,85.1,42.5,89.0,0,True,0.4994124559341951,5.0,256.9856653120279
AlSi10Mg,100,400,110,50,85.1,42.5,89.0,0,True,0.4994124559341951,5.0,256.9856653120279
AlSi10Mg,100,600,70,30,75.0,37.8,81.3,0,True,0.504,5.0,256.9856653120279
AlSi10Mg,100,600,70,40,75.0,37.8,81.3,0,True,0.504,5.0,256.9856653120279
AlSi10Mg,100,600,70,50,75.0,37.8,81.3,0,True,0.504,5.0,256.9856653120279
AlSi10Mg,100,600,90,30,75.0,37.8,81.3,0,True,0.504,5.0,256.9856653120279
AlSi10Mg,100,600,90,40,75.0,37.8,81.3,0,True,0.504,5.0,256.9856653120279
AlSi10Mg,100,600,90,50,75.0,37.8,81.3,0,True,0.504,5.0,256.9856653120279
AlSi10Mg,100,600,110,30,75.0,37.8,81.3,0,True,0.504,5.0,256.9856653120279
AlSi10Mg,100,600,110,40,75.0,37.8,81.3,0,True,0.504,5.0,256.9856653120279
AlSi10Mg,100,600,110,50,75.0,37.8,81.3,0,True,0.504,5.0,256.9856653120279
AlSi10Mg,100,800,70,30,67.6,33.9,80.0,0,True,0.5014792899408285,5.0,256.9856653120279
AlSi10Mg,100,800,70,40,67.6,33.9,80.0,0,True,0.5014792899408285,5.0,256.9856653120279
AlSi10Mg,100,800,70,50,67.6,33.9,80.0,0,True,0.5014792899408285,5.0,256.9856653120279
AlSi10Mg,100,800,90,30,67.6,33.9,80.0,0,True,0.5014792899408285,5.0,256.9856653120279
AlSi10Mg,100,800,90,40,67.6,33.9,80.0,0,True,0.5014792899408285,5.0,256.9856653120279
AlSi10Mg,100,800,90,50,67.6,33.9,80.0,0,True,0.5014792899408285,5.0,256.9856653120279
AlSi10Mg,100,800,110,30,67.6,33.9,80.0,0,True,0.5014792899408285,5.0,256.9856653120279
AlSi10Mg,100,800,110,40,67.6,33.9,80.0,0,True,0.5014792899408285,5.0,256.9856653120279
AlSi10Mg,100,800,110,50,67.6,33.9,80.0,0,True,0.5014792899408285,5.0,256.9856653120279
AlSi10Mg,100,1000,70,30,61.2,30.5,80.0,0,True,0.4983660130718954,5.0,256.9856653120279
AlSi10Mg,100,1000,70,40,61.2,30.5,80.0,0,True,0.4983660130718954,5.0,256.9856653120279
AlSi10Mg,100,1000,70,50,61.2,30.5,80.0,0,True,0.4983660130718954,5.0,256.9856653120279
AlSi10Mg,100,1000,90,30,61.2,30.5,80.0,0,True,0.4983660130718954,5.0,256.9856653120279
AlSi10Mg,100,1000,90,40,61.2,30.5,80.0,0,True,0.4983660130718954,5.0,256.9856653120279
AlSi10Mg,100,1000,90,50,61.2,30.5,80.0,0,True,0.4983660130718954,5.0,256.9856653120279
AlSi10Mg,100,1000,110,30,61.2,30.5,80.0,0,True,0.4983660130718954,5.0,256.9856653120279
AlSi10Mg,100,1000,110,40,61.2,30.5,80.0,0,True,0.4983660130718954,5.0,256.9856653120279
AlSi10Mg,100,1000,110,50,61.2,30.5,80.0,0,True,0.4983660130718954,5.0,256.9856653120279
AlSi10Mg,100,1200,70,30,55.6,27.5,80.0,0,True,0.4946043165467625,5.0,256.9856653120279
AlSi10Mg,100,1200,70,40,55.6,27.5,80.0,0,True,0.4946043165467625,5.0,256.9856653120279
AlSi10Mg,100,1200,70,50,55.6,27.5,80.0,0,True,0.4946043165467625,5.0,256.9856653120279
AlSi10Mg,100,1200,90,30,55.6,27.5,80.0,0,True,0.4946043165467625,5.0,256.9856653120279
AlSi10Mg,100,1200,90,40,55.6,27.5,80.0,0,True,0.4946043165467625,5.0,256.9856653120279
AlSi10Mg,100,1200,90,50,55.6,27.5,80.0,0,True,0.4946043165467625,5.0,256.9856653120279
AlSi10Mg,100,1200,110,30,55.6,27.5,80.0,0,True,0.4946043165467625,5.0,256.9856653120279
AlSi10Mg,100,1200,110,40,55.6,27.5,80.0,0,True,0.4946043165467625,5.0,256.9856653120279
AlSi10Mg,100,1200,110,50,55.6,27.5,80.0,0,True,0.4946043165467625,5.0,256.9856653120279
AlSi10Mg,100,1400,70,30,50.4,24.7,80.0,0,True,0.490079365079365,5.0,256.9856653120279
AlSi10Mg,100,1400,70,40,50.4,24.7,80.0,0,True,0.490079365079365,5.0,256.9856653120279
AlSi10Mg,100,1400,70,50,50.4,24.7,80.0,0,True,0.490079365079365,5.0,256.9856653120279
AlSi10Mg,100,1400,90,30,50.4,24.7,80.0,0,True,0.490079365079365,5.0,256.9856653120279
AlSi10Mg,100,1400,90,40,50.4,24.7,80.0,0,True,0.490079365079365,5.0,256.9856653120279
AlSi10Mg,100,1400,90,50,50.4,24.7,80.0,0,True,0.490079365079365,5.0,256.9856653120279
AlSi10Mg,100,1400,110,30,50.4,24.7,80.0,0,True,0.490079365079365,5.0,256.9856653120279
AlSi10Mg,100,1400,110,40,50.4,24.7,80.0,0,True,0.490079365079365,5.0,256.9856653120279
AlSi10Mg,100,1400,110,50,50.4,24.7,80.0,0,True,0.490079365079365,5.0,256.9856653120279
AlSi10Mg,100,1600,70,30,45.5,22.1,80.0,0,True,0.4857142857142857,5.0,256.9856653120279
AlSi10Mg,100,1600,70,40,45.5,22.1,80.0,0,True,0.4857142857142857,5.0,256.9856653120279
AlSi10Mg,100,1600,70,50,45.5,22.1,80.0,0,True,0.4857142857142857,5.0,256.9856653120279
AlSi10Mg,100,1600,90,30,45.5,22.1,80.0,0,True,0.4857142857142857,5.0,256.9856653120279
AlSi10Mg,100,1600,90,40,45.5,22.1,80.0,0,True,0.4857142857142857,5.0,256.9856653120279
AlSi10Mg,100,1600,90,50,45.5,22.1,80.0,0,True,0.4857142857142857,5.0,256.9856653120279
AlSi10Mg,100,1600,110,30,45.5,22.1,80.0,0,True,0.4857142857142857,5.0,256.9856653120279
AlSi10Mg,100,1600,110,40,45.5,22.1,80.0,0,True,0.4857142857142857,5.0,256.9856653120279
AlSi10Mg,100,1600,110,50,45.5,22.1,80.0,0,True,0.4857142857142857,5.0,256.9856653120279
AlSi10Mg,100,1800,70,30,44.0,19.6,80.0,0,True,0.4454545454545455,5.0,256.9856653120279
AlSi10Mg,100,1800,70,40,44.0,19.6,80.0,0,True,0.4454545454545455,5.0,256.9856653120279
AlSi10Mg,100,1800,70,50,44.0,19.6,80.0,0,True,0.4454545454545455,5.0,256.9856653120279
AlSi10Mg,100,1800,90,30,44.0,19.6,80.0,0,True,0.4454545454545455,5.0,256.9856653120279
AlSi10Mg,100,1800,90,40,44.0,19.6,80.0,0,True,0.4454545454545455,5.0,256.9856653120279
AlSi10Mg,100,1800,90,50,44.0,19.6,80.0,0,True,0.4454545454545455,5.0,256.9856653120279
AlSi10Mg,100,1800,110,30,44.0,19.6,80.0,0,True,0.4454545454545455,5.0,256.9856653120279
AlSi10Mg,100,1800,110,40,44.0,19.6,80.0,0,True,0.4454545454545455,5.0,256.9856653120279
AlSi10Mg,100,1800,110,50,44.0,19.6,80.0,0,True,0.4454545454545455,5.0,256.9856653120279
AlSi10Mg,100,2000,70,30,44.0,17.1,80.0,0,True,0.3886363636363636,5.0,256.9856653120279
AlSi10Mg,100,2000,70,40,44.0,17.1,80.0,0,True,0.3886363636363636,5.0,256.9856653120279
AlSi10Mg,100,2000,70,50,44.0,17.1,80.0,0,True,0.3886363636363636,5.0,256.9856653120279
AlSi10Mg,100,2000,90,30,44.0,17.1,80.0,0,True,0.3886363636363636,5.0,256.9856653120279
AlSi10Mg,100,2000,90,40,44.0,17.1,80.0,0,True,0.3886363636363636,5.0,256.9856653120279
AlSi10Mg,100,2000,90,50,44.0,17.1,80.0,0,True,0.3886363636363636,5.0,256.9856653120279
AlSi10Mg,100,2000,110,30,44.0,17.1,80.0,0,True,0.3886363636363636,5.0,256.9856653120279
AlSi10Mg,100,2000,110,40,44.0,17.1,80.0,0,True,0.3886363636363636,5.0,256.9856653120279
AlSi10Mg,100,2000,110,50,44.0,17.1,80.0,0,True,0.3886363636363636,5.0,256.9856653120279
AlSi10Mg,150,400,70,30,177.4,112.1,199.7,0,False,0.6319052987598647,40.0,181.71630660987145
AlSi10Mg,150,400,70,40,177.4,112.1,199.7,0,False,0.6319052987598647,40.0,181.71630660987145
AlSi10Mg,150,400,70,50,177.4,112.1,199.7,0,False,0.6319052987598647,40.0,181.71630660987145
AlSi10Mg,150,400,90,30,177.4,112.1,199.7,0,False,0.6319052987598647,40.0,181.71630660987145
AlSi10Mg,150,400,90,40,177.4,112.1,199.7,0,False,0.6319052987598647,40.0,181.71630660987145
AlSi10Mg,150,400,90,50,177.4,112.1,199.7,0,False,0.6319052987598647,40.0,181.71630660987145
AlSi10Mg,150,400,110,30,177.4,112.1,199.7,0,False,0.6319052987598647,40.0,181.71630660987145
AlSi10Mg,150,400,110,40,177.4,112.1,199.7,0,False,0.6319052987598647,40.0,181.71630660987145
AlSi10Mg,150,400,110,50,177.4,112.1,199.7,0,False,0.6319052987598647,40.0,181.71630660987145
AlSi10Mg,150,600,70,30,114.8,57.8,129.4,0,False,0.5034843205574913,5.0,256.9856653120279
AlSi10Mg,150,600,70,40,114.8,57.8,129.4,0,False,0.5034843205574913,5.0,256.9856653120279
AlSi10Mg,150,600,70,50,114.8,57.8,129.4,0,True,0.5034843205574913,5.0,256.9856653120279
AlSi10Mg,150,600,90,30,114.8,57.8,129.4,0,False,0.5034843205574913,5.0,256.9856653120279
AlSi10Mg,150,600,90,40,114.8,57.8,129.4,0,True,0.5034843205574913,5.0,256.9856653120279
AlSi10Mg,150,600,90,50,114.8,57.8,129.4,0,True,0.5034843205574913,5.0,256.9856653120279
AlSi10Mg,150,600,110,30,114.8,57.8,129.4,0,True,0.5034843205574913,5.0,256.9856653120279
AlSi10Mg,150,600,110,40,114.8,57.8,129.4,0,True,0.5034843205574913,5.0,256.9856653120279
AlSi10Mg,150,600,110,50,114.8,57.8,129.4,0,True,0.5034843205574913,5.0,256.9856653120279
AlSi10Mg,150,800,70,30,104.3,52.2,121.8,0,False,0.5004793863854267,5.0,256.9856653120279
AlSi10Mg,150,800,70,40,104.3,52.2,121.8,0,True,0.5004793863854267,5.0,256.9856653120279
AlSi10Mg,150,800,70,50,104.3,52.2,121.8,0,True,0.5004793863854267,5.0,256.9856653120279
AlSi10Mg,150,800,90,30,104.3,52.2,121.8,0,True,0.5004793863854267,5.0,256.9856653120279
AlSi10Mg,150,800,90,40,104.3,52.2,121.8,0,True,0.5004793863854267,5.0,256.9856653120279
AlSi10Mg,150,800,90,50,104.3,52.2,121.8,0,True,0.5004793863854267,5.0,256.9856653120279
AlSi10Mg,150,800,110,30,104.3,52.2,121.8,0,True,0.5004793863854267,5.0,256.9856653120279
AlSi10Mg,150,800,110,40,104.3,52.2,121.8,0,True,0.5004793863854267,5.0,256.9856653120279
AlSi10Mg,150,800,110,50,104.3,52.2,121.8,0,True,0.5004793863854267,5.0,256.9856653120279
AlSi10Mg,150,1000,70,30,95.7,47.6,115.7,0,False,0.4973876698014629,5.0,256.9856653120279
AlSi10Mg,150,1000,70,40,95.7,47.6,115.7,0,True,0.4973876698014629,5.0,256.9856653120279
AlSi10Mg,150,1000,70,50,95.7,47.6,115.7,0,True,0.4973876698014629,5.0,256.9856653120279
AlSi10Mg,150,1000,90,30,95.7,47.6,115.7,0,True,0.4973876698014629,5.0,256.9856653120279
AlSi10Mg,150,1000,90,40,95.7,47.6,115.7,0,True,0.4973876698014629,5.0,256.9856653120279
AlSi10Mg,150,1000,90,50,95.7,47.6,115.7,0,True,0.4973876698014629,5.0,256.9856653120279
AlSi10Mg,150,1000,110,30,95.7,47.6,115.7,0,True,0.4973876698014629,5.0,256.9856653120279
AlSi10Mg,150,1000,110,40,95.7,47.6,115.7,0,True,0.4973876698014629,5.0,256.9856653120279
AlSi10Mg,150,1000,110,50,95.7,47.6,115.7,0,True,0.4973876698014629,5.0,256.9856653120279
AlSi10Mg,150,1200,70,30,88.4,43.8,110.4,0,True,0.4954751131221719,5.0,256.9856653120279
AlSi10Mg,150,1200,70,40,88.4,43.8,110.4,0,True,0.4954751131221719,5.0,256.9856653120279
AlSi10Mg,150,1200,70,50,88.4,43.8,110.4,0,True,0.4954751131221719,5.0,256.9856653120279
AlSi10Mg,150,1200,90,30,88.4,43.8,110.4,0,True,0.4954751131221719,5.0,256.9856653120279
AlSi10Mg,150,1200,90,40,88.4,43.8,110.4,0,True,0.4954751131221719,5.0,256.9856653120279
AlSi10Mg,150,1200,90,50,88.4,43.8,110.4,0,True,0.4954751131221719,5.0,256.9856653120279
AlSi10Mg,150,1200,110,30,88.4,43.8,110.4,0,True,0.4954751131221719,5.0,256.9856653120279
AlSi10Mg,150,1200,110,40,88.4,43.8,110.4,0,True,0.4954751131221719,5.0,256.9856653120279
AlSi10Mg,150,1200,110,50,88.4,43.8,110.4,0,True,0.4954751131221719,5.0,256.9856653120279
AlSi10Mg,150,1400,70,30,82.2,40.5,105.7,0,True,0.4927007299270073,5.0,256.9856653120279
AlSi10Mg,150,1400,70,40,82.2,40.5,105.7,0,True,0.4927007299270073,5.0,256.9856653120279
AlSi10Mg,150,1400,70,50,82.2,40.5,105.7,0,True,0.4927007299270073,5.0,256.9856653120279
AlSi10Mg,150,1400,90,30,82.2,40.5,105.7,0,True,0.4927007299270073,5.0,256.9856653120279
AlSi10Mg,150,1400,90,40,82.2,40.5,105.7,0,True,0.4927007299270073,5.0,256.9856653120279
AlSi10Mg,150,1400,90,50,82.2,40.5,105.7,0,True,0.4927007299270073,5.0,256.9856653120279
AlSi10Mg,150,1400,110,30,82.2,40.5,105.7,0,True,0.4927007299270073,5.0,256.9856653120279
AlSi10Mg,150,1400,110,40,82.2,40.5,105.7,0,True,0.4927007299270073,5.0,256.9856653120279
AlSi10Mg,150,1400,110,50,82.2,40.5,105.7,0,True,0.4927007299270073,5.0,256.9856653120279
AlSi10Mg,150,1600,70,30,76.6,37.6,101.5,0,True,0.4908616187989557,5.0,256.9856653120279
AlSi10Mg,150,1600,70,40,76.6,37.6,101.5,0,True,0.4908616187989557,5.0,256.9856653120279
AlSi10Mg,150,1600,70,50,76.6,37.6,101.5,0,True,0.4908616187989557,5.0,256.9856653120279
AlSi10Mg,150,1600,90,30,76.6,37.6,101.5,0,True,0.4908616187989557,5.0,256.9856653120279
AlSi10Mg,150,1600,90,40,76.6,37.6,101.5,0,True,0.4908616187989557,5.0,256.9856653120279
AlSi10Mg,150,1600,90,50,76.6,37.6,101.5,0,True,0.4908616187989557,5.0,256.9856653120279
AlSi10Mg,150,1600,110,30,76.6,37.6,101.5,0,True,0.4908616187989557,5.0,256.9856653120279
AlSi10Mg,150,1600,110,40,76.6,37.6,101.5,0,True,0.4908616187989557,5.0,256.9856653120279
AlSi10Mg,150,1600,110,50,76.6,37.6,101.5,0,True,0.4908616187989557,5.0,256.9856653120279
AlSi10Mg,150,1800,70,30,71.6,35.0,97.6,0,True,0.4888268156424581,5.0,256.9856653120279
AlSi10Mg,150,1800,70,40,71.6,35.0,97.6,0,True,0.4888268156424581,5.0,256.9856653120279
AlSi10Mg,150,1800,70,50,71.6,35.0,97.6,0,True,0.4888268156424581,5.0,256.9856653120279
AlSi10Mg,150,1800,90,30,71.6,35.0,97.6,0,True,0.4888268156424581,5.0,256.9856653120279
AlSi10Mg,150,1800,90,40,71.6,35.0,97.6,0,True,0.4888268156424581,5.0,256.9856653120279
AlSi10Mg,150,1800,90,50,71.6,35.0,97.6,0,True,0.4888268156424581,5.0,256.9856653120279
AlSi10Mg,150,1800,110,30,71.6,35.0,97.6,0,True,0.4888268156424581,5.0,256.9856653120279
AlSi10Mg,150,1800,110,40,71.6,35.0,97.6,0,True,0.4888268156424581,5.0,256.9856653120279
AlSi10Mg,150,1800,110,50,71.6,35.0,97.6,0,True,0.4888268156424581,5.0,256.9856653120279
AlSi10Mg,150,2000,70,30,67.1,32.6,93.9,0,True,0.4858420268256334,5.0,256.9856653120279
AlSi10Mg,150,2000,70,40,67.1,32.6,93.9,0,True,0.4858420268256334,5.0,256.9856653120279
AlSi10Mg,150,2000,70,50,67.1,32.6,93.9,0,True,0.4858420268256334,5.0,256.9856653120279
AlSi10Mg,150,2000,90,30,67.1,32.6,93.9,0,True,0.4858420268256334,5.0,256.9856653120279
AlSi10Mg,150,2000,90,40,67.1,32.6,93.9,0,True,0.4858420268256334,5.0,256.9856653120279
AlSi10Mg,150,2000,90,50,67.1,32.6,93.9,0,True,0.4858420268256334,5.0,256.9856653120279
AlSi10Mg,150,2000,110,30,67.1,32.6,93.9,0,True,0.4858420268256334,5.0,256.9856653120279
AlSi10Mg,150,2000,110,40,67.1,32.6,93.9,0,True,0.4858420268256334,5.0,256.9856653120279
AlSi10Mg,150,2000,110,50,67.1,32.6,93.9,0,True,0.4858420268256334,5.0,256.9856653120279
AlSi10Mg,200,400,70,30,292.3,215.0,360.7,0,False,0.7355456722545329,40.0,181.71630660987145
AlSi10Mg,200,400,70,40,292.3,215.0,360.7,0,False,0.7355456722545329,40.0,181.71630660987145
AlSi10Mg,200,400,70,50,292.3,215.0,360.7,0,False,0.7355456722545329,40.0,181.71630660987145
AlSi10Mg,200,400,90,30,292.3,215.0,360.7,0,False,0.7355456722545329,40.0,181.71630660987145
AlSi10Mg,200,400,90,40,292.3,215.0,360.7,0,False,0.7355456722545329,40.0,181.71630660987145
AlSi10Mg,200,400,90,50,292.3,215.0,360.7,0,False,0.7355456722545329,40.0,181.71630660987145
AlSi10Mg,200,400,110,30,292.3,215.0,360.7,0,False,0.7355456722545329,40.0,181.71630660987145
AlSi10Mg,200,400,110,40,292.3,215.0,360.7,0,False,0.7355456722545329,40.0,181.71630660987145
AlSi10Mg,200,400,110,50,292.3,215.0,360.7,0,False,0.7355456722545329,40.0,181.71630660987145
AlSi10Mg,200,600,70,30,216.2,141.2,275.6,0,False,0.6530989824236818,40.0,181.71630660987145
AlSi10Mg,200,600,70,40,216.2,141.2,275.6,0,False,0.6530989824236818,40.0,181.71630660987145
AlSi10Mg,200,600,70,50,216.2,141.2,275.6,0,False,0.6530989824236818,40.0,181.71630660987145
AlSi10Mg,200,600,90,30,216.2,141.2,275.6,0,False,0.6530989824236818,40.0,181.71630660987145
AlSi10Mg,200,600,90,40,216.2,141.2,275.6,0,False,0.6530989824236818,40.0,181.71630660987145
AlSi10Mg,200,600,90,50,216.2,141.2,275.6,0,False,0.6530989824236818,40.0,181.71630660987145
AlSi10Mg,200,600,110,30,216.2,141.2,275.6,0,False,0.6530989824236818,40.0,181.71630660987145
AlSi10Mg,200,600,110,40,216.2,141.2,275.6,0,False,0.6530989824236818,40.0,181.71630660987145
AlSi10Mg,200,600,110,50,216.2,141.2,275.6,0,False,0.6530989824236818,40.0,181.71630660987145
AlSi10Mg,200,800,70,30,163.5,98.8,210.2,0,False,0.6042813455657492,40.0,181.71630660987145
AlSi10Mg,200,800,70,40,163.5,98.8,210.2,0,False,0.6042813455657492,40.0,181.71630660987145
AlSi10Mg,200,800,70,50,163.5,98.8,210.2,0,False,0.6042813455657492,40.0,181.71630660987145
AlSi10Mg,200,800,90,30,163.5,98.8,210.2,0,False,0.6042813455657492,40.0,181.71630660987145
AlSi10Mg,200,800,90,40,163.5,98.8,210.2,0,False,0.6042813455657492,40.0,181.71630660987145
AlSi10Mg,200,800,90,50,163.5,98.8,210.2,0,False,0.6042813455657492,40.0,181.71630660987145
AlSi10Mg,200,800,110,30,163.5,98.8,210.2,0,False,0.6042813455657492,40.0,181.71630660987145
AlSi10Mg,200,800,110,40,163.5,98.8,210.2,0,False,0.6042813455657492,40.0,181.71630660987145
AlSi10Mg,200,800,110,50,163.5,98.8,210.2,0,False,0.6042813455657492,40.0,181.71630660987145
AlSi10Mg,200,1000,70,30,122.8,70.2,156.7,0,False,0.5716612377850163,5.0,256.9856653120279
AlSi10Mg,200,1000,70,40,122.8,70.2,156.7,0,False,0.5716612377850163,5.0,256.9856653120279
AlSi10Mg,200,1000,70,50,122.8,70.2,156.7,0,False,0.5716612377850163,5.0,256.9856653120279
AlSi10Mg,200,1000,90,30,122.8,70.2,156.7,0,False,0.5716612377850163,5.0,256.9856653120279
AlSi10Mg,200,1000,90,40,122.8,70.2,156.7,0,False,0.5716612377850163,5.0,256.9856653120279
AlSi10Mg,200,1000,90,50,122.8,70.2,156.7,0,True,0.5716612377850163,5.0,256.9856653120279
AlSi10Mg,200,1000,110,30,122.8,70.2,156.7,0,False,0.5716612377850163,5.0,256.9856653120279
AlSi10Mg,200,1000,110,40,122.8,70.2,156.7,0,True,0.5716612377850163,5.0,256.9856653120279
AlSi10Mg,200,1000,110,50,122.8,70.2,156.7,0,True,0.5716612377850163,5.0,256.9856653120279
AlSi10Mg,200,1200,70,30,113.7,56.2,150.7,0,False,0.494283201407212,5.0,256.9856653120279
AlSi10Mg,200,1200,70,40,113.7,56.2,150.7,0,False,0.494283201407212,5.0,256.9856653120279
AlSi10Mg,200,1200,70,50,113.7,56.2,150.7,0,True,0.494283201407212,5.0,256.9856653120279
AlSi10Mg,200,1200,90,30,113.7,56.2,150.7,0,False,0.494283201407212,5.0,256.9856653120279
AlSi10Mg,200,1200,90,40,113.7,56.2,150.7,0,True,0.494283201407212,5.0,256.9856653120279
AlSi10Mg,200,1200,90,50,113.7,56.2,150.7,0,True,0.494283201407212,5.0,256.9856653120279
AlSi10Mg,200,1200,110,30,113.7,56.2,150.7,0,True,0.494283201407212,5.0,256.9856653120279
AlSi10Mg,200,1200,110,40,113.7,56.2,150.7,0,True,0.494283201407212,5.0,256.9856653120279
AlSi10Mg,200,1200,110,50,113.7,56.2,150.7,0,True,0.494283201407212,5.0,256.9856653120279
AlSi10Mg,200,1400,70,30,106.0,52.3,145.7,0,False,0.4933962264150943,5.0,256.9856653120279
AlSi10Mg,200,1400,70,40,106.0,52.3,145.7,0,True,0.4933962264150943,5.0,256.9856653120279
AlSi10Mg,200,1400,70,50,106.0,52.3,145.7,0,True,0.4933962264150943,5.0,256.9856653120279
AlSi10Mg,200,1400,90,30,106.0,52.3,145.7,0,True,0.4933962264150943,5.0,256.9856653120279
AlSi10Mg,200,1400,90,40,106.0,52.3,145.7,0,True,0.4933962264150943,5.0,256.9856653120279
AlSi10Mg,200,1400,90,50,106.0,52.3,145.7,0,True,0.4933962264150943,5.0,256.9856653120279
AlSi10Mg,200,1400,110,30,106.0,52.3,145.7,0,True,0.4933962264150943,5.0,256.9856653120279
AlSi10Mg,200,1400,110,40,106.0,52.3,145.7,0,True,0.4933962264150943,5.0,256.9856653120279
AlSi10Mg,200,1400,110,50,106.0,52.3,145.7,0,True,0.4933962264150943,5.0,256.9856653120279
AlSi10Mg,200,1600,70,30,99.4,48.8,141.3,0,False,0.4909456740442655,5.0,256.9856653120279
AlSi10Mg,200,1600,70,40,99.4,48.8,141.3,0,True,0.4909456740442655,5.0,256.9856653120279
AlSi10Mg,200,1600,70,50,99.4,48.8,141.3,0,True,0.4909456740442655,5.0,256.9856653120279
AlSi10Mg,200,1600,90,30,99.4,48.8,141.3,0,True,0.4909456740442655,5.0,256.9856653120279
AlSi10Mg,200,1600,90,40,99.4,48.8,141.3,0,True,0.4909456740442655,5.0,256.9856653120279
AlSi10Mg,200,1600,90,50,99.4,48.8,141.3,0,True,0.4909456740442655,5.0,256.9856653120279
AlSi10Mg,200,1600,110,30,99.4,48.8,141.3,0,True,0.4909456740442655,5.0,256.9856653120279
AlSi10Mg,200,1600,110,40,99.4,48.8,141.3,0,True,0.4909456740442655,5.0,256.9856653120279
AlSi10Mg,200,1600,110,50,99.4,48.8,141.3,0,True,0.4909456740442655,5.0,256.9856653120279
AlSi10Mg,200,1800,70,30,93.6,45.8,137.2,0,False,0.4893162393162393,5.0,256.9856653120279
AlSi10Mg,200,1800,70,40,93.6,45.8,137.2,0,True,0.4893162393162393,5.0,256.9856653120279
AlSi10Mg,200,1800,70,50,93.6,45.8,137.2,0,True,0.4893162393162393,5.0,256.9856653120279
AlSi10Mg,200,1800,90,30,93.6,45.8,137.2,0,True,0.4893162393162393,5.0,256.9856653120279
AlSi10Mg,200,1800,90,40,93.6,45.8,137.2,0,True,0.4893162393162393,5.0,256.9856653120279
AlSi10Mg,200,1800,90,50,93.6,45.8,137.2,0,True,0.4893162393162393,5.0,256.9856653120279
AlSi10Mg,200,1800,110,30,93.6,45.8,137.2,0,True,0.4893162393162393,5.0,256.9856653120279
AlSi10Mg,200,1800,110,40,93.6,45.8,137.2,0,True,0.4893162393162393,5.0,256.9856653120279
AlSi10Mg,200,1800,110,50,93.6,45.8,137.2,0,True,0.4893162393162393,5.0,256.9856653120279
AlSi10Mg,200,2000,70,30,88.4,43.1,133.5,0,True,0.4875565610859728,5.0,256.9856653120279
AlSi10Mg,200,2000,70,40,88.4,43.1,133.5,0,True,0.4875565610859728,5.0,256.9856653120279
AlSi10Mg,200,2000,70,50,88.4,43.1,133.5,0,True,0.4875565610859728,5.0,256.9856653120279
AlSi10Mg,200,2000,90,30,88.4,43.1,133.5,0,True,0.4875565610859728,5.0,256.9856653120279
AlSi10Mg,200,2000,90,40,88.4,43.1,133.5,0,True,0.4875565610859728,5.0,256.9856653120279
AlSi10Mg,200,2000,90,50,88.4,43.1,133.5,0,True,0.4875565610859728,5.0,256.9856653120279
AlSi10Mg,200,2000,110,30,88.4,43.1,133.5,0,True,0.4875565610859728,5.0,256.9856653120279
AlSi10Mg,200,2000,110,40,88.4,43.1,133.5,0,True,0.4875565610859728,5.0,256.9856653120279
AlSi10Mg,200,2000,110,50,88.4,43.1,133.5,0,True,0.4875565610859728,5.0,256.9856653120279
AlSi10Mg,250,400,70,30,380.7,319.7,507.6,0,False,0.8397688468610455,40.0,181.71630660987145
AlSi10Mg,250,400,70,40,380.7,319.7,507.6,0,False,0.8397688468610455,40.0,181.71630660987145
AlSi10Mg,250,400,70,50,380.7,319.7,507.6,0,False,0.8397688468610455,40.0,181.71630660987145
AlSi10Mg,250,400,90,30,380.7,319.7,507.6,0,False,0.8397688468610455,40.0,181.71630660987145
AlSi10Mg,250,400,90,40,380.7,319.7,507.6,0,False,0.8397688468610455,40.0,181.71630660987145
AlSi10Mg,250,400,90,50,380.7,319.7,507.6,0,False,0.8397688468610455,40.0,181.71630660987145
AlSi10Mg,250,400,110,30,380.7,319.7,507.6,0,False,0.8397688468610455,40.0,181.71630660987145
AlSi10Mg,250,400,110,40,380.7,319.7,507.6,0,False,0.8397688468610455,40.0,181.71630660987145
AlSi10Mg,250,400,110,50,380.7,319.7,507.6,0,False,0.8397688468610455,40.0,181.71630660987145
AlSi10Mg,250,600,70,30,298.2,219.9,423.4,0,False,0.7374245472837022,40.0,181.71630660987145
AlSi10Mg,250,600,70,40,298.2,219.9,423.4,0,False,0.7374245472837022,40.0,181.71630660987145
AlSi10Mg,250,600,70,50,298.2,219.9,423.4,0,False,0.7374245472837022,40.0,181.71630660987145
AlSi10Mg,250,600,90,30,298.2,219.9,423.4,0,False,0.7374245472837022,40.0,181.71630660987145
AlSi10Mg,250,600,90,40,298.2,219.9,423.4,0,False,0.7374245472837022,40.0,181.71630660987145
AlSi10Mg,250,600,90,50,298.2,219.9,423.4,0,False,0.7374245472837022,40.0,181.71630660987145
AlSi10Mg,250,600,110,30,298.2,219.9,423.4,0,False,0.7374245472837022,40.0,181.71630660987145
AlSi10Mg,250,600,110,40,298.2,219.9,423.4,0,False,0.7374245472837022,40.0,181.71630660987145
AlSi10Mg,250,600,110,50,298.2,219.9,423.4,0,False,0.7374245472837022,40.0,181.71630660987145
AlSi10Mg,250,800,70,30,242.0,163.8,356.5,0,False,0.6768595041322315,40.0,181.71630660987145
AlSi10Mg,250,800,70,40,242.0,163.8,356.5,0,False,0.6768595041322315,40.0,181.71630660987145
AlSi10Mg,250,800,70,50,242.0,163.8,356.5,0,False,0.6768595041322315,40.0,181.71630660987145
AlSi10Mg,250,800,90,30,242.0,163.8,356.5,0,False,0.6768595041322315,40.0,181.71630660987145
AlSi10Mg,250,800,90,40,242.0,163.8,356.5,0,False,0.6768595041322315,40.0,181.71630660987145
AlSi10Mg,250,800,90,50,242.0,163.8,356.5,0,False,0.6768595041322315,40.0,181.71630660987145
AlSi10Mg,250,800,110,30,242.0,163.8,356.5,0,False,0.6768595041322315,40.0,181.71630660987145
AlSi10Mg,250,800,110,40,242.0,163.8,356.5,0,False,0.6768595041322315,40.0,181.71630660987145
AlSi10Mg,250,800,110,50,242.0,163.8,356.5,0,False,0.6768595041322315,40.0,181.71630660987145
AlSi10Mg,250,1000,70,30,200.1,127.2,300.7,0,False,0.6356821589205398,40.0,181.71630660987145
AlSi10Mg,250,1000,70,40,200.1,127.2,300.7,0,False,0.6356821589205398,40.0,181.71630660987145
AlSi10Mg,250,1000,70,50,200.1,127.2,300.7,0,False,0.6356821589205398,40.0,181.71630660987145
AlSi10Mg,250,1000,90,30,200.1,127.2,300.7,0,False,0.6356821589205398,40.0,181.71630660987145
AlSi10Mg,250,1000,90,40,200.1,127.2,300.7,0,False,0.6356821589205398,40.0,181.71630660987145
AlSi10Mg,250,1000,90,50,200.1,127.2,300.7,0,False,0.6356821589205398,40.0,181.71630660987145
AlSi10Mg,250,1000,110,30,200.1,127.2,300.7,0,False,0.6356821589205398,40.0,181.71630660987145
AlSi10Mg,250,1000,110,40,200.1,127.2,300.7,0,False,0.6356821589205398,40.0,181.71630660987145
AlSi10Mg,250,1000,110,50,200.1,127.2,300.7,0,False,0.6356821589205398,40.0,181.71630660987145
AlSi10Mg,250,1200,70,30,167.0,101.0,252.9,0,False,0.6047904191616766,40.0,181.71630660987145
AlSi10Mg,250,1200,70,40,167.0,101.0,252.9,0,False,0.6047904191616766,40.0,181.71630660987145
AlSi10Mg,250,1200,70,50,167.0,101.0,252.9,0,False,0.6047904191616766,40.0,181.71630660987145
AlSi10Mg,250,1200,90,30,167.0,101.0,252.9,0,False,0.6047904191616766,40.0,181.71630660987145
AlSi10Mg,250,1200,90,40,167.0,101.0,252.9,0,False,0.6047904191616766,40.0,181.71630660987145
AlSi10Mg,250,1200,90,50,167.0,101.0,252.9,0,False,0.6047904191616766,40.0,181.71630660987145
AlSi10Mg,250,1200,110,30,167.0,101.0,252.9,0,False,0.6047904191616766,40.0,181.71630660987145
AlSi10Mg,250,1200,110,40,167.0,101.0,252.9,0,False,0.6047904191616766,40.0,181.71630660987145
AlSi10Mg,250,1200,110,50,167.0,101.0,252.9,0,False,0.6047904191616766,40.0,181.71630660987145
AlSi10Mg,250,1400,70,30,139.5,81.0,210.8,0,False,0.5806451612903226,5.0,256.9856653120279
AlSi10Mg,250,1400,70,40,139.5,81.0,210.8,0,False,0.5806451612903226,5.0,256.9856653120279
AlSi10Mg,250,1400,70,50,139.5,81.0,210.8,0,False,0.5806451612903226,5.0,256.9856653120279
AlSi10Mg,250,1400,90,30,139.5,81.0,210.8,0,False,0.5806451612903226,5.0,256.9856653120279
AlSi10Mg,250,1400,90,40,139.5,81.0,210.8,0,False,0.5806451612903226,5.0,256.9856653120279
AlSi10Mg,250,1400,90,50,139.5,81.0,210.8,0,False,0.5806451612903226,5.0,256.9856653120279
AlSi10Mg,250,1400,110,30,139.5,81.0,210.8,0,False,0.5806451612903226,5.0,256.9856653120279
AlSi10Mg,250,1400,110,40,139.5,81.0,210.8,0,False,0.5806451612903226,5.0,256.9856653120279
AlSi10Mg,250,1400,110,50,139.5,81.0,210.8,0,True,0.5806451612903226,5.0,256.9856653120279
AlSi10Mg,250,1600,70,30,118.5,58.1,178.8,0,False,0.490295358649789,5.0,256.9856653120279
AlSi10Mg,250,1600,70,40,118.5,58.1,178.8,0,False,0.490295358649789,5.0,256.9856653120279
AlSi10Mg,250,1600,70,50,118.5,58.1,178.8,0,True,0.490295358649789,5.0,256.9856653120279
AlSi10Mg,250,1600,90,30,118.5,58.1,178.8,0,False,0.490295358649789,5.0,256.9856653120279
AlSi10Mg,250,1600,90,40,118.5,58.1,178.8,0,True,0.490295358649789,5.0,256.9856653120279
AlSi10Mg,250,1600,90,50,118.5,58.1,178.8,0,True,0.490295358649789,5.0,256.9856653120279
AlSi10Mg,250,1600,110,30,118.5,58.1,178.8,0,True,0.490295358649789,5.0,256.9856653120279
AlSi10Mg,250,1600,110,40,118.5,58.1,178.8,0,True,0.490295358649789,5.0,256.9856653120279
AlSi10Mg,250,1600,110,50,118.5,58.1,178.8,0,True,0.490295358649789,5.0,256.9856653120279
AlSi10Mg,250,1800,70,30,111.8,54.7,174.6,0,False,0.4892665474060823,5.0,256.9856653120279
AlSi10Mg,250,1800,70,40,111.8,54.7,174.6,0,False,0.4892665474060823,5.0,256.9856653120279
AlSi10Mg,250,1800,70,50,111.8,54.7,174.6,0,True,0.4892665474060823,5.0,256.9856653120279
AlSi10Mg,250,1800,90,30,111.8,54.7,174.6,0,False,0.4892665474060823,5.0,256.9856653120279
AlSi10Mg,250,1800,90,40,111.8,54.7,174.6,0,True,0.4892665474060823,5.0,256.9856653120279
AlSi10Mg,250,1800,90,50,111.8,54.7,174.6,0,True,0.4892665474060823,5.0,256.9856653120279
AlSi10Mg,250,1800,110,30,111.8,54.7,174.6,0,True,0.4892665474060823,5.0,256.9856653120279
AlSi10Mg,250,1800,110,40,111.8,54.7,174.6,0,True,0.4892665474060823,5.0,256.9856653120279
AlSi10Mg,250,1800,110,50,111.8,54.7,174.6,0,True,0.4892665474060823,5.0,256.9856653120279
AlSi10Mg,250,2000,70,30,105.9,51.6,170.7,0,False,0.4872521246458923,5.0,256.9856653120279
AlSi10Mg,250,2000,70,40,105.9,51.6,170.7,0,True,0.4872521246458923,5.0,256.9856653120279
AlSi10Mg,250,2000,70,50,105.9,51.6,170.7,0,True,0.4872521246458923,5.0,256.9856653120279
AlSi10Mg,250,2000,90,30,105.9,51.6,170.7,0,True,0.4872521246458923,5.0,256.9856653120279
AlSi10Mg,250,2000,90,40,105.9,51.6,170.7,0,True,0.4872521246458923,5.0,256.9856653120279
AlSi10Mg,250,2000,90,50,105.9,51.6,170.7,0,True,0.4872521246458923,5.0,256.9856653120279
AlSi10Mg,250,2000,110,30,105.9,51.6,170.7,0,True,0.4872521246458923,5.0,256.9856653120279
AlSi10Mg,250,2000,110,40,105.9,51.6,170.7,0,True,0.4872521246458923,5.0,256.9856653120279
AlSi10Mg,250,2000,110,50,105.9,51.6,170.7,0,True,0.4872521246458923,5.0,256.9856653120279
AlSi10Mg,300,400,70,30,452.1,438.6,642.2,0,False,0.9701393497013936,40.0,181.71630660987145
AlSi10Mg,300,400,70,40,452.1,438.6,642.2,0,False,0.9701393497013936,40.0,181.71630660987145
AlSi10Mg,300,400,70,50,452.1,438.6,642.2,0,False,0.9701393497013936,40.0,181.71630660987145
AlSi10Mg,300,400,90,30,452.1,438.6,642.2,0,False,0.9701393497013936,40.0,181.71630660987145
AlSi10Mg,300,400,90,40,452.1,438.6,642.2,0,False,0.9701393497013936,40.0,181.71630660987145
AlSi10Mg,300,400,90,50,452.1,438.6,642.2,0,False,0.9701393497013936,40.0,181.71630660987145
AlSi10Mg,300,400,110,30,452.1,438.6,642.2,0,False,0.9701393497013936,40.0,181.71630660987145
AlSi10Mg,300,400,110,40,452.1,438.6,642.2,0,False,0.9701393497013936,40.0,181.71630660987145
AlSi10Mg,300,400,110,50,452.1,438.6,642.2,0,False,0.9701393497013936,40.0,181.71630660987145
AlSi10Mg,300,600,70,30,363.8,299.2,562.5,0,False,0.822429906542056,40.0,181.71630660987145
AlSi10Mg,300,600,70,40,363.8,299.2,562.5,0,False,0.822429906542056,40.0,181.71630660987145
AlSi10Mg,300,600,70,50,363.8,299.2,562.5,0,False,0.822429906542056,40.0,181.71630660987145
AlSi10Mg,300,600,90,30,363.8,299.2,562.5,0,False,0.822429906542056,40.0,181.71630660987145
AlSi10Mg,300,600,90,40,363.8,299.2,562.5,0,False,0.822429906542056,40.0,181.71630660987145
AlSi10Mg,300,600,90,50,363.8,299.2,562.5,0,False,0.822429906542056,40.0,181.71630660987145
AlSi10Mg,300,600,110,30,363.8,299.2,562.5,0,False,0.822429906542056,40.0,181.71630660987145
AlSi10Mg,300,600,110,40,363.8,299.2,562.5,0,False,0.822429906542056,40.0,181.71630660987145
AlSi10Mg,300,600,110,50,363.8,299.2,562.5,0,False,0.822429906542056,40.0,181.71630660987145
AlSi10Mg,300,800,70,30,303.9,227.9,497.2,0,False,0.7499177360974005,40.0,181.71630660987145
AlSi10Mg,300,800,70,40,303.9,227.9,497.2,0,False,0.7499177360974005,40.0,181.71630660987145
AlSi10Mg,300,800,70,50,303.9,227.9,497.2,0,False,0.7499177360974005,40.0,181.71630660987145
AlSi10Mg,300,800,90,30,303.9,227.9,497.2,0,False,0.7499177360974005,40.0,181.71630660987145
AlSi10Mg,300,800,90,40,303.9,227.9,497.2,0,False,0.7499177360974005,40.0,181.71630660987145
AlSi10Mg,300,800,90,50,303.9,227.9,497.2,0,False,0.7499177360974005,40.0,181.71630660987145
AlSi10Mg,300,800,110,30,303.9,227.9,497.2,0,False,0.7499177360974005,40.0,181.71630660987145
AlSi10Mg,300,800,110,40,303.9,227.9,497.2,0,False,0.7499177360974005,40.0,181.71630660987145
AlSi10Mg,300,800,110,50,303.9,227.9,497.2,0,False,0.7499177360974005,40.0,181.71630660987145
AlSi10Mg,300,1000,70,30,259.6,181.8,441.3,0,False,0.7003081664098613,40.0,181.71630660987145
AlSi10Mg,300,1000,70,40,259.6,181.8,441.3,0,False,0.7003081664098613,40.0,181.71630660987145
AlSi10Mg,300,1000,70,50,259.6,181.8,441.3,0,False,0.7003081664098613,40.0,181.71630660987145
AlSi10Mg,300,1000,90,30,259.6,181.8,441.3,0,False,0.7003081664098613,40.0,181.71630660987145
AlSi10Mg,300,1000,90,40,259.6,181.8,441.3,0,False,0.7003081664098613,40.0,181.71630660987145
AlSi10Mg,300,1000,90,50,259.6,181.8,441.3,0,False,0.7003081664098613,40.0,181.71630660987145
AlSi10Mg,300,1000,110,30,259.6,181.8,441.3,0,False,0.7003081664098613,40.0,181.71630660987145
AlSi10Mg,300,1000,110,40,259.6,181.8,441.3,0,False,0.7003081664098613,40.0,181.71630660987145
AlSi10Mg,300,1000,110,50,259.6,181.8,441.3,0,False,0.7003081664098613,40.0,181.71630660987145
AlSi10Mg,300,1200,70,30,224.9,149.3,392.4,0,False,0.6638506002667852,40.0,181.71630660987145
AlSi10Mg,300,1200,70,40,224.9,149.3,392.4,0,False,0.6638506002667852,40.0,181.71630660987145
AlSi10Mg,300,1200,70,50,224.9,149.3,392.4,0,False,0.6638506002667852,40.0,181.71630660987145
AlSi10Mg,300,1200,90,30,224.9,149.3,392.4,0,False,0.6638506002667852,40.0,181.71630660987145
AlSi10Mg,300,1200,90,40,224.9,149.3,392.4,0,False,0.6638506002667852,40.0,181.71630660987145
AlSi10Mg,300,1200,90,50,224.9,149.3,392.4,0,False,0.6638506002667852,40.0,181.71630660987145
AlSi10Mg,300,1200,110,30,224.9,149.3,392.4,0,False,0.6638506002667852,40.0,181.71630660987145
AlSi10Mg,300,1200,110,40,224.9,149.3,392.4,0,False,0.6638506002667852,40.0,181.71630660987145
AlSi10Mg,300,1200,110,50,224.9,149.3,392.4,0,False,0.6638506002667852,40.0,181.71630660987145
AlSi10Mg,300,1400,70,30,196.6,125.0,348.8,0,False,0.6358087487283826,40.0,181.71630660987145
AlSi10Mg,300,1400,70,40,196.6,125.0,348.8,0,False,0.6358087487283826,40.0,181.71630660987145
AlSi10Mg,300,1400,70,50,196.6,125.0,348.8,0,False,0.6358087487283826,40.0,181.71630660987145
AlSi10Mg,300,1400,90,30,196.6,125.0,348.8,0,False,0.6358087487283826,40.0,181.71630660987145
AlSi10Mg,300,1400,90,40,196.6,125.0,348.8,0,False,0.6358087487283826,40.0,181.71630660987145
AlSi10Mg,300,1400,90,50,196.6,125.0,348.8,0,False,0.6358087487283826,40.0,181.71630660987145
AlSi10Mg,300,1400,110,30,196.6,125.0,348.8,0,False,0.6358087487283826,40.0,181.71630660987145
AlSi10Mg,300,1400,110,40,196.6,125.0,348.8,0,False,0.6358087487283826,40.0,181.71630660987145
AlSi10Mg,300,1400,110,50,196.6,125.0,348.8,0,False,0.6358087487283826,40.0,181.71630660987145
AlSi10Mg,300,1600,70,30,172.8,105.9,309.4,0,False,0.6128472222222222,40.0,181.71630660987145
AlSi10Mg,300,1600,70,40,172.8,105.9,309.4,0,False,0.6128472222222222,40.0,181.71630660987145
AlSi10Mg,300,1600,70,50,172.8,105.9,309.4,0,False,0.6128472222222222,40.0,181.71630660987145
AlSi10Mg,300,1600,90,30,172.8,105.9,309.4,0,False,0.6128472222222222,40.0,181.71630660987145
AlSi10Mg,300,1600,90,40,172.8,105.9,309.4,0,False,0.6128472222222222,40.0,181.71630660987145
AlSi10Mg,300,1600,90,50,172.8,105.9,309.4,0,False,0.6128472222222222,40.0,181.71630660987145
AlSi10Mg,300,1600,110,30,172.8,105.9,309.4,0,False,0.6128472222222222,40.0,181.71630660987145
AlSi10Mg,300,1600,110,40,172.8,105.9,309.4,0,False,0.6128472222222222,40.0,181.71630660987145
AlSi10Mg,300,1600,110,50,172.8,105.9,309.4,0,False,0.6128472222222222,40.0,181.71630660987145
AlSi10Mg,300,1800,70,30,152.3,90.4,273.6,0,False,0.5935653315824031,5.0,256.9856653120279
AlSi10Mg,300,1800,70,40,152.3,90.4,273.6,0,False,0.5935653315824031,5.0,256.9856653120279
AlSi10Mg,300,1800,70,50,152.3,90.4,273.6,0,False,0.5935653315824031,5.0,256.9856653120279
AlSi10Mg,300,1800,90,30,152.3,90.4,273.6,0,False,0.5935653315824031,5.0,256.9856653120279
AlSi10Mg,300,1800,90,40,152.3,90.4,273.6,0,False,0.5935653315824031,5.0,256.9856653120279
AlSi10Mg,300,1800,90,50,152.3,90.4,273.6,0,False,0.5935653315824031,5.0,256.9856653120279
AlSi10Mg,300,1800,110,30,152.3,90.4,273.6,0,False,0.5935653315824031,5.0,256.9856653120279
AlSi10Mg,300,1800,110,40,152.3,90.4,273.6,0,False,0.5935653315824031,5.0,256.9856653120279
AlSi10Mg,300,1800,110,50,152.3,90.4,273.6,0,False,0.5935653315824031,5.0,256.9856653120279
AlSi10Mg,300,2000,70,30,134.2,77.4,240.5,0,False,0.5767511177347244,5.0,256.9856653120279
AlSi10Mg,300,2000,70,40,134.2,77.4,240.5,0,False,0.5767511177347244,5.0,256.9856653120279
AlSi10Mg,300,2000,70,50,134.2,77.4,240.5,0,False,0.5767511177347244,5.0,256.9856653120279
AlSi10Mg,300,2000,90,30,134.2,77.4,240.5,0,False,0.5767511177347244,5.0,256.9856653120279
AlSi10Mg,300,2000,90,40,134.2,77.4,240.5,0,False,0.5767511177347244,5.0,256.9856653120279
AlSi10Mg,300,2000,90,50,134.2,77.4,240.5,0,False,0.5767511177347244,5.0,256.9856653120279
AlSi10Mg,300,2000,110,30,134.2,77.4,240.5,0,False,0.5767511177347244,5.0,256.9856653120279
AlSi10Mg,300,2000,110,40,134.2,77.4,240.5,0,False,0.5767511177347244,5.0,256.9856653120279
AlSi10Mg,300,2000,110,50,134.2,77.4,240.5,0,True,0.5767511177347244,5.0,256.9856653120279
AlSi10Mg,350,400,70,30,512.1,515.1,766.7,0,False,1.005858230814294,40.0,181.71630660987145
AlSi10Mg,350,400,70,40,512.1,515.1,766.7,0,False,1.005858230814294,40.0,181.71630660987145
AlSi10Mg,350,400,70,50,512.1,515.1,766.7,0,False,1.005858230814294,40.0,181.71630660987145
AlSi10Mg,350,400,90,30,512.1,515.1,766.7,0,False,1.005858230814294,40.0,181.71630660987145
AlSi10Mg,350,400,90,40,512.1,515.1,766.7,0,False,1.005858230814294,40.0,181.71630660987145
AlSi10Mg,350,400,90,50,512.1,515.1,766.7,0,False,1.005858230814294,40.0,181.71630660987145
AlSi10Mg,350,400,110,30,512.1,515.1,766.7,0,False,1.005858230814294,40.0,181.71630660987145
AlSi10Mg,350,400,110,40,512.1,515.1,766.7,0,False,1.005858230814294,40.0,181.71630660987145
AlSi10Mg,350,400,110,50,512.1,515.1,766.7,0,False,1.005858230814294,40.0,181.71630660987145
AlSi10Mg,350,600,70,30,418.3,397.4,693.1,0,False,0.9500358594310304,40.0,181.71630660987145
AlSi10Mg,350,600,70,40,418.3,397.4,693.1,0,False,0.9500358594310304,40.0,181.71630660987145
AlSi10Mg,350,600,70,50,418.3,397.4,693.1,0,False,0.9500358594310304,40.0,181.71630660987145
AlSi10Mg,350,600,90,30,418.3,397.4,693.1,0,False,0.9500358594310304,40.0,181.71630660987145
AlSi10Mg,350,600,90,40,418.3,397.4,693.1,0,False,0.9500358594310304,40.0,181.71630660987145
AlSi10Mg,350,600,90,50,418.3,397.4,693.1,0,False,0.9500358594310304,40.0,181.71630660987145
AlSi10Mg,350,600,110,30,418.3,397.4,693.1,0,False,0.9500358594310304,40.0,181.71630660987145
AlSi10Mg,350,600,110,40,418.3,397.4,693.1,0,False,0.9500358594310304,40.0,181.71630660987145
AlSi10Mg,350,600,110,50,418.3,397.4,693.1,0,False,0.9500358594310304,40.0,181.71630660987145
AlSi10Mg,350,800,70,30,355.1,292.4,631.6,0,False,0.8234300197127569,40.0,181.71630660987145
AlSi10Mg,350,800,70,40,355.1,292.4,631.6,0,False,0.8234300197127569,40.0,181.71630660987145
AlSi10Mg,350,800,70,50,355.1,292.4,631.6,0,False,0.8234300197127569,40.0,181.71630660987145
AlSi10Mg,350,800,90,30,355.1,292.4,631.6,0,False,0.8234300197127569,40.0,181.71630660987145
AlSi10Mg,350,800,90,40,355.1,292.4,631.6,0,False,0.8234300197127569,40.0,181.71630660987145
AlSi10Mg,350,800,90,50,355.1,292.4,631.6,0,False,0.8234300197127569,40.0,181.71630660987145
AlSi10Mg,350,800,110,30,355.1,292.4,631.6,0,False,0.8234300197127569,40.0,181.71630660987145
AlSi10Mg,350,800,110,40,355.1,292.4,631.6,0,False,0.8234300197127569,40.0,181.71630660987145
AlSi10Mg,350,800,110,50,355.1,292.4,631.6,0,False,0.8234300197127569,40.0,181.71630660987145
AlSi10Mg,350,1000,70,30,308.5,236.3,577.7,0,False,0.7659643435980551,40.0,181.71630660987145
AlSi10Mg,350,1000,70,40,308.5,236.3,577.7,0,False,0.7659643435980551,40.0,181.71630660987145
AlSi10Mg,350,1000,70,50,308.5,236.3,577.7,0,False,0.7659643435980551,40.0,181.71630660987145
AlSi10Mg,350,1000,90,30,308.5,236.3,577.7,0,False,0.7659643435980551,40.0,181.71630660987145
AlSi10Mg,350,1000,90,40,308.5,236.3,577.7,0,False,0.7659643435980551,40.0,181.71630660987145
AlSi10Mg,350,1000,90,50,308.5,236.3,577.7,0,False,0.7659643435980551,40.0,181.71630660987145
AlSi10Mg,350,1000,110,30,308.5,236.3,577.7,0,False,0.7659643435980551,40.0,181.71630660987145
AlSi10Mg,350,1000,110,40,308.5,236.3,577.7,0,False,0.7659643435980551,40.0,181.71630660987145
AlSi10Mg,350,1000,110,50,308.5,236.3,577.7,0,False,0.7659643435980551,40.0,181.71630660987145
AlSi10Mg,350,1200,70,30,272.1,197.0,529.4,0,False,0.7239985299522234,40.0,181.71630660987145
AlSi10Mg,350,1200,70,40,272.1,197.0,529.4,0,False,0.7239985299522234,40.0,181.71630660987145
AlSi10Mg,350,1200,70,50,272.1,197.0,529.4,0,False,0.7239985299522234,40.0,181.71630660987145
AlSi10Mg,350,1200,90,30,272.1,197.0,529.4,0,False,0.7239985299522234,40.0,181.71630660987145
AlSi10Mg,350,1200,90,40,272.1,197.0,529.4,0,False,0.7239985299522234,40.0,181.71630660987145
AlSi10Mg,350,1200,90,50,272.1,197.0,529.4,0,False,0.7239985299522234,40.0,181.71630660987145
AlSi10Mg,350,1200,110,30,272.1,197.0,529.4,0,False,0.7239985299522234,40.0,181.71630660987145
AlSi10Mg,350,1200,110,40,272.1,197.0,529.4,0,False,0.7239985299522234,40.0,181.71630660987145
AlSi10Mg,350,1200,110,50,272.1,197.0,529.4,0,False,0.7239985299522234,40.0,181.71630660987145
AlSi10Mg,350,1400,70,30,242.5,167.6,485.7,0,False,0.6911340206185567,40.0,181.71630660987145
AlSi10Mg,350,1400,70,40,242.5,167.6,485.7,0,False,0.6911340206185567,40.0,181.71630660987145
AlSi10Mg,350,1400,70,50,242.5,167.6,485.7,0,False,0.6911340206185567,40.0,181.71630660987145
AlSi10Mg,350,1400,90,30,242.5,167.6,485.7,0,False,0.6911340206185567,40.0,181.71630660987145
AlSi10Mg,350,1400,90,40,242.5,167.6,485.7,0,False,0.6911340206185567,40.0,181.71630660987145
AlSi10Mg,350,1400,90,50,242.5,167.6,485.7,0,False,0.6911340206185567,40.0,181.71630660987145
AlSi10Mg,350,1400,110,30,242.5,167.6,485.7,0,False,0.6911340206185567,40.0,181.71630660987145
AlSi10Mg,350,1400,110,40,242.5,167.6,485.7,0,False,0.6911340206185567,40.0,181.71630660987145
AlSi10Mg,350,1400,110,50,242.5,167.6,485.7,0,False,0.6911340206185567,40.0,181.71630660987145
AlSi10Mg,350,1600,70,30,217.9,144.8,445.7,0,False,0.6645250114731529,40.0,181.71630660987145
AlSi10Mg,350,1600,70,40,217.9,144.8,445.7,0,False,0.6645250114731529,40.0,181.71630660987145
AlSi10Mg,350,1600,70,50,217.9,144.8,445.7,0,False,0.6645250114731529,40.0,181.71630660987145
AlSi10Mg,350,1600,90,30,217.9,144.8,445.7,0,False,0.6645250114731529,40.0,181.71630660987145
AlSi10Mg,350,1600,90,40,217.9,144.8,445.7,0,False,0.6645250114731529,40.0,181.71630660987145
AlSi10Mg,350,1600,90,50,217.9,144.8,445.7,0,False,0.6645250114731529,40.0,181.71630660987145
AlSi10Mg,350,1600,110,30,217.9,144.8,445.7,0,False,0.6645250114731529,40.0,181.71630660987145
AlSi10Mg,350,1600,110,40,217.9,144.8,445.7,0,False,0.6645250114731529,40.0,181.71630660987145
AlSi10Mg,350,1600,110,50,217.9,144.8,445.7,0,False,0.6645250114731529,40.0,181.71630660987145
AlSi10Mg,350,1800,70,30,196.8,126.4,408.9,0,False,0.6422764227642276,40.0,181.71630660987145
AlSi10Mg,350,1800,70,40,196.8,126.4,408.9,0,False,0.6422764227642276,40.0,181.71630660987145
AlSi10Mg,350,1800,70,50,196.8,126.4,408.9,0,False,0.6422764227642276,40.0,181.71630660987145
AlSi10Mg,350,1800,90,30,196.8,126.4,408.9,0,False,0.6422764227642276,40.0,181.71630660987145
AlSi10Mg,350,1800,90,40,196.8,126.4,408.9,0,False,0.6422764227642276,40.0,181.71630660987145
AlSi10Mg,350,1800,90,50,196.8,126.4,408.9,0,False,0.6422764227642276,40.0,181.71630660987145
AlSi10Mg,350,1800,110,30,196.8,126.4,408.9,0,False,0.6422764227642276,40.0,181.71630660987145
AlSi10Mg,350,1800,110,40,196.8,126.4,408.9,0,False,0.6422764227642276,40.0,181.71630660987145
AlSi10Mg,350,1800,110,50,196.8,126.4,408.9,0,False,0.6422764227642276,40.0,181.71630660987145
AlSi10Mg,350,2000,70,30,178.4,111.3,374.7,0,False,0.6238789237668161,40.0,181.71630660987145
AlSi10Mg,350,2000,70,40,178.4,111.3,374.7,0,False,0.6238789237668161,40.0,181.71630660987145
AlSi10Mg,350,2000,70,50,178.4,111.3,374.7,0,False,0.6238789237668161,40.0,181.71630660987145
AlSi10Mg,350,2000,90,30,178.4,111.3,374.7,0,False,0.6238789237668161,40.0,181.71630660987145
AlSi10Mg,350,2000,90,40,178.4,111.3,374.7,0,False,0.6238789237668161,40.0,181.71630660987145
AlSi10Mg,350,2000,90,50,178.4,111.3,374.7,0,False,0.6238789237668161,40.0,181.71630660987145
AlSi10Mg,350,2000,110,30,178.4,111.3,374.7,0,False,0.6238789237668161,40.0,181.71630660987145
AlSi10Mg,350,2000,110,40,178.4,111.3,374.7,0,False,0.6238789237668161,40.0,181.71630660987145
AlSi10Mg,350,2000,110,50,178.4,111.3,374.7,0,False,0.6238789237668161,40.0,181.71630660987145
AlSi10Mg,400,400,70,30,563.7,582.1,882.6,0,False,1.0326414759623912,40.0,181.71630660987145
AlSi10Mg,400,400,70,40,563.7,582.1,882.6,0,False,1.0326414759623912,40.0,181.71630660987145
AlSi10Mg,400,400,70,50,563.7,582.1,882.6,0,False,1.0326414759623912,40.0,181.71630660987145
AlSi10Mg,400,400,90,30,563.7,582.1,882.6,0,False,1.0326414759623912,40.0,181.71630660987145
AlSi10Mg,400,400,90,40,563.7,582.1,882.6,0,False,1.0326414759623912,40.0,181.71630660987145
AlSi10Mg,400,400,90,50,563.7,582.1,882.6,0,False,1.0326414759623912,40.0,181.71630660987145
AlSi10Mg,400,400,110,30,563.7,582.1,882.6,0,False,1.0326414759623912,40.0,181.71630660987145
AlSi10Mg,400,400,110,40,563.7,582.1,882.6,0,False,1.0326414759623912,40.0,181.71630660987145
AlSi10Mg,400,400,110,50,563.7,582.1,882.6,0,False,1.0326414759623912,40.0,181.71630660987145
AlSi10Mg,400,600,70,30,465.1,457.3,816.1,0,False,0.983229413029456,40.0,181.71630660987145
AlSi10Mg,400,600,70,40,465.1,457.3,816.1,0,False,0.983229413029456,40.0,181.71630660987145
AlSi10Mg,400,600,70,50,465.1,457.3,816.1,0,False,0.983229413029456,40.0,181.71630660987145
AlSi10Mg,400,600,90,30,465.1,457.3,816.1,0,False,0.983229413029456,40.0,181.71630660987145
AlSi10Mg,400,600,90,40,465.1,457.3,816.1,0,False,0.983229413029456,40.0,181.71630660987145
AlSi10Mg,400,600,90,50,465.1,457.3,816.1,0,False,0.983229413029456,40.0,181.71630660987145
AlSi10Mg,400,600,110,30,465.1,457.3,816.1,0,False,0.983229413029456,40.0,181.71630660987145
AlSi10Mg,400,600,110,40,465.1,457.3,816.1,0,False,0.983229413029456,40.0,181.71630660987145
AlSi10Mg,400,600,110,50,465.1,457.3,816.1,0,False,0.983229413029456,40.0,181.71630660987145
AlSi10Mg,400,800,70,30,398.8,375.9,759.3,0,False,0.9425777331995988,40.0,181.71630660987145
AlSi10Mg,400,800,70,40,398.8,375.9,759.3,0,False,0.9425777331995988,40.0,181.71630660987145
AlSi10Mg,400,800,70,50,398.8,375.9,759.3,0,False,0.9425777331995988,40.0,181.71630660987145
AlSi10Mg,400,800,90,30,398.8,375.9,759.3,0,False,0.9425777331995988,40.0,181.71630660987145
AlSi10Mg,400,800,90,40,398.8,375.9,759.3,0,False,0.9425777331995988,40.0,181.71630660987145
AlSi10Mg,400,800,90,50,398.8,375.9,759.3,0,False,0.9425777331995988,40.0,181.71630660987145
AlSi10Mg,400,800,110,30,398.8,375.9,759.3,0,False,0.9425777331995988,40.0,181.71630660987145
AlSi10Mg,400,800,110,40,398.8,375.9,759.3,0,False,0.9425777331995988,40.0,181.71630660987145
AlSi10Mg,400,800,110,50,398.8,375.9,759.3,0,False,0.9425777331995988,40.0,181.71630660987145
AlSi10Mg,400,1000,70,30,350.0,317.0,708.6,0,False,0.9057142857142856,40.0,181.71630660987145
AlSi10Mg,400,1000,70,40,350.0,317.0,708.6,0,False,0.9057142857142856,40.0,181.71630660987145
AlSi10Mg,400,1000,70,50,350.0,317.0,708.6,0,False,0.9057142857142856,40.0,181.71630660987145
AlSi10Mg,400,1000,90,30,350.0,317.0,708.6,0,False,0.9057142857142856,40.0,181.71630660987145
AlSi10Mg,400,1000,90,40,350.0,317.0,708.6,0,False,0.9057142857142856,40.0,181.71630660987145
AlSi10Mg,400,1000,90,50,350.0,317.0,708.6,0,False,0.9057142857142856,40.0,181.71630660987145
AlSi10Mg,400,1000,110,30,350.0,317.0,708.6,0,False,0.9057142857142856,40.0,181.71630660987145
AlSi10Mg,400,1000,110,40,350.0,317.0,708.6,0,False,0.9057142857142856,40.0,181.71630660987145
AlSi10Mg,400,1000,110,50,350.0,317.0,708.6,0,False,0.9057142857142856,40.0,181.71630660987145
AlSi10Mg,400,1200,70,30,312.1,244.7,662.5,0,False,0.7840435757769945,40.0,181.71630660987145
AlSi10Mg,400,1200,70,40,312.1,244.7,662.5,0,False,0.7840435757769945,40.0,181.71630660987145
AlSi10Mg,400,1200,70,50,312.1,244.7,662.5,0,False,0.7840435757769945,40.0,181.71630660987145
AlSi10Mg,400,1200,90,30,312.1,244.7,662.5,0,False,0.7840435757769945,40.0,181.71630660987145
AlSi10Mg,400,1200,90,40,312.1,244.7,662.5,0,False,0.7840435757769945,40.0,181.71630660987145
AlSi10Mg,400,1200,90,50,312.1,244.7,662.5,0,False,0.7840435757769945,40.0,181.71630660987145
AlSi10Mg,400,1200,110,30,312.1,244.7,662.5,0,False,0.7840435757769945,40.0,181.71630660987145
AlSi10Mg,400,1200,110,40,312.1,244.7,662.5,0,False,0.7840435757769945,40.0,181.71630660987145
AlSi10Mg,400,1200,110,50,312.1,244.7,662.5,0,False,0.7840435757769945,40.0,181.71630660987145
AlSi10Mg,400,1400,70,30,281.3,210.1,620.0,0,False,0.7468894418769996,40.0,181.71630660987145
AlSi10Mg,400,1400,70,40,281.3,210.1,620.0,0,False,0.7468894418769996,40.0,181.71630660987145
AlSi10Mg,400,1400,70,50,281.3,210.1,620.0,0,False,0.7468894418769996,40.0,181.71630660987145
AlSi10Mg,400,1400,90,30,281.3,210.1,620.0,0,False,0.7468894418769996,40.0,181.71630660987145
AlSi10Mg,400,1400,90,40,281.3,210.1,620.0,0,False,0.7468894418769996,40.0,181.71630660987145
AlSi10Mg,400,1400,90,50,281.3,210.1,620.0,0,False,0.7468894418769996,40.0,181.71630660987145
AlSi10Mg,400,1400,110,30,281.3,210.1,620.0,0,False,0.7468894418769996,40.0,181.71630660987145
AlSi10Mg,400,1400,110,40,281.3,210.1,620.0,0,False,0.7468894418769996,40.0,181.71630660987145
AlSi10Mg,400,1400,110,50,281.3,210.1,620.0,0,False,0.7468894418769996,40.0,181.71630660987145
AlSi10Mg,400,1600,70,30,255.7,183.2,580.6,0,False,0.7164646069612828,40.0,181.71630660987145
AlSi10Mg,400,1600,70,40,255.7,183.2,580.6,0,False,0.7164646069612828,40.0,181.71630660987145
AlSi10Mg,400,1600,70,50,255.7,183.2,580.6,0,False,0.7164646069612828,40.0,181.71630660987145
AlSi10Mg,400,1600,90,30,255.7,183.2,580.6,0,False,0.7164646069612828,40.0,181.71630660987145
AlSi10Mg,400,1600,90,40,255.7,183.2,580.6,0,False,0.7164646069612828,40.0,181.71630660987145
AlSi10Mg,400,1600,90,50,255.7,183.2,580.6,0,False,0.7164646069612828,40.0,181.71630660987145
AlSi10Mg,400,1600,110,30,255.7,183.2,580.6,0,False,0.7164646069612828,40.0,181.71630660987145
AlSi10Mg,400,1600,110,40,255.7,183.2,580.6,0,False,0.7164646069612828,40.0,181.71630660987145
AlSi10Mg,400,1600,110,50,255.7,183.2,580.6,0,False,0.7164646069612828,40.0,181.71630660987145
AlSi10Mg,400,1800,70,30,233.8,161.7,543.7,0,False,0.6916167664670658,40.0,181.71630660987145
AlSi10Mg,400,1800,70,40,233.8,161.7,543.7,0,False,0.6916167664670658,40.0,181.71630660987145
AlSi10Mg,400,1800,70,50,233.8,161.7,543.7,0,False,0.6916167664670658,40.0,181.71630660987145
AlSi10Mg,400,1800,90,30,233.8,161.7,543.7,0,False,0.6916167664670658,40.0,181.71630660987145
AlSi10Mg,400,1800,90,40,233.8,161.7,543.7,0,False,0.6916167664670658,40.0,181.71630660987145
AlSi10Mg,400,1800,90,50,233.8,161.7,543.7,0,False,0.6916167664670658,40.0,181.71630660987145
AlSi10Mg,400,1800,110,30,233.8,161.7,543.7,0,False,0.6916167664670658,40.0,181.71630660987145
AlSi10Mg,400,1800,110,40,233.8,161.7,543.7,0,False,0.6916167664670658,40.0,181.71630660987145
AlSi10Mg,400,1800,110,50,233.8,161.7,543.7,0,False,0.6916167664670658,40.0,181.71630660987145
AlSi10Mg,400,2000,70,30,214.8,144.1,509.2,0,False,0.6708566108007448,40.0,181.71630660987145
AlSi10Mg,400,2000,70,40,214.8,144.1,509.2,0,False,0.6708566108007448,40.0,181.71630660987145
AlSi10Mg,400,2000,70,50,214.8,144.1,509.2,0,False,0.6708566108007448,40.0,181.71630660987145
AlSi10Mg,400,2000,90,30,214.8,144.1,509.2,0,False,0.6708566108007448,40.0,181.71630660987145
AlSi10Mg,400,2000,90,40,214.8,144.1,509.2,0,False,0.6708566108007448,40.0,181.71630660987145
AlSi10Mg,400,2000,90,50,214.8,144.1,509.2,0,False,0.6708566108007448,40.0,181.71630660987145
AlSi10Mg,400,2000,110,30,214.8,144.1,509.2,0,False,0.6708566108007448,40.0,181.71630660987145
AlSi10Mg,400,2000,110,40,214.8,144.1,509.2,0,False,0.6708566108007448,40.0,181.71630660987145
AlSi10Mg,400,2000,110,50,214.8,144.1,509.2,0,False,0.6708566108007448,40.0,181.71630660987145
AlSi10Mg,450,400,70,30,605.3,638.1,981.7,0,False,1.0541880059474642,40.0,181.71630660987145
AlSi10Mg,450,400,70,40,605.3,638.1,981.7,0,False,1.0541880059474642,40.0,181.71630660987145
AlSi10Mg,450,400,70,50,605.3,638.1,981.7,0,False,1.0541880059474642,40.0,181.71630660987145
AlSi10Mg,450,400,90,30,605.3,638.1,981.7,0,False,1.0541880059474642,40.0,181.71630660987145
AlSi10Mg,450,400,90,40,605.3,638.1,981.7,0,False,1.0541880059474642,40.0,181.71630660987145
AlSi10Mg,450,400,90,50,605.3,638.1,981.7,0,False,1.0541880059474642,40.0,181.71630660987145
AlSi10Mg,450,400,110,30,605.3,638.1,981.7,0,False,1.0541880059474642,40.0,181.71630660987145
AlSi10Mg,450,400,110,40,605.3,638.1,981.7,0,False,1.0541880059474642,40.0,181.71630660987145
AlSi10Mg,450,400,110,50,605.3,638.1,981.7,0,False,1.0541880059474642,40.0,181.71630660987145
AlSi10Mg,450,600,70,30,506.1,510.6,932.8,0,False,1.008891523414345,40.0,181.71630660987145
AlSi10Mg,450,600,70,40,506.1,510.6,932.8,0,False,1.008891523414345,40.0,181.71630660987145
AlSi10Mg,450,600,70,50,506.1,510.6,932.8,0,False,1.008891523414345,40.0,181.71630660987145
AlSi10Mg,450,600,90,30,506.1,510.6,932.8,0,False,1.008891523414345,40.0,181.71630660987145
AlSi10Mg,450,600,90,40,506.1,510.6,932.8,0,False,1.008891523414345,40.0,181.71630660987145
AlSi10Mg,450,600,90,50,506.1,510.6,932.8,0,False,1.008891523414345,40.0,181.71630660987145
AlSi10Mg,450,600,110,30,506.1,510.6,932.8,0,False,1.008891523414345,40.0,181.71630660987145
AlSi10Mg,450,600,110,40,506.1,510.6,932.8,0,False,1.008891523414345,40.0,181.71630660987145
AlSi10Mg,450,600,110,50,506.1,510.6,932.8,0,False,1.008891523414345,40.0,181.71630660987145
AlSi10Mg,450,800,70,30,436.9,425.1,880.9,0,False,0.9729915312428474,40.0,181.71630660987145
AlSi10Mg,450,800,70,40,436.9,425.1,880.9,0,False,0.9729915312428474,40.0,181.71630660987145
AlSi10Mg,450,800,70,50,436.9,425.1,880.9,0,False,0.9729915312428474,40.0,181.71630660987145
AlSi10Mg,450,800,90,30,436.9,425.1,880.9,0,False,0.9729915312428474,40.0,181.71630660987145
AlSi10Mg,450,800,90,40,436.9,425.1,880.9,0,False,0.9729915312428474,40.0,181.71630660987145
AlSi10Mg,450,800,90,50,436.9,425.1,880.9,0,False,0.9729915312428474,40.0,181.71630660987145
AlSi10Mg,450,800,110,30,436.9,425.1,880.9,0,False,0.9729915312428474,40.0,181.71630660987145
AlSi10Mg,450,800,110,40,436.9,425.1,880.9,0,False,0.9729915312428474,40.0,181.71630660987145
AlSi10Mg,450,800,110,50,436.9,425.1,880.9,0,False,0.9729915312428474,40.0,181.71630660987145
AlSi10Mg,450,1000,70,30,386.2,363.6,834.1,0,False,0.941481097876748,40.0,181.71630660987145
AlSi10Mg,450,1000,70,40,386.2,363.6,834.1,0,False,0.941481097876748,40.0,181.71630660987145
AlSi10Mg,450,1000,70,50,386.2,363.6,834.1,0,False,0.941481097876748,40.0,181.71630660987145
AlSi10Mg,450,1000,90,30,386.2,363.6,834.1,0,False,0.941481097876748,40.0,181.71630660987145
AlSi10Mg,450,1000,90,40,386.2,363.6,834.1,0,False,0.941481097876748,40.0,181.71630660987145
AlSi10Mg,450,1000,90,50,386.2,363.6,834.1,0,False,0.941481097876748,40.0,181.71630660987145
AlSi10Mg,450,1000,110,30,386.2,363.6,834.1,0,False,0.941481097876748,40.0,181.71630660987145
AlSi10Mg,450,1000,110,40,386.2,363.6,834.1,0,False,0.941481097876748,40.0,181.71630660987145
AlSi10Mg,450,1000,110,50,386.2,363.6,834.1,0,False,0.941481097876748,40.0,181.71630660987145
AlSi10Mg,450,1200,70,30,346.8,316.4,790.9,0,False,0.9123414071510956,40.0,181.71630660987145
AlSi10Mg,450,1200,70,40,346.8,316.4,790.9,0,False,0.9123414071510956,40.0,181.71630660987145
AlSi10Mg,450,1200,70,50,346.8,316.4,790.9,0,False,0.9123414071510956,40.0,181.71630660987145
AlSi10Mg,450,1200,90,30,346.8,316.4,790.9,0,False,0.9123414071510956,40.0,181.71630660987145
AlSi10Mg,450,1200,90,40,346.8,316.4,790.9,0,False,0.9123414071510956,40.0,181.71630660987145
AlSi10Mg,450,1200,90,50,346.8,316.4,790.9,0,False,0.9123414071510956,40.0,181.71630660987145
AlSi10Mg,450,1200,110,30,346.8,316.4,790.9,0,False,0.9123414071510956,40.0,181.71630660987145
AlSi10Mg,450,1200,110,40,346.8,316.4,790.9,0,False,0.9123414071510956,40.0,181.71630660987145
AlSi10Mg,450,1200,110,50,346.8,316.4,790.9,0,False,0.9123414071510956,40.0,181.71630660987145
AlSi10Mg,450,1400,70,30,314.9,252.8,750.5,0,False,0.8027945379485552,40.0,181.71630660987145
AlSi10Mg,450,1400,70,40,314.9,252.8,750.5,0,False,0.8027945379485552,40.0,181.71630660987145
AlSi10Mg,450,1400,70,50,314.9,252.8,750.5,0,False,0.8027945379485552,40.0,181.71630660987145
AlSi10Mg,450,1400,90,30,314.9,252.8,750.5,0,False,0.8027945379485552,40.0,181.71630660987145
AlSi10Mg,450,1400,90,40,314.9,252.8,750.5,0,False,0.8027945379485552,40.0,181.71630660987145
AlSi10Mg,450,1400,90,50,314.9,252.8,750.5,0,False,0.8027945379485552,40.0,181.71630660987145
AlSi10Mg,450,1400,110,30,314.9,252.8,750.5,0,False,0.8027945379485552,40.0,181.71630660987145
AlSi10Mg,450,1400,110,40,314.9,252.8,750.5,0,False,0.8027945379485552,40.0,181.71630660987145
AlSi10Mg,450,1400,110,50,314.9,252.8,750.5,0,False,0.8027945379485552,40.0,181.71630660987145
AlSi10Mg,450,1600,70,30,288.3,221.8,712.5,0,False,0.7693374956642387,40.0,181.71630660987145
AlSi10Mg,450,1600,70,40,288.3,221.8,712.5,0,False,0.7693374956642387,40.0,181.71630660987145
AlSi10Mg,450,1600,70,50,288.3,221.8,712.5,0,False,0.7693374956642387,40.0,181.71630660987145
AlSi10Mg,450,1600,90,30,288.3,221.8,712.5,0,False,0.7693374956642387,40.0,181.71630660987145
AlSi10Mg,450,1600,90,40,288.3,221.8,712.5,0,False,0.7693374956642387,40.0,181.71630660987145
AlSi10Mg,450,1600,90,50,288.3,221.8,712.5,0,False,0.7693374956642387,40.0,181.71630660987145
AlSi10Mg,450,1600,110,30,288.3,221.8,712.5,0,False,0.7693374956642387,40.0,181.71630660987145
AlSi10Mg,450,1600,110,40,288.3,221.8,712.5,0,False,0.7693374956642387,40.0,181.71630660987145
AlSi10Mg,450,1600,110,50,288.3,221.8,712.5,0,False,0.7693374956642387,40.0,181.71630660987145
AlSi10Mg,450,1800,70,30,265.7,197.0,676.6,0,False,0.7414377117049304,40.0,181.71630660987145
AlSi10Mg,450,1800,70,40,265.7,197.0,676.6,0,False,0.7414377117049304,40.0,181.71630660987145
AlSi10Mg,450,1800,70,50,265.7,197.0,676.6,0,False,0.7414377117049304,40.0,181.71630660987145
AlSi10Mg,450,1800,90,30,265.7,197.0,676.6,0,False,0.7414377117049304,40.0,181.71630660987145
AlSi10Mg,450,1800,90,40,265.7,197.0,676.6,0,False,0.7414377117049304,40.0,181.71630660987145
AlSi10Mg,450,1800,90,50,265.7,197.0,676.6,0,False,0.7414377117049304,40.0,181.71630660987145
AlSi10Mg,450,1800,110,30,265.7,197.0,676.6,0,False,0.7414377117049304,40.0,181.71630660987145
AlSi10Mg,450,1800,110,40,265.7,197.0,676.6,0,False,0.7414377117049304,40.0,181.71630660987145
AlSi10Mg,450,1800,110,50,265.7,197.0,676.6,0,False,0.7414377117049304,40.0,181.71630660987145
AlSi10Mg,450,2000,70,30,246.1,176.6,642.6,0,False,0.7175944737911418,40.0,181.71630660987145
AlSi10Mg,450,2000,70,40,246.1,176.6,642.6,0,False,0.7175944737911418,40.0,181.71630660987145
AlSi10Mg,450,2000,70,50,246.1,176.6,642.6,0,False,0.7175944737911418,40.0,181.71630660987145
AlSi10Mg,450,2000,90,30,246.1,176.6,642.6,0,False,0.7175944737911418,40.0,181.71630660987145
AlSi10Mg,450,2000,90,40,246.1,176.6,642.6,0,False,0.7175944737911418,40.0,181.71630660987145
AlSi10Mg,450,2000,90,50,246.1,176.6,642.6,0,False,0.7175944737911418,40.0,181.71630660987145
AlSi10Mg,450,2000,110,30,246.1,176.6,642.6,0,False,0.7175944737911418,40.0,181.71630660987145
AlSi10Mg,450,2000,110,40,246.1,176.6,642.6,0,False,0.7175944737911418,40.0,181.71630660987145
AlSi10Mg,450,2000,110,50,246.1,176.6,642.6,0,False,0.7175944737911418,40.0,181.71630660987145
316L SS,100,400,70,30,156.9,114.4,473.9,0,False,0.7291268323773104,40.0,259.04239452896564
316L SS,100,400,70,40,156.9,114.4,473.9,0,False,0.7291268323773104,40.0,259.04239452896564
316L SS,100,400,70,50,156.9,114.4,473.9,0,False,0.7291268323773104,40.0,259.04239452896564
316L SS,100,400,90,30,156.9,114.4,473.9,0,False,0.7291268323773104,40.0,259.04239452896564
316L SS,100,400,90,40,156.9,114.4,473.9,0,False,0.7291268323773104,40.0,259.04239452896564
316L SS,100,400,90,50,156.9,114.4,473.9,0,False,0.7291268323773104,40.0,259.04239452896564
316L SS,100,400,110,30,156.9,114.4,473.9,0,False,0.7291268323773104,40.0,259.04239452896564
316L SS,100,400,110,40,156.9,114.4,473.9,0,False,0.7291268323773104,40.0,259.04239452896564
316L SS,100,400,110,50,156.9,114.4,473.9,0,False,0.7291268323773104,40.0,259.04239452896564
316L SS,100,600,70,30,117.6,75.7,408.2,0,False,0.6437074829931974,40.0,259.04239452896564
316L SS,100,600,70,40,117.6,75.7,408.2,0,False,0.6437074829931974,40.0,259.04239452896564
316L SS,100,600,70,50,117.6,75.7,408.2,0,False,0.6437074829931974,40.0,259.04239452896564
316L SS,100,600,90,30,117.6,75.7,408.2,0,False,0.6437074829931974,40.0,259.04239452896564
316L SS,100,600,90,40,117.6,75.7,408.2,0,False,0.6437074829931974,40.0,259.04239452896564
316L SS,100,600,90,50,117.6,75.7,408.2,0,True,0.6437074829931974,40.0,259.04239452896564
316L SS,100,600,110,30,117.6,75.7,408.2,0,True,0.6437074829931974,40.0,259.04239452896564
316L SS,100,600,110,40,117.6,75.7,408.2,0,True,0.6437074829931974,40.0,259.04239452896564
316L SS,100,600,110,50,117.6,75.7,408.2,0,True,0.6437074829931974,40.0,259.04239452896564
316L SS,100,800,70,30,120.3,35.9,150.4,0,True,0.2984206151288445,5.0,366.3412675724652
316L SS,100,800,70,40,120.3,35.9,150.4,0,True,0.2984206151288445,5.0,366.3412675724652
316L SS,100,800,70,50,120.3,35.9,150.4,0,True,0.2984206151288445,5.0,366.3412675724652
316L SS,100,800,90,30,120.3,35.9,150.4,0,True,0.2984206151288445,5.0,366.3412675724652
316L SS,100,800,90,40,120.3,35.9,150.4,0,True,0.2984206151288445,5.0,366.3412675724652
316L SS,100,800,90,50,120.3,35.9,150.4,0,True,0.2984206151288445,5.0,366.3412675724652
316L SS,100,800,110,30,120.3,35.9,150.4,0,True,0.2984206151288445,5.0,366.3412675724652
316L SS,100,800,110,40,120.3,35.9,150.4,0,True,0.2984206151288445,5.0,366.3412675724652
316L SS,100,800,110,50,120.3,35.9,150.4,0,True,0.2984206151288445,5.0,366.3412675724652
316L SS,100,1000,70,30,103.6,29.2,132.0,0,True,0.2818532818532818,5.0,366.3412675724652
316L SS,100,1000,70,40,103.6,29.2,132.0,0,True,0.2818532818532818,5.0,366.3412675724652
316L SS,100,1000,70,50,103.6,29.2,132.0,0,True,0.2818532818532818,5.0,366.3412675724652
316L SS,100,1000,90,30,103.6,29.2,132.0,0,True,0.2818532818532818,5.0,366.3412675724652
316L SS,100,1000,90,40,103.6,29.2,132.0,0,True,0.2818532818532818,5.0,366.3412675724652
316L SS,100,1000,90,50,103.6,29.2,132.0,0,True,0.2818532818532818,5.0,366.3412675724652
316L SS,100,1000,110,30,103.6,29.2,132.0,0,True,0.2818532818532818,5.0,366.3412675724652
316L SS,100,1000,110,40,103.6,29.2,132.0,0,True,0.2818532818532818,5.0,366.3412675724652
316L SS,100,1000,110,50,103.6,29.2,132.0,0,True,0.2818532818532818,5.0,366.3412675724652
316L SS,100,1200,70,30,94.0,22.4,121.5,0,True,0.2382978723404255,5.0,366.3412675724652
316L SS,100,1200,70,40,94.0,22.4,121.5,0,True,0.2382978723404255,5.0,366.3412675724652
316L SS,100,1200,70,50,94.0,22.4,121.5,0,True,0.2382978723404255,5.0,366.3412675724652
316L SS,100,1200,90,30,94.0,22.4,121.5,0,True,0.2382978723404255,5.0,366.3412675724652
316L SS,100,1200,90,40,94.0,22.4,121.5,0,True,0.2382978723404255,5.0,366.3412675724652
316L SS,100,1200,90,50,94.0,22.4,121.5,0,True,0.2382978723404255,5.0,366.3412675724652
316L SS,100,1200,110,30,94.0,22.4,121.5,0,True,0.2382978723404255,5.0,366.3412675724652
316L SS,100,1200,110,40,94.0,22.4,121.5,0,True,0.2382978723404255,5.0,366.3412675724652
316L SS,100,1200,110,50,94.0,22.4,121.5,0,True,0.2382978723404255,5.0,366.3412675724652
316L SS,100,1400,70,30,89.3,20.9,116.2,0,True,0.2340425531914893,5.0,366.3412675724652
316L SS,100,1400,70,40,89.3,20.9,116.2,0,True,0.2340425531914893,5.0,366.3412675724652
316L SS,100,1400,70,50,89.3,20.9,116.2,0,True,0.2340425531914893,5.0,366.3412675724652
316L SS,100,1400,90,30,89.3,20.9,116.2,0,True,0.2340425531914893,5.0,366.3412675724652
316L SS,100,1400,90,40,89.3,20.9,116.2,0,True,0.2340425531914893,5.0,366.3412675724652
316L SS,100,1400,90,50,89.3,20.9,116.2,0,True,0.2340425531914893,5.0,366.3412675724652
316L SS,100,1400,110,30,89.3,20.9,116.2,0,True,0.2340425531914893,5.0,366.3412675724652
316L SS,100,1400,110,40,89.3,20.9,116.2,0,True,0.2340425531914893,5.0,366.3412675724652
316L SS,100,1400,110,50,89.3,20.9,116.2,0,True,0.2340425531914893,5.0,366.3412675724652
316L SS,100,1600,70,30,85.5,19.8,112.0,0,True,0.231578947368421,5.0,366.3412675724652
316L SS,100,1600,70,40,85.5,19.8,112.0,0,True,0.231578947368421,5.0,366.3412675724652
316L SS,100,1600,70,50,85.5,19.8,112.0,0,True,0.231578947368421,5.0,366.3412675724652
316L SS,100,1600,90,30,85.5,19.8,112.0,0,True,0.231578947368421,5.0,366.3412675724652
316L SS,100,1600,90,40,85.5,19.8,112.0,0,True,0.231578947368421,5.0,366.3412675724652
316L SS,100,1600,90,50,85.5,19.8,112.0,0,True,0.231578947368421,5.0,366.3412675724652
316L SS,100,1600,110,30,85.5,19.8,112.0,0,True,0.231578947368421,5.0,366.3412675724652
316L SS,100,1600,110,40,85.5,19.8,112.0,0,True,0.231578947368421,5.0,366.3412675724652
316L SS,100,1600,110,50,85.5,19.8,112.0,0,True,0.231578947368421,5.0,366.3412675724652
316L SS,100,1800,70,30,82.4,18.9,108.7,0,True,0.2293689320388349,5.0,366.3412675724652
316L SS,100,1800,70,40,82.4,18.9,108.7,0,True,0.2293689320388349,5.0,366.3412675724652
316L SS,100,1800,70,50,82.4,18.9,108.7,0,True,0.2293689320388349,5.0,366.3412675724652
316L SS,100,1800,90,30,82.4,18.9,108.7,0,True,0.2293689320388349,5.0,366.3412675724652
316L SS,100,1800,90,40,82.4,18.9,108.7,0,True,0.2293689320388349,5.0,366.3412675724652
316L SS,100,1800,90,50,82.4,18.9,108.7,0,True,0.2293689320388349,5.0,366.3412675724652
316L SS,100,1800,110,30,82.4,18.9,108.7,0,True,0.2293689320388349,5.0,366.3412675724652
316L SS,100,1800,110,40,82.4,18.9,108.7,0,True,0.2293689320388349,5.0,366.3412675724652
316L SS,100,1800,110,50,82.4,18.9,108.7,0,True,0.2293689320388349,5.0,366.3412675724652
316L SS,100,2000,70,30,79.9,18.1,105.9,0,True,0.2265331664580726,5.0,366.3412675724652
316L SS,100,2000,70,40,79.9,18.1,105.9,0,True,0.2265331664580726,5.0,366.3412675724652
316L SS,100,2000,70,50,79.9,18.1,105.9,0,True,0.2265331664580726,5.0,366.3412675724652
316L SS,100,2000,90,30,79.9,18.1,105.9,0,True,0.2265331664580726,5.0,366.3412675724652
316L SS,100,2000,90,40,79.9,18.1,105.9,0,True,0.2265331664580726,5.0,366.3412675724652
316L SS,100,2000,90,50,79.9,18.1,105.9,0,True,0.2265331664580726,5.0,366.3412675724652
316L SS,100,2000,110,30,79.9,18.1,105.9,0,True,0.2265331664580726,5.0,366.3412675724652
316L SS,100,2000,110,40,79.9,18.1,105.9,0,True,0.2265331664580726,5.0,366.3412675724652
316L SS,100,2000,110,50,79.9,18.1,105.9,0,True,0.2265331664580726,5.0,366.3412675724652
316L SS,150,400,70,30,204.5,196.0,756.6,0,False,0.9584352078239609,40.0,259.04239452896564
316L SS,150,400,70,40,204.5,196.0,756.6,0,False,0.9584352078239609,40.0,259.04239452896564
316L SS,150,400,70,50,204.5,196.0,756.6,0,False,0.9584352078239609,40.0,259.04239452896564
316L SS,150,400,90,30,204.5,196.0,756.6,0,False,0.9584352078239609,40.0,259.04239452896564
316L SS,150,400,90,40,204.5,196.0,756.6,0,False,0.9584352078239609,40.0,259.04239452896564
316L SS,150,400,90,50,204.5,196.0,756.6,0,False,0.9584352078239609,40.0,259.04239452896564
316L SS,150,400,110,30,204.5,196.0,756.6,0,False,0.9584352078239609,40.0,259.04239452896564
316L SS,150,400,110,40,204.5,196.0,756.6,0,False,0.9584352078239609,40.0,259.04239452896564
316L SS,150,400,110,50,204.5,196.0,756.6,0,False,0.9584352078239609,40.0,259.04239452896564
316L SS,150,600,70,30,163.3,146.4,724.1,0,False,0.8965094917330068,40.0,259.04239452896564
316L SS,150,600,70,40,163.3,146.4,724.1,0,False,0.8965094917330068,40.0,259.04239452896564
316L SS,150,600,70,50,163.3,146.4,724.1,0,False,0.8965094917330068,40.0,259.04239452896564
316L SS,150,600,90,30,163.3,146.4,724.1,0,False,0.8965094917330068,40.0,259.04239452896564
316L SS,150,600,90,40,163.3,146.4,724.1,0,False,0.8965094917330068,40.0,259.04239452896564
316L SS,150,600,90,50,163.3,146.4,724.1,0,False,0.8965094917330068,40.0,259.04239452896564
316L SS,150,600,110,30,163.3,146.4,724.1,0,False,0.8965094917330068,40.0,259.04239452896564
316L SS,150,600,110,40,163.3,146.4,724.1,0,False,0.8965094917330068,40.0,259.04239452896564
316L SS,150,600,110,50,163.3,146.4,724.1,0,False,0.8965094917330068,40.0,259.04239452896564
316L SS,150,800,70,30,136.9,102.9,687.9,0,False,0.7516435354273192,40.0,259.04239452896564
316L SS,150,800,70,40,136.9,102.9,687.9,0,False,0.7516435354273192,40.0,259.04239452896564
316L SS,150,800,70,50,136.9,102.9,687.9,0,False,0.7516435354273192,40.0,259.04239452896564
316L SS,150,800,90,30,136.9,102.9,687.9,0,False,0.7516435354273192,40.0,259.04239452896564
316L SS,150,800,90,40,136.9,102.9,687.9,0,False,0.7516435354273192,40.0,259.04239452896564
316L SS,150,800,90,50,136.9,102.9,687.9,0,False,0.7516435354273192,40.0,259.04239452896564
316L SS,150,800,110,30,136.9,102.9,687.9,0,False,0.7516435354273192,40.0,259.04239452896564
316L SS,150,800,110,40,136.9,102.9,687.9,0,False,0.7516435354273192,40.0,259.04239452896564
316L SS,150,800,110,50,136.9,102.9,687.9,0,False,0.7516435354273192,40.0,259.04239452896564
316L SS,150,1000,70,30,141.8,49.8,173.9,0,False,0.3511988716502115,5.0,366.3412675724652
316L SS,150,1000,70,40,141.8,49.8,173.9,0,False,0.3511988716502115,5.0,366.3412675724652
316L SS,150,1000,70,50,141.8,49.8,173.9,0,True,0.3511988716502115,5.0,366.3412675724652
316L SS,150,1000,90,30,141.8,49.8,173.9,0,False,0.3511988716502115,5.0,366.3412675724652
316L SS,150,1000,90,40,141.8,49.8,173.9,0,True,0.3511988716502115,5.0,366.3412675724652
316L SS,150,1000,90,50,141.8,49.8,173.9,0,True,0.3511988716502115,5.0,366.3412675724652
316L SS,150,1000,110,30,141.8,49.8,173.9,0,False,0.3511988716502115,5.0,366.3412675724652
316L SS,150,1000,110,40,141.8,49.8,173.9,0,True,0.3511988716502115,5.0,366.3412675724652
316L SS,150,1000,110,50,141.8,49.8,173.9,0,True,0.3511988716502115,5.0,366.3412675724652
316L SS,150,1200,70,30,128.8,42.9,159.7,0,False,0.3330745341614906,5.0,366.3412675724652
316L SS,150,1200,70,40,128.8,42.9,159.7,0,True,0.3330745341614906,5.0,366.3412675724652
316L SS,150,1200,70,50,128.8,42.9,159.7,0,True,0.3330745341614906,5.0,366.3412675724652
316L SS,150,1200,90,30,128.8,42.9,159.7,0,False,0.3330745341614906,5.0,366.3412675724652
316L SS,150,1200,90,40,128.8,42.9,159.7,0,True,0.3330745341614906,5.0,366.3412675724652
316L SS,150,1200,90,50,128.8,42.9,159.7,0,True,0.3330745341614906,5.0,366.3412675724652
316L SS,150,1200,110,30,128.8,42.9,159.7,0,True,0.3330745341614906,5.0,366.3412675724652
316L SS,150,1200,110,40,128.8,42.9,159.7,0,True,0.3330745341614906,5.0,366.3412675724652
316L SS,150,1200,110,50,128.8,42.9,159.7,0,True,0.3330745341614906,5.0,366.3412675724652
316L SS,150,1400,70,30,118.5,37.8,148.4,0,False,0.3189873417721519,5.0,366.3412675724652
316L SS,150,1400,70,40,118.5,37.8,148.4,0,True,0.3189873417721519,5.0,366.3412675724652
316L SS,150,1400,70,50,118.5,37.8,148.4,0,True,0.3189873417721519,5.0,366.3412675724652
316L SS,150,1400,90,30,118.5,37.8,148.4,0,True,0.3189873417721519,5.0,366.3412675724652
316L SS,150,1400,90,40,118.5,37.8,148.4,0,True,0.3189873417721519,5.0,366.3412675724652
316L SS,150,1400,90,50,118.5,37.8,148.4,0,True,0.3189873417721519,5.0,366.3412675724652
316L SS,150,1400,110,30,118.5,37.8,148.4,0,True,0.3189873417721519,5.0,366.3412675724652
316L SS,150,1400,110,40,118.5,37.8,148.4,0,True,0.3189873417721519,5.0,366.3412675724652
316L SS,150,1400,110,50,118.5,37.8,148.4,0,True,0.3189873417721519,5.0,366.3412675724652
316L SS,150,1600,70,30,110.0,33.8,139.0,0,True,0.3072727272727272,5.0,366.3412675724652
316L SS,150,1600,70,40,110.0,33.8,139.0,0,True,0.3072727272727272,5.0,366.3412675724652
316L SS,150,1600,70,50,110.0,33.8,139.0,0,True,0.3072727272727272,5.0,366.3412675724652
316L SS,150,1600,90,30,110.0,33.8,139.0,0,True,0.3072727272727272,5.0,366.3412675724652
316L SS,150,1600,90,40,110.0,33.8,139.0,0,True,0.3072727272727272,5.0,366.3412675724652
316L SS,150,1600,90,50,110.0,33.8,139.0,0,True,0.3072727272727272,5.0,366.3412675724652
316L SS,150,1600,110,30,110.0,33.8,139.0,0,True,0.3072727272727272,5.0,366.3412675724652
316L SS,150,1600,110,40,110.0,33.8,139.0,0,True,0.3072727272727272,5.0,366.3412675724652
316L SS,150,1600,110,50,110.0,33.8,139.0,0,True,0.3072727272727272,5.0,366.3412675724652
316L SS,150,1800,70,30,102.7,30.7,131.0,0,True,0.2989289191820837,5.0,366.3412675724652
316L SS,150,1800,70,40,102.7,30.7,131.0,0,True,0.2989289191820837,5.0,366.3412675724652
316L SS,150,1800,70,50,102.7,30.7,131.0,0,True,0.2989289191820837,5.0,366.3412675724652
316L SS,150,1800,90,30,102.7,30.7,131.0,0,True,0.2989289191820837,5.0,366.3412675724652
316L SS,150,1800,90,40,102.7,30.7,131.0,0,True,0.2989289191820837,5.0,366.3412675724652
316L SS,150,1800,90,50,102.7,30.7,131.0,0,True,0.2989289191820837,5.0,366.3412675724652
316L SS,150,1800,110,30,102.7,30.7,131.0,0,True,0.2989289191820837,5.0,366.3412675724652
316L SS,150,1800,110,40,102.7,30.7,131.0,0,True,0.2989289191820837,5.0,366.3412675724652
316L SS,150,1800,110,50,102.7,30.7,131.0,0,True,0.2989289191820837,5.0,366.3412675724652
316L SS,150,2000,70,30,96.5,28.0,124.1,0,True,0.2901554404145077,5.0,366.3412675724652
316L SS,150,2000,70,40,96.5,28.0,124.1,0,True,0.2901554404145077,5.0,366.3412675724652
316L SS,150,2000,70,50,96.5,28.0,124.1,0,True,0.2901554404145077,5.0,366.3412675724652
316L SS,150,2000,90,30,96.5,28.0,124.1,0,True,0.2901554404145077,5.0,366.3412675724652
316L SS,150,2000,90,40,96.5,28.0,124.1,0,True,0.2901554404145077,5.0,366.3412675724652
316L SS,150,2000,90,50,96.5,28.0,124.1,0,True,0.2901554404145077,5.0,366.3412675724652
316L SS,150,2000,110,30,96.5,28.0,124.1,0,True,0.2901554404145077,5.0,366.3412675724652
316L SS,150,2000,110,40,96.5,28.0,124.1,0,True,0.2901554404145077,5.0,366.3412675724652
316L SS,150,2000,110,50,96.5,28.0,124.1,0,True,0.2901554404145077,5.0,366.3412675724652
316L SS,200,400,70,30,240.1,245.3,1014.4,0,False,1.0216576426488964,40.0,259.04239452896564
316L SS,200,400,70,40,240.1,245.3,1014.4,0,False,1.0216576426488964,40.0,259.04239452896564
316L SS,200,400,70,50,240.1,245.3,1014.4,0,False,1.0216576426488964,40.0,259.04239452896564
316L SS,200,400,90,30,240.1,245.3,1014.4,0,False,1.0216576426488964,40.0,259.04239452896564
316L SS,200,400,90,40,240.1,245.3,1014.4,0,False,1.0216576426488964,40.0,259.04239452896564
316L SS,200,400,90,50,240.1,245.3,1014.4,0,False,1.0216576426488964,40.0,259.04239452896564
316L SS,200,400,110,30,240.1,245.3,1014.4,0,False,1.0216576426488964,40.0,259.04239452896564
316L SS,200,400,110,40,240.1,245.3,1014.4,0,False,1.0216576426488964,40.0,259.04239452896564
316L SS,200,400,110,50,240.1,245.3,1014.4,0,False,1.0216576426488964,40.0,259.04239452896564
316L SS,200,600,70,30,193.9,189.4,990.5,0,False,0.9767921609076844,40.0,259.04239452896564
316L SS,200,600,70,40,193.9,189.4,990.5,0,False,0.9767921609076844,40.0,259.04239452896564
316L SS,200,600,70,50,193.9,189.4,990.5,0,False,0.9767921609076844,40.0,259.04239452896564
316L SS,200,600,90,30,193.9,189.4,990.5,0,False,0.9767921609076844,40.0,259.04239452896564
316L SS,200,600,90,40,193.9,189.4,990.5,0,False,0.9767921609076844,40.0,259.04239452896564
316L SS,200,600,90,50,193.9,189.4,990.5,0,False,0.9767921609076844,40.0,259.04239452896564
316L SS,200,600,110,30,193.9,189.4,990.5,0,False,0.9767921609076844,40.0,259.04239452896564
316L SS,200,600,110,40,193.9,189.4,990.5,0,False,0.9767921609076844,40.0,259.04239452896564
316L SS,200,600,110,50,193.9,189.4,990.5,0,False,0.9767921609076844,40.0,259.04239452896564
316L SS,200,800,70,30,165.4,155.3,967.7,0,False,0.9389359129383312,40.0,259.04239452896564
316L SS,200,800,70,40,165.4,155.3,967.7,0,False,0.9389359129383312,40.0,259.04239452896564
316L SS,200,800,70,50,165.4,155.3,967.7,0,False,0.9389359129383312,40.0,259.04239452896564
316L SS,200,800,90,30,165.4,155.3,967.7,0,False,0.9389359129383312,40.0,259.04239452896564
316L SS,200,800,90,40,165.4,155.3,967.7,0,False,0.9389359129383312,40.0,259.04239452896564
316L SS,200,800,90,50,165.4,155.3,967.7,0,False,0.9389359129383312,40.0,259.04239452896564
316L SS,200,800,110,30,165.4,155.3,967.7,0,False,0.9389359129383312,40.0,259.04239452896564
316L SS,200,800,110,40,165.4,155.3,967.7,0,False,0.9389359129383312,40.0,259.04239452896564
316L SS,200,800,110,50,165.4,155.3,967.7,0,False,0.9389359129383312,40.0,259.04239452896564
316L SS,200,1000,70,30,145.2,131.3,943.3,0,False,0.9042699724517907,40.0,259.04239452896564
316L SS,200,1000,70,40,145.2,131.3,943.3,0,False,0.9042699724517907,40.0,259.04239452896564
316L SS,200,1000,70,50,145.2,131.3,943.3,0,False,0.9042699724517907,40.0,259.04239452896564
316L SS,200,1000,90,30,145.2,131.3,943.3,0,False,0.9042699724517907,40.0,259.04239452896564
316L SS,200,1000,90,40,145.2,131.3,943.3,0,False,0.9042699724517907,40.0,259.04239452896564
316L SS,200,1000,90,50,145.2,131.3,943.3,0,False,0.9042699724517907,40.0,259.04239452896564
316L SS,200,1000,110,30,145.2,131.3,943.3,0,False,0.9042699724517907,40.0,259.04239452896564
316L SS,200,1000,110,40,145.2,131.3,943.3,0,False,0.9042699724517907,40.0,259.04239452896564
316L SS,200,1000,110,50,145.2,131.3,943.3,0,False,0.9042699724517907,40.0,259.04239452896564
316L SS,200,1200,70,30,151.8,60.1,185.0,0,False,0.3959156785243741,5.0,366.3412675724652
316L SS,200,1200,70,40,151.8,60.1,185.0,0,False,0.3959156785243741,5.0,366.3412675724652
316L SS,200,1200,70,50,151.8,60.1,185.0,0,False,0.3959156785243741,5.0,366.3412675724652
316L SS,200,1200,90,30,151.8,60.1,185.0,0,False,0.3959156785243741,5.0,366.3412675724652
316L SS,200,1200,90,40,151.8,60.1,185.0,0,False,0.3959156785243741,5.0,366.3412675724652
316L SS,200,1200,90,50,151.8,60.1,185.0,0,True,0.3959156785243741,5.0,366.3412675724652
316L SS,200,1200,110,30,151.8,60.1,185.0,0,False,0.3959156785243741,5.0,366.3412675724652
316L SS,200,1200,110,40,151.8,60.1,185.0,0,False,0.3959156785243741,5.0,366.3412675724652
316L SS,200,1200,110,50,151.8,60.1,185.0,0,True,0.3959156785243741,5.0,366.3412675724652
316L SS,200,1400,70,30,141.0,53.2,173.1,0,False,0.3773049645390071,5.0,366.3412675724652
316L SS,200,1400,70,40,141.0,53.2,173.1,0,False,0.3773049645390071,5.0,366.3412675724652
316L SS,200,1400,70,50,141.0,53.2,173.1,0,True,0.3773049645390071,5.0,366.3412675724652
316L SS,200,1400,90,30,141.0,53.2,173.1,0,False,0.3773049645390071,5.0,366.3412675724652
316L SS,200,1400,90,40,141.0,53.2,173.1,0,False,0.3773049645390071,5.0,366.3412675724652
316L SS,200,1400,90,50,141.0,53.2,173.1,0,True,0.3773049645390071,5.0,366.3412675724652
316L SS,200,1400,110,30,141.0,53.2,173.1,0,False,0.3773049645390071,5.0,366.3412675724652
316L SS,200,1400,110,40,141.0,53.2,173.1,0,True,0.3773049645390071,5.0,366.3412675724652
316L SS,200,1400,110,50,141.0,53.2,173.1,0,True,0.3773049645390071,5.0,366.3412675724652
316L SS,200,1600,70,30,132.1,47.9,163.4,0,False,0.3626040878122634,5.0,366.3412675724652
316L SS,200,1600,70,40,132.1,47.9,163.4,0,False,0.3626040878122634,5.0,366.3412675724652
316L SS,200,1600,70,50,132.1,47.9,163.4,0,True,0.3626040878122634,5.0,366.3412675724652
316L SS,200,1600,90,30,132.1,47.9,163.4,0,False,0.3626040878122634,5.0,366.3412675724652
316L SS,200,1600,90,40,132.1,47.9,163.4,0,True,0.3626040878122634,5.0,366.3412675724652
316L SS,200,1600,90,50,132.1,47.9,163.4,0,True,0.3626040878122634,5.0,366.3412675724652
316L SS,200,1600,110,30,132.1,47.9,163.4,0,True,0.3626040878122634,5.0,366.3412675724652
316L SS,200,1600,110,40,132.1,47.9,163.4,0,True,0.3626040878122634,5.0,366.3412675724652
316L SS,200,1600,110,50,132.1,47.9,163.4,0,True,0.3626040878122634,5.0,366.3412675724652
316L SS,200,1800,70,30,124.7,43.6,155.2,0,False,0.3496391339214114,5.0,366.3412675724652
316L SS,200,1800,70,40,124.7,43.6,155.2,0,True,0.3496391339214114,5.0,366.3412675724652
316L SS,200,1800,70,50,124.7,43.6,155.2,0,True,0.3496391339214114,5.0,366.3412675724652
316L SS,200,1800,90,30,124.7,43.6,155.2,0,False,0.3496391339214114,5.0,366.3412675724652
316L SS,200,1800,90,40,124.7,43.6,155.2,0,True,0.3496391339214114,5.0,366.3412675724652
316L SS,200,1800,90,50,124.7,43.6,155.2,0,True,0.3496391339214114,5.0,366.3412675724652
316L SS,200,1800,110,30,124.7,43.6,155.2,0,True,0.3496391339214114,5.0,366.3412675724652
316L SS,200,1800,110,40,124.7,43.6,155.2,0,True,0.3496391339214114,5.0,366.3412675724652
316L SS,200,1800,110,50,124.7,43.6,155.2,0,True,0.3496391339214114,5.0,366.3412675724652
316L SS,200,2000,70,30,118.4,40.1,148.2,0,False,0.3386824324324324,5.0,366.3412675724652
316L SS,200,2000,70,40,118.4,40.1,148.2,0,True,0.3386824324324324,5.0,366.3412675724652
316L SS,200,2000,70,50,118.4,40.1,148.2,0,True,0.3386824324324324,5.0,366.3412675724652
316L SS,200,2000,90,30,118.4,40.1,148.2,0,True,0.3386824324324324,5.0,366.3412675724652
316L SS,200,2000,90,40,118.4,40.1,148.2,0,True,0.3386824324324324,5.0,366.3412675724652
316L SS,200,2000,90,50,118.4,40.1,148.2,0,True,0.3386824324324324,5.0,366.3412675724652
316L SS,200,2000,110,30,118.4,40.1,148.2,0,True,0.3386824324324324,5.0,366.3412675724652
316L SS,200,2000,110,40,118.4,40.1,148.2,0,True,0.3386824324324324,5.0,366.3412675724652
316L SS,200,2000,110,50,118.4,40.1,148.2,0,True,0.3386824324324324,5.0,366.3412675724652
316L SS,250,400,70,30,270.7,287.7,1268.2,0,False,1.0628001477650535,40.0,259.04239452896564
316L SS,250,400,70,40,270.7,287.7,1268.2,0,False,1.0628001477650535,40.0,259.04239452896564
316L SS,250,400,70,50,270.7,287.7,1268.2,0,False,1.0628001477650535,40.0,259.04239452896564
316L SS,250,400,90,30,270.7,287.7,1268.2,0,False,1.0628001477650535,40.0,259.04239452896564
316L SS,250,400,90,40,270.7,287.7,1268.2,0,False,1.0628001477650535,40.0,259.04239452896564
316L SS,250,400,90,50,270.7,287.7,1268.2,0,False,1.0628001477650535,40.0,259.04239452896564
316L SS,250,400,110,30,270.7,287.7,1268.2,0,False,1.0628001477650535,40.0,259.04239452896564
316L SS,250,400,110,40,270.7,287.7,1268.2,0,False,1.0628001477650535,40.0,259.04239452896564
316L SS,250,400,110,50,270.7,287.7,1268.2,0,False,1.0628001477650535,40.0,259.04239452896564
316L SS,250,600,70,30,219.3,224.6,1245.8,0,False,1.0241678066575466,40.0,259.04239452896564
316L SS,250,600,70,40,219.3,224.6,1245.8,0,False,1.0241678066575466,40.0,259.04239452896564
316L SS,250,600,70,50,219.3,224.6,1245.8,0,False,1.0241678066575466,40.0,259.04239452896564
316L SS,250,600,90,30,219.3,224.6,1245.8,0,False,1.0241678066575466,40.0,259.04239452896564
316L SS,250,600,90,40,219.3,224.6,1245.8,0,False,1.0241678066575466,40.0,259.04239452896564
316L SS,250,600,90,50,219.3,224.6,1245.8,0,False,1.0241678066575466,40.0,259.04239452896564
316L SS,250,600,110,30,219.3,224.6,1245.8,0,False,1.0241678066575466,40.0,259.04239452896564
316L SS,250,600,110,40,219.3,224.6,1245.8,0,False,1.0241678066575466,40.0,259.04239452896564
316L SS,250,600,110,50,219.3,224.6,1245.8,0,False,1.0241678066575466,40.0,259.04239452896564
316L SS,250,800,70,30,188.1,186.8,1227.2,0,False,0.9930887825624668,40.0,259.04239452896564
316L SS,250,800,70,40,188.1,186.8,1227.2,0,False,0.9930887825624668,40.0,259.04239452896564
316L SS,250,800,70,50,188.1,186.8,1227.2,0,False,0.9930887825624668,40.0,259.04239452896564
316L SS,250,800,90,30,188.1,186.8,1227.2,0,False,0.9930887825624668,40.0,259.04239452896564
316L SS,250,800,90,40,188.1,186.8,1227.2,0,False,0.9930887825624668,40.0,259.04239452896564
316L SS,250,800,90,50,188.1,186.8,1227.2,0,False,0.9930887825624668,40.0,259.04239452896564
316L SS,250,800,110,30,188.1,186.8,1227.2,0,False,0.9930887825624668,40.0,259.04239452896564
316L SS,250,800,110,40,188.1,186.8,1227.2,0,False,0.9930887825624668,40.0,259.04239452896564
316L SS,250,800,110,50,188.1,186.8,1227.2,0,False,0.9930887825624668,40.0,259.04239452896564
316L SS,250,1000,70,30,165.5,158.5,1117.2,0,False,0.9577039274924471,40.0,259.04239452896564
316L SS,250,1000,70,40,165.5,158.5,1117.2,0,False,0.9577039274924471,40.0,259.04239452896564
316L SS,250,1000,70,50,165.5,158.5,1117.2,0,False,0.9577039274924471,40.0,259.04239452896564
316L SS,250,1000,90,30,165.5,158.5,1117.2,0,False,0.9577039274924471,40.0,259.04239452896564
316L SS,250,1000,90,40,165.5,158.5,1117.2,0,False,0.9577039274924471,40.0,259.04239452896564
316L SS,250,1000,90,50,165.5,158.5,1117.2,0,False,0.9577039274924471,40.0,259.04239452896564
316L SS,250,1000,110,30,165.5,158.5,1117.2,0,False,0.9577039274924471,40.0,259.04239452896564
316L SS,250,1000,110,40,165.5,158.5,1117.2,0,False,0.9577039274924471,40.0,259.04239452896564
316L SS,250,1000,110,50,165.5,158.5,1117.2,0,False,0.9577039274924471,40.0,259.04239452896564
316L SS,250,1200,70,30,169.3,79.6,204.2,0,False,0.4701712935617246,5.0,366.3412675724652
316L SS,250,1200,70,40,169.3,79.6,204.2,0,False,0.4701712935617246,5.0,366.3412675724652
316L SS,250,1200,70,50,169.3,79.6,204.2,0,False,0.4701712935617246,5.0,366.3412675724652
316L SS,250,1200,90,30,169.3,79.6,204.2,0,False,0.4701712935617246,5.0,366.3412675724652
316L SS,250,1200,90,40,169.3,79.6,204.2,0,False,0.4701712935617246,5.0,366.3412675724652
316L SS,250,1200,90,50,169.3,79.6,204.2,0,False,0.4701712935617246,5.0,366.3412675724652
316L SS,250,1200,110,30,169.3,79.6,204.2,0,False,0.4701712935617246,5.0,366.3412675724652
316L SS,250,1200,110,40,169.3,79.6,204.2,0,False,0.4701712935617246,5.0,366.3412675724652
316L SS,250,1200,110,50,169.3,79.6,204.2,0,False,0.4701712935617246,5.0,366.3412675724652
316L SS,250,1400,70,30,157.6,72.5,191.4,0,False,0.4600253807106599,5.0,366.3412675724652
316L SS,250,1400,70,40,157.6,72.5,191.4,0,False,0.4600253807106599,5.0,366.3412675724652
316L SS,250,1400,70,50,157.6,72.5,191.4,0,False,0.4600253807106599,5.0,366.3412675724652
316L SS,250,1400,90,30,157.6,72.5,191.4,0,False,0.4600253807106599,5.0,366.3412675724652
316L SS,250,1400,90,40,157.6,72.5,191.4,0,False,0.4600253807106599,5.0,366.3412675724652
316L SS,250,1400,90,50,157.6,72.5,191.4,0,False,0.4600253807106599,5.0,366.3412675724652
316L SS,250,1400,110,30,157.6,72.5,191.4,0,False,0.4600253807106599,5.0,366.3412675724652
316L SS,250,1400,110,40,157.6,72.5,191.4,0,False,0.4600253807106599,5.0,366.3412675724652
316L SS,250,1400,110,50,157.6,72.5,191.4,0,False,0.4600253807106599,5.0,366.3412675724652
316L SS,250,1600,70,30,148.2,66.6,181.0,0,False,0.4493927125506073,5.0,366.3412675724652
316L SS,250,1600,70,40,148.2,66.6,181.0,0,False,0.4493927125506073,5.0,366.3412675724652
316L SS,250,1600,70,50,148.2,66.6,181.0,0,False,0.4493927125506073,5.0,366.3412675724652
316L SS,250,1600,90,30,148.2,66.6,181.0,0,False,0.4493927125506073,5.0,366.3412675724652
316L SS,250,1600,90,40,148.2,66.6,181.0,0,False,0.4493927125506073,5.0,366.3412675724652
316L SS,250,1600,90,50,148.2,66.6,181.0,0,False,0.4493927125506073,5.0,366.3412675724652
316L SS,250,1600,110,30,148.2,66.6,181.0,0,False,0.4493927125506073,5.0,366.3412675724652
316L SS,250,1600,110,40,148.2,66.6,181.0,0,False,0.4493927125506073,5.0,366.3412675724652
316L SS,250,1600,110,50,148.2,66.6,181.0,0,True,0.4493927125506073,5.0,366.3412675724652
316L SS,250,1800,70,30,140.4,56.3,172.4,0,False,0.4009971509971509,5.0,366.3412675724652
316L SS,250,1800,70,40,140.4,56.3,172.4,0,False,0.4009971509971509,5.0,366.3412675724652
316L SS,250,1800,70,50,140.4,56.3,172.4,0,True,0.4009971509971509,5.0,366.3412675724652
316L SS,250,1800,90,30,140.4,56.3,172.4,0,False,0.4009971509971509,5.0,366.3412675724652
316L SS,250,1800,90,40,140.4,56.3,172.4,0,False,0.4009971509971509,5.0,366.3412675724652
316L SS,250,1800,90,50,140.4,56.3,172.4,0,True,0.4009971509971509,5.0,366.3412675724652
316L SS,250,1800,110,30,140.4,56.3,172.4,0,False,0.4009971509971509,5.0,366.3412675724652
316L SS,250,1800,110,40,140.4,56.3,172.4,0,True,0.4009971509971509,5.0,366.3412675724652
316L SS,250,1800,110,50,140.4,56.3,172.4,0,True,0.4009971509971509,5.0,366.3412675724652
316L SS,250,2000,70,30,133.7,51.9,165.0,0,False,0.3881824981301421,5.0,366.3412675724652
316L SS,250,2000,70,40,133.7,51.9,165.0,0,False,0.3881824981301421,5.0,366.3412675724652
316L SS,250,2000,70,50,133.7,51.9,165.0,0,True,0.3881824981301421,5.0,366.3412675724652
316L SS,250,2000,90,30,133.7,51.9,165.0,0,False,0.3881824981301421,5.0,366.3412675724652
316L SS,250,2000,90,40,133.7,51.9,165.0,0,True,0.3881824981301421,5.0,366.3412675724652
316L SS,250,2000,90,50,133.7,51.9,165.0,0,True,0.3881824981301421,5.0,366.3412675724652
316L SS,250,2000,110,30,133.7,51.9,165.0,0,True,0.3881824981301421,5.0,366.3412675724652
316L SS,250,2000,110,40,133.7,51.9,165.0,0,True,0.3881824981301421,5.0,366.3412675724652
316L SS,250,2000,110,50,133.7,51.9,165.0,0,True,0.3881824981301421,5.0,366.3412675724652
316L SS,300,400,70,30,298.1,325.9,1521.5,0,False,1.0932572962093257,40.0,259.04239452896564
316L SS,300,400,70,40,298.1,325.9,1521.5,0,False,1.0932572962093257,40.0,259.04239452896564
316L SS,300,400,70,50,298.1,325.9,1521.5,0,False,1.0932572962093257,40.0,259.04239452896564
316L SS,300,400,90,30,298.1,325.9,1521.5,0,False,1.0932572962093257,40.0,259.04239452896564
316L SS,300,400,90,40,298.1,325.9,1521.5,0,False,1.0932572962093257,40.0,259.04239452896564
316L SS,300,400,90,50,298.1,325.9,1521.5,0,False,1.0932572962093257,40.0,259.04239452896564
316L SS,300,400,110,30,298.1,325.9,1521.5,0,False,1.0932572962093257,40.0,259.04239452896564
316L SS,300,400,110,40,298.1,325.9,1521.5,0,False,1.0932572962093257,40.0,259.04239452896564
316L SS,300,400,110,50,298.1,325.9,1521.5,0,False,1.0932572962093257,40.0,259.04239452896564
316L SS,300,600,70,30,241.9,256.0,1498.7,0,False,1.0582885489871847,40.0,259.04239452896564
316L SS,300,600,70,40,241.9,256.0,1498.7,0,False,1.0582885489871847,40.0,259.04239452896564
316L SS,300,600,70,50,241.9,256.0,1498.7,0,False,1.0582885489871847,40.0,259.04239452896564
316L SS,300,600,90,30,241.9,256.0,1498.7,0,False,1.0582885489871847,40.0,259.04239452896564
316L SS,300,600,90,40,241.9,256.0,1498.7,0,False,1.0582885489871847,40.0,259.04239452896564
316L SS,300,600,90,50,241.9,256.0,1498.7,0,False,1.0582885489871847,40.0,259.04239452896564
316L SS,300,600,110,30,241.9,256.0,1498.7,0,False,1.0582885489871847,40.0,259.04239452896564
316L SS,300,600,110,40,241.9,256.0,1498.7,0,False,1.0582885489871847,40.0,259.04239452896564
316L SS,300,600,110,50,241.9,256.0,1498.7,0,False,1.0582885489871847,40.0,259.04239452896564
316L SS,300,800,70,30,207.1,211.7,1376.7,0,False,1.0222114920328345,40.0,259.04239452896564
316L SS,300,800,70,40,207.1,211.7,1376.7,0,False,1.0222114920328345,40.0,259.04239452896564
316L SS,300,800,70,50,207.1,211.7,1376.7,0,False,1.0222114920328345,40.0,259.04239452896564
316L SS,300,800,90,30,207.1,211.7,1376.7,0,False,1.0222114920328345,40.0,259.04239452896564
316L SS,300,800,90,40,207.1,211.7,1376.7,0,False,1.0222114920328345,40.0,259.04239452896564
316L SS,300,800,90,50,207.1,211.7,1376.7,0,False,1.0222114920328345,40.0,259.04239452896564
316L SS,300,800,110,30,207.1,211.7,1376.7,0,False,1.0222114920328345,40.0,259.04239452896564
316L SS,300,800,110,40,207.1,211.7,1376.7,0,False,1.0222114920328345,40.0,259.04239452896564
316L SS,300,800,110,50,207.1,211.7,1376.7,0,False,1.0222114920328345,40.0,259.04239452896564
316L SS,300,1000,70,30,181.8,179.8,1226.4,0,False,0.988998899889989,40.0,259.04239452896564
316L SS,300,1000,70,40,181.8,179.8,1226.4,0,False,0.988998899889989,40.0,259.04239452896564
316L SS,300,1000,70,50,181.8,179.8,1226.4,0,False,0.988998899889989,40.0,259.04239452896564
316L SS,300,1000,90,30,181.8,179.8,1226.4,0,False,0.988998899889989,40.0,259.04239452896564
316L SS,300,1000,90,40,181.8,179.8,1226.4,0,False,0.988998899889989,40.0,259.04239452896564
316L SS,300,1000,90,50,181.8,179.8,1226.4,0,False,0.988998899889989,40.0,259.04239452896564
316L SS,300,1000,110,30,181.8,179.8,1226.4,0,False,0.988998899889989,40.0,259.04239452896564
316L SS,300,1000,110,40,181.8,179.8,1226.4,0,False,0.988998899889989,40.0,259.04239452896564
316L SS,300,1000,110,50,181.8,179.8,1226.4,0,False,0.988998899889989,40.0,259.04239452896564
316L SS,300,1200,70,30,184.4,90.7,220.8,0,False,0.4918655097613882,5.0,366.3412675724652
316L SS,300,1200,70,40,184.4,90.7,220.8,0,False,0.4918655097613882,5.0,366.3412675724652
316L SS,300,1200,70,50,184.4,90.7,220.8,0,False,0.4918655097613882,5.0,366.3412675724652
316L SS,300,1200,90,30,184.4,90.7,220.8,0,False,0.4918655097613882,5.0,366.3412675724652
316L SS,300,1200,90,40,184.4,90.7,220.8,0,False,0.4918655097613882,5.0,366.3412675724652
316L SS,300,1200,90,50,184.4,90.7,220.8,0,False,0.4918655097613882,5.0,366.3412675724652
316L SS,300,1200,110,30,184.4,90.7,220.8,0,False,0.4918655097613882,5.0,366.3412675724652
316L SS,300,1200,110,40,184.4,90.7,220.8,0,False,0.4918655097613882,5.0,366.3412675724652
316L SS,300,1200,110,50,184.4,90.7,220.8,0,False,0.4918655097613882,5.0,366.3412675724652
316L SS,300,1400,70,30,171.7,83.0,206.9,0,False,0.4834012813046011,5.0,366.3412675724652
316L SS,300,1400,70,40,171.7,83.0,206.9,0,False,0.4834012813046011,5.0,366.3412675724652
316L SS,300,1400,70,50,171.7,83.0,206.9,0,False,0.4834012813046011,5.0,366.3412675724652
316L SS,300,1400,90,30,171.7,83.0,206.9,0,False,0.4834012813046011,5.0,366.3412675724652
316L SS,300,1400,90,40,171.7,83.0,206.9,0,False,0.4834012813046011,5.0,366.3412675724652
316L SS,300,1400,90,50,171.7,83.0,206.9,0,False,0.4834012813046011,5.0,366.3412675724652
316L SS,300,1400,110,30,171.7,83.0,206.9,0,False,0.4834012813046011,5.0,366.3412675724652
316L SS,300,1400,110,40,171.7,83.0,206.9,0,False,0.4834012813046011,5.0,366.3412675724652
316L SS,300,1400,110,50,171.7,83.0,206.9,0,False,0.4834012813046011,5.0,366.3412675724652
316L SS,300,1600,70,30,161.6,76.8,195.7,0,False,0.4752475247524752,5.0,366.3412675724652
316L SS,300,1600,70,40,161.6,76.8,195.7,0,False,0.4752475247524752,5.0,366.3412675724652
316L SS,300,1600,70,50,161.6,76.8,195.7,0,False,0.4752475247524752,5.0,366.3412675724652
316L SS,300,1600,90,30,161.6,76.8,195.7,0,False,0.4752475247524752,5.0,366.3412675724652
316L SS,300,1600,90,40,161.6,76.8,195.7,0,False,0.4752475247524752,5.0,366.3412675724652
316L SS,300,1600,90,50,161.6,76.8,195.7,0,False,0.4752475247524752,5.0,366.3412675724652
316L SS,300,1600,110,30,161.6,76.8,195.7,0,False,0.4752475247524752,5.0,366.3412675724652
316L SS,300,1600,110,40,161.6,76.8,195.7,0,False,0.4752475247524752,5.0,366.3412675724652
316L SS,300,1600,110,50,161.6,76.8,195.7,0,False,0.4752475247524752,5.0,366.3412675724652
316L SS,300,1800,70,30,153.1,71.6,186.4,0,False,0.4676681907250163,5.0,366.3412675724652
316L SS,300,1800,70,40,153.1,71.6,186.4,0,False,0.4676681907250163,5.0,366.3412675724652
316L SS,300,1800,70,50,153.1,71.6,186.4,0,False,0.4676681907250163,5.0,366.3412675724652
316L SS,300,1800,90,30,153.1,71.6,186.4,0,False,0.4676681907250163,5.0,366.3412675724652
316L SS,300,1800,90,40,153.1,71.6,186.4,0,False,0.4676681907250163,5.0,366.3412675724652
316L SS,300,1800,90,50,153.1,71.6,186.4,0,False,0.4676681907250163,5.0,366.3412675724652
316L SS,300,1800,110,30,153.1,71.6,186.4,0,False,0.4676681907250163,5.0,366.3412675724652
316L SS,300,1800,110,40,153.1,71.6,186.4,0,False,0.4676681907250163,5.0,366.3412675724652
316L SS,300,1800,110,50,153.1,71.6,186.4,0,True,0.4676681907250163,5.0,366.3412675724652
316L SS,300,2000,70,30,146.0,67.2,178.6,0,False,0.4602739726027397,5.0,366.3412675724652
316L SS,300,2000,70,40,146.0,67.2,178.6,0,False,0.4602739726027397,5.0,366.3412675724652
316L SS,300,2000,70,50,146.0,67.2,178.6,0,False,0.4602739726027397,5.0,366.3412675724652
316L SS,300,2000,90,30,146.0,67.2,178.6,0,False,0.4602739726027397,5.0,366.3412675724652
316L SS,300,2000,90,40,146.0,67.2,178.6,0,False,0.4602739726027397,5.0,366.3412675724652
316L SS,300,2000,90,50,146.0,67.2,178.6,0,False,0.4602739726027397,5.0,366.3412675724652
316L SS,300,2000,110,30,146.0,67.2,178.6,0,False,0.4602739726027397,5.0,366.3412675724652
316L SS,300,2000,110,40,146.0,67.2,178.6,0,False,0.4602739726027397,5.0,366.3412675724652
316L SS,300,2000,110,50,146.0,67.2,178.6,0,True,0.4602739726027397,5.0,366.3412675724652
316L SS,350,400,70,30,323.3,361.2,1774.4,0,False,1.117228580266007,40.0,259.04239452896564
316L SS,350,400,70,40,323.3,361.2,1774.4,0,False,1.117228580266007,40.0,259.04239452896564
316L SS,350,400,70,50,323.3,361.2,1774.4,0,False,1.117228580266007,40.0,259.04239452896564
316L SS,350,400,90,30,323.3,361.2,1774.4,0,False,1.117228580266007,40.0,259.04239452896564
316L SS,350,400,90,40,323.3,361.2,1774.4,0,False,1.117228580266007,40.0,259.04239452896564
316L SS,350,400,90,50,323.3,361.2,1774.4,0,False,1.117228580266007,40.0,259.04239452896564
316L SS,350,400,110,30,323.3,361.2,1774.4,0,False,1.117228580266007,40.0,259.04239452896564
316L SS,350,400,110,40,323.3,361.2,1774.4,0,False,1.117228580266007,40.0,259.04239452896564
316L SS,350,400,110,50,323.3,361.2,1774.4,0,False,1.117228580266007,40.0,259.04239452896564
316L SS,350,600,70,30,262.5,284.0,1723.7,0,False,1.081904761904762,40.0,259.04239452896564
316L SS,350,600,70,40,262.5,284.0,1723.7,0,False,1.081904761904762,40.0,259.04239452896564
316L SS,350,600,70,50,262.5,284.0,1723.7,0,False,1.081904761904762,40.0,259.04239452896564
316L SS,350,600,90,30,262.5,284.0,1723.7,0,False,1.081904761904762,40.0,259.04239452896564
316L SS,350,600,90,40,262.5,284.0,1723.7,0,False,1.081904761904762,40.0,259.04239452896564
316L SS,350,600,90,50,262.5,284.0,1723.7,0,False,1.081904761904762,40.0,259.04239452896564
316L SS,350,600,110,30,262.5,284.0,1723.7,0,False,1.081904761904762,40.0,259.04239452896564
316L SS,350,600,110,40,262.5,284.0,1723.7,0,False,1.081904761904762,40.0,259.04239452896564
316L SS,350,600,110,50,262.5,284.0,1723.7,0,False,1.081904761904762,40.0,259.04239452896564
316L SS,350,800,70,30,223.6,233.0,1487.2,0,False,1.0420393559928445,40.0,259.04239452896564
316L SS,350,800,70,40,223.6,233.0,1487.2,0,False,1.0420393559928445,40.0,259.04239452896564
316L SS,350,800,70,50,223.6,233.0,1487.2,0,False,1.0420393559928445,40.0,259.04239452896564
316L SS,350,800,90,30,223.6,233.0,1487.2,0,False,1.0420393559928445,40.0,259.04239452896564
316L SS,350,800,90,40,223.6,233.0,1487.2,0,False,1.0420393559928445,40.0,259.04239452896564
316L SS,350,800,90,50,223.6,233.0,1487.2,0,False,1.0420393559928445,40.0,259.04239452896564
316L SS,350,800,110,30,223.6,233.0,1487.2,0,False,1.0420393559928445,40.0,259.04239452896564
316L SS,350,800,110,40,223.6,233.0,1487.2,0,False,1.0420393559928445,40.0,259.04239452896564
316L SS,350,800,110,50,223.6,233.0,1487.2,0,False,1.0420393559928445,40.0,259.04239452896564
316L SS,350,1000,70,30,196.0,198.3,1325.3,0,False,1.011734693877551,40.0,259.04239452896564
316L SS,350,1000,70,40,196.0,198.3,1325.3,0,False,1.011734693877551,40.0,259.04239452896564
316L SS,350,1000,70,50,196.0,198.3,1325.3,0,False,1.011734693877551,40.0,259.04239452896564
316L SS,350,1000,90,30,196.0,198.3,1325.3,0,False,1.011734693877551,40.0,259.04239452896564
316L SS,350,1000,90,40,196.0,198.3,1325.3,0,False,1.011734693877551,40.0,259.04239452896564
316L SS,350,1000,90,50,196.0,198.3,1325.3,0,False,1.011734693877551,40.0,259.04239452896564
316L SS,350,1000,110,30,196.0,198.3,1325.3,0,False,1.011734693877551,40.0,259.04239452896564
316L SS,350,1000,110,40,196.0,198.3,1325.3,0,False,1.011734693877551,40.0,259.04239452896564
316L SS,350,1000,110,50,196.0,198.3,1325.3,0,False,1.011734693877551,40.0,259.04239452896564
316L SS,350,1200,70,30,175.1,172.8,1205.3,0,False,0.9868646487721304,40.0,259.04239452896564
316L SS,350,1200,70,40,175.1,172.8,1205.3,0,False,0.9868646487721304,40.0,259.04239452896564
316L SS,350,1200,70,50,175.1,172.8,1205.3,0,False,0.9868646487721304,40.0,259.04239452896564
316L SS,350,1200,90,30,175.1,172.8,1205.3,0,False,0.9868646487721304,40.0,259.04239452896564
316L SS,350,1200,90,40,175.1,172.8,1205.3,0,False,0.9868646487721304,40.0,259.04239452896564
316L SS,350,1200,90,50,175.1,172.8,1205.3,0,False,0.9868646487721304,40.0,259.04239452896564
316L SS,350,1200,110,30,175.1,172.8,1205.3,0,False,0.9868646487721304,40.0,259.04239452896564
316L SS,350,1200,110,40,175.1,172.8,1205.3,0,False,0.9868646487721304,40.0,259.04239452896564
316L SS,350,1200,110,50,175.1,172.8,1205.3,0,False,0.9868646487721304,40.0,259.04239452896564
316L SS,350,1400,70,30,184.5,92.2,220.9,0,False,0.4997289972899729,5.0,366.3412675724652
316L SS,350,1400,70,40,184.5,92.2,220.9,0,False,0.4997289972899729,5.0,366.3412675724652
316L SS,350,1400,70,50,184.5,92.2,220.9,0,False,0.4997289972899729,5.0,366.3412675724652
316L SS,350,1400,90,30,184.5,92.2,220.9,0,False,0.4997289972899729,5.0,366.3412675724652
316L SS,350,1400,90,40,184.5,92.2,220.9,0,False,0.4997289972899729,5.0,366.3412675724652
316L SS,350,1400,90,50,184.5,92.2,220.9,0,False,0.4997289972899729,5.0,366.3412675724652
316L SS,350,1400,110,30,184.5,92.2,220.9,0,False,0.4997289972899729,5.0,366.3412675724652
316L SS,350,1400,110,40,184.5,92.2,220.9,0,False,0.4997289972899729,5.0,366.3412675724652
316L SS,350,1400,110,50,184.5,92.2,220.9,0,False,0.4997289972899729,5.0,366.3412675724652
316L SS,350,1600,70,30,173.5,85.5,208.8,0,False,0.4927953890489913,5.0,366.3412675724652
316L SS,350,1600,70,40,173.5,85.5,208.8,0,False,0.4927953890489913,5.0,366.3412675724652
316L SS,350,1600,70,50,173.5,85.5,208.8,0,False,0.4927953890489913,5.0,366.3412675724652
316L SS,350,1600,90,30,173.5,85.5,208.8,0,False,0.4927953890489913,5.0,366.3412675724652
316L SS,350,1600,90,40,173.5,85.5,208.8,0,False,0.4927953890489913,5.0,366.3412675724652
316L SS,350,1600,90,50,173.5,85.5,208.8,0,False,0.4927953890489913,5.0,366.3412675724652
316L SS,350,1600,110,30,173.5,85.5,208.8,0,False,0.4927953890489913,5.0,366.3412675724652
316L SS,350,1600,110,40,173.5,85.5,208.8,0,False,0.4927953890489913,5.0,366.3412675724652
316L SS,350,1600,110,50,173.5,85.5,208.8,0,False,0.4927953890489913,5.0,366.3412675724652
316L SS,350,1800,70,30,164.4,80.0,198.8,0,False,0.48661800486618,5.0,366.3412675724652
316L SS,350,1800,70,40,164.4,80.0,198.8,0,False,0.48661800486618,5.0,366.3412675724652
316L SS,350,1800,70,50,164.4,80.0,198.8,0,False,0.48661800486618,5.0,366.3412675724652
316L SS,350,1800,90,30,164.4,80.0,198.8,0,False,0.48661800486618,5.0,366.3412675724652
316L SS,350,1800,90,40,164.4,80.0,198.8,0,False,0.48661800486618,5.0,366.3412675724652
316L SS,350,1800,90,50,164.4,80.0,198.8,0,False,0.48661800486618,5.0,366.3412675724652
316L SS,350,1800,110,30,164.4,80.0,198.8,0,False,0.48661800486618,5.0,366.3412675724652
316L SS,350,1800,110,40,164.4,80.0,198.8,0,False,0.48661800486618,5.0,366.3412675724652
316L SS,350,1800,110,50,164.4,80.0,198.8,0,False,0.48661800486618,5.0,366.3412675724652
316L SS,350,2000,70,30,156.7,75.3,190.4,0,False,0.4805360561582642,5.0,366.3412675724652
316L SS,350,2000,70,40,156.7,75.3,190.4,0,False,0.4805360561582642,5.0,366.3412675724652
316L SS,350,2000,70,50,156.7,75.3,190.4,0,False,0.4805360561582642,5.0,366.3412675724652
316L SS,350,2000,90,30,156.7,75.3,190.4,0,False,0.4805360561582642,5.0,366.3412675724652
316L SS,350,2000,90,40,156.7,75.3,190.4,0,False,0.4805360561582642,5.0,366.3412675724652
316L SS,350,2000,90,50,156.7,75.3,190.4,0,False,0.4805360561582642,5.0,366.3412675724652
316L SS,350,2000,110,30,156.7,75.3,190.4,0,False,0.4805360561582642,5.0,366.3412675724652
316L SS,350,2000,110,40,156.7,75.3,190.4,0,False,0.4805360561582642,5.0,366.3412675724652
316L SS,350,2000,110,50,156.7,75.3,190.4,0,False,0.4805360561582642,5.0,366.3412675724652
316L SS,400,400,70,30,346.6,394.2,2027.2,0,False,1.1373341027120598,40.0,259.04239452896564
316L SS,400,400,70,40,346.6,394.2,2027.2,0,False,1.1373341027120598,40.0,259.04239452896564
316L SS,400,400,70,50,346.6,394.2,2027.2,0,False,1.1373341027120598,40.0,259.04239452896564
316L SS,400,400,90,30,346.6,394.2,2027.2,0,False,1.1373341027120598,40.0,259.04239452896564
316L SS,400,400,90,40,346.6,394.2,2027.2,0,False,1.1373341027120598,40.0,259.04239452896564
316L SS,400,400,90,50,346.6,394.2,2027.2,0,False,1.1373341027120598,40.0,259.04239452896564
316L SS,400,400,110,30,346.6,394.2,2027.2,0,False,1.1373341027120598,40.0,259.04239452896564
316L SS,400,400,110,40,346.6,394.2,2027.2,0,False,1.1373341027120598,40.0,259.04239452896564
316L SS,400,400,110,50,346.6,394.2,2027.2,0,False,1.1373341027120598,40.0,259.04239452896564
316L SS,400,600,70,30,280.6,307.4,1842.4,0,False,1.0955096222380611,40.0,259.04239452896564
316L SS,400,600,70,40,280.6,307.4,1842.4,0,False,1.0955096222380611,40.0,259.04239452896564
316L SS,400,600,70,50,280.6,307.4,1842.4,0,False,1.0955096222380611,40.0,259.04239452896564
316L SS,400,600,90,30,280.6,307.4,1842.4,0,False,1.0955096222380611,40.0,259.04239452896564
316L SS,400,600,90,40,280.6,307.4,1842.4,0,False,1.0955096222380611,40.0,259.04239452896564
316L SS,400,600,90,50,280.6,307.4,1842.4,0,False,1.0955096222380611,40.0,259.04239452896564
316L SS,400,600,110,30,280.6,307.4,1842.4,0,False,1.0955096222380611,40.0,259.04239452896564
316L SS,400,600,110,40,280.6,307.4,1842.4,0,False,1.0955096222380611,40.0,259.04239452896564
316L SS,400,600,110,50,280.6,307.4,1842.4,0,False,1.0955096222380611,40.0,259.04239452896564
316L SS,400,800,70,30,238.4,252.2,1589.9,0,False,1.0578859060402683,40.0,259.04239452896564
316L SS,400,800,70,40,238.4,252.2,1589.9,0,False,1.0578859060402683,40.0,259.04239452896564
316L SS,400,800,70,50,238.4,252.2,1589.9,0,False,1.0578859060402683,40.0,259.04239452896564
316L SS,400,800,90,30,238.4,252.2,1589.9,0,False,1.0578859060402683,40.0,259.04239452896564
316L SS,400,800,90,40,238.4,252.2,1589.9,0,False,1.0578859060402683,40.0,259.04239452896564
316L SS,400,800,90,50,238.4,252.2,1589.9,0,False,1.0578859060402683,40.0,259.04239452896564
316L SS,400,800,110,30,238.4,252.2,1589.9,0,False,1.0578859060402683,40.0,259.04239452896564
316L SS,400,800,110,40,238.4,252.2,1589.9,0,False,1.0578859060402683,40.0,259.04239452896564
316L SS,400,800,110,50,238.4,252.2,1589.9,0,False,1.0578859060402683,40.0,259.04239452896564
316L SS,400,1000,70,30,208.7,214.9,1417.3,0,False,1.0297077144226163,40.0,259.04239452896564
316L SS,400,1000,70,40,208.7,214.9,1417.3,0,False,1.0297077144226163,40.0,259.04239452896564
316L SS,400,1000,70,50,208.7,214.9,1417.3,0,False,1.0297077144226163,40.0,259.04239452896564
316L SS,400,1000,90,30,208.7,214.9,1417.3,0,False,1.0297077144226163,40.0,259.04239452896564
316L SS,400,1000,90,40,208.7,214.9,1417.3,0,False,1.0297077144226163,40.0,259.04239452896564
316L SS,400,1000,90,50,208.7,214.9,1417.3,0,False,1.0297077144226163,40.0,259.04239452896564
316L SS,400,1000,110,30,208.7,214.9,1417.3,0,False,1.0297077144226163,40.0,259.04239452896564
316L SS,400,1000,110,40,208.7,214.9,1417.3,0,False,1.0297077144226163,40.0,259.04239452896564
316L SS,400,1000,110,50,208.7,214.9,1417.3,0,False,1.0297077144226163,40.0,259.04239452896564
316L SS,400,1200,70,30,186.3,187.5,1289.3,0,False,1.0064412238325282,40.0,259.04239452896564
316L SS,400,1200,70,40,186.3,187.5,1289.3,0,False,1.0064412238325282,40.0,259.04239452896564
316L SS,400,1200,70,50,186.3,187.5,1289.3,0,False,1.0064412238325282,40.0,259.04239452896564
316L SS,400,1200,90,30,186.3,187.5,1289.3,0,False,1.0064412238325282,40.0,259.04239452896564
316L SS,400,1200,90,40,186.3,187.5,1289.3,0,False,1.0064412238325282,40.0,259.04239452896564
316L SS,400,1200,90,50,186.3,187.5,1289.3,0,False,1.0064412238325282,40.0,259.04239452896564
316L SS,400,1200,110,30,186.3,187.5,1289.3,0,False,1.0064412238325282,40.0,259.04239452896564
316L SS,400,1200,110,40,186.3,187.5,1289.3,0,False,1.0064412238325282,40.0,259.04239452896564
316L SS,400,1200,110,50,186.3,187.5,1289.3,0,False,1.0064412238325282,40.0,259.04239452896564
316L SS,400,1400,70,30,196.2,100.6,233.9,0,False,0.5127420998980632,5.0,366.3412675724652
316L SS,400,1400,70,40,196.2,100.6,233.9,0,False,0.5127420998980632,5.0,366.3412675724652
316L SS,400,1400,70,50,196.2,100.6,233.9,0,False,0.5127420998980632,5.0,366.3412675724652
316L SS,400,1400,90,30,196.2,100.6,233.9,0,False,0.5127420998980632,5.0,366.3412675724652
316L SS,400,1400,90,40,196.2,100.6,233.9,0,False,0.5127420998980632,5.0,366.3412675724652
316L SS,400,1400,90,50,196.2,100.6,233.9,0,False,0.5127420998980632,5.0,366.3412675724652
316L SS,400,1400,110,30,196.2,100.6,233.9,0,False,0.5127420998980632,5.0,366.3412675724652
316L SS,400,1400,110,40,196.2,100.6,233.9,0,False,0.5127420998980632,5.0,366.3412675724652
316L SS,400,1400,110,50,196.2,100.6,233.9,0,False,0.5127420998980632,5.0,366.3412675724652
316L SS,400,1600,70,30,184.5,93.4,220.9,0,False,0.5062330623306234,5.0,366.3412675724652
316L SS,400,1600,70,40,184.5,93.4,220.9,0,False,0.5062330623306234,5.0,366.3412675724652
316L SS,400,1600,70,50,184.5,93.4,220.9,0,False,0.5062330623306234,5.0,366.3412675724652
316L SS,400,1600,90,30,184.5,93.4,220.9,0,False,0.5062330623306234,5.0,366.3412675724652
316L SS,400,1600,90,40,184.5,93.4,220.9,0,False,0.5062330623306234,5.0,366.3412675724652
316L SS,400,1600,90,50,184.5,93.4,220.9,0,False,0.5062330623306234,5.0,366.3412675724652
316L SS,400,1600,110,30,184.5,93.4,220.9,0,False,0.5062330623306234,5.0,366.3412675724652
316L SS,400,1600,110,40,184.5,93.4,220.9,0,False,0.5062330623306234,5.0,366.3412675724652
316L SS,400,1600,110,50,184.5,93.4,220.9,0,False,0.5062330623306234,5.0,366.3412675724652
316L SS,400,1800,70,30,174.8,87.5,210.3,0,False,0.5005720823798626,5.0,366.3412675724652
316L SS,400,1800,70,40,174.8,87.5,210.3,0,False,0.5005720823798626,5.0,366.3412675724652
316L SS,400,1800,70,50,174.8,87.5,210.3,0,False,0.5005720823798626,5.0,366.3412675724652
316L SS,400,1800,90,30,174.8,87.5,210.3,0,False,0.5005720823798626,5.0,366.3412675724652
316L SS,400,1800,90,40,174.8,87.5,210.3,0,False,0.5005720823798626,5.0,366.3412675724652
316L SS,400,1800,90,50,174.8,87.5,210.3,0,False,0.5005720823798626,5.0,366.3412675724652
316L SS,400,1800,110,30,174.8,87.5,210.3,0,False,0.5005720823798626,5.0,366.3412675724652
316L SS,400,1800,110,40,174.8,87.5,210.3,0,False,0.5005720823798626,5.0,366.3412675724652
316L SS,400,1800,110,50,174.8,87.5,210.3,0,False,0.5005720823798626,5.0,366.3412675724652
316L SS,400,2000,70,30,166.6,82.5,201.3,0,False,0.4951980792316927,5.0,366.3412675724652
316L SS,400,2000,70,40,166.6,82.5,201.3,0,False,0.4951980792316927,5.0,366.3412675724652
316L SS,400,2000,70,50,166.6,82.5,201.3,0,False,0.4951980792316927,5.0,366.3412675724652
316L SS,400,2000,90,30,166.6,82.5,201.3,0,False,0.4951980792316927,5.0,366.3412675724652
316L SS,400,2000,90,40,166.6,82.5,201.3,0,False,0.4951980792316927,5.0,366.3412675724652
316L SS,400,2000,90,50,166.6,82.5,201.3,0,False,0.4951980792316927,5.0,366.3412675724652
316L SS,400,2000,110,30,166.6,82.5,201.3,0,False,0.4951980792316927,5.0,366.3412675724652
316L SS,400,2000,110,40,166.6,82.5,201.3,0,False,0.4951980792316927,5.0,366.3412675724652
316L SS,400,2000,110,50,166.6,82.5,201.3,0,False,0.4951980792316927,5.0,366.3412675724652
316L SS,450,400,70,30,368.5,425.3,2279.8,0,False,1.1541383989145184,40.0,259.04239452896564
316L SS,450,400,70,40,368.5,425.3,2279.8,0,False,1.1541383989145184,40.0,259.04239452896564
316L SS,450,400,70,50,368.5,425.3,2279.8,0,False,1.1541383989145184,40.0,259.04239452896564
316L SS,450,400,90,30,368.5,425.3,2279.8,0,False,1.1541383989145184,40.0,259.04239452896564
316L SS,450,400,90,40,368.5,425.3,2279.8,0,False,1.1541383989145184,40.0,259.04239452896564
316L SS,450,400,90,50,368.5,425.3,2279.8,0,False,1.1541383989145184,40.0,259.04239452896564
316L SS,450,400,110,30,368.5,425.3,2279.8,0,False,1.1541383989145184,40.0,259.04239452896564
316L SS,450,400,110,40,368.5,425.3,2279.8,0,False,1.1541383989145184,40.0,259.04239452896564
316L SS,450,400,110,50,368.5,425.3,2279.8,0,False,1.1541383989145184,40.0,259.04239452896564
316L SS,450,600,70,30,297.1,328.8,1953.7,0,False,1.106698081454056,40.0,259.04239452896564
316L SS,450,600,70,40,297.1,328.8,1953.7,0,False,1.106698081454056,40.0,259.04239452896564
316L SS,450,600,70,50,297.1,328.8,1953.7,0,False,1.106698081454056,40.0,259.04239452896564
316L SS,450,600,90,30,297.1,328.8,1953.7,0,False,1.106698081454056,40.0,259.04239452896564
316L SS,450,600,90,40,297.1,328.8,1953.7,0,False,1.106698081454056,40.0,259.04239452896564
316L SS,450,600,90,50,297.1,328.8,1953.7,0,False,1.106698081454056,40.0,259.04239452896564
316L SS,450,600,110,30,297.1,328.8,1953.7,0,False,1.106698081454056,40.0,259.04239452896564
316L SS,450,600,110,40,297.1,328.8,1953.7,0,False,1.106698081454056,40.0,259.04239452896564
316L SS,450,600,110,50,297.1,328.8,1953.7,0,False,1.106698081454056,40.0,259.04239452896564
316L SS,450,800,70,30,251.9,269.9,1686.4,0,False,1.0714569273521235,40.0,259.04239452896564
316L SS,450,800,70,40,251.9,269.9,1686.4,0,False,1.0714569273521235,40.0,259.04239452896564
316L SS,450,800,70,50,251.9,269.9,1686.4,0,False,1.0714569273521235,40.0,259.04239452896564
316L SS,450,800,90,30,251.9,269.9,1686.4,0,False,1.0714569273521235,40.0,259.04239452896564
316L SS,450,800,90,40,251.9,269.9,1686.4,0,False,1.0714569273521235,40.0,259.04239452896564
316L SS,450,800,90,50,251.9,269.9,1686.4,0,False,1.0714569273521235,40.0,259.04239452896564
316L SS,450,800,110,30,251.9,269.9,1686.4,0,False,1.0714569273521235,40.0,259.04239452896564
316L SS,450,800,110,40,251.9,269.9,1686.4,0,False,1.0714569273521235,40.0,259.04239452896564
316L SS,450,800,110,50,251.9,269.9,1686.4,0,False,1.0714569273521235,40.0,259.04239452896564
316L SS,450,1000,70,30,220.2,230.1,1503.6,0,False,1.0449591280653951,40.0,259.04239452896564
316L SS,450,1000,70,40,220.2,230.1,1503.6,0,False,1.0449591280653951,40.0,259.04239452896564
316L SS,450,1000,70,50,220.2,230.1,1503.6,0,False,1.0449591280653951,40.0,259.04239452896564
316L SS,450,1000,90,30,220.2,230.1,1503.6,0,False,1.0449591280653951,40.0,259.04239452896564
316L SS,450,1000,90,40,220.2,230.1,1503.6,0,False,1.0449591280653951,40.0,259.04239452896564
316L SS,450,1000,90,50,220.2,230.1,1503.6,0,False,1.0449591280653951,40.0,259.04239452896564
316L SS,450,1000,110,30,220.2,230.1,1503.6,0,False,1.0449591280653951,40.0,259.04239452896564
316L SS,450,1000,110,40,220.2,230.1,1503.6,0,False,1.0449591280653951,40.0,259.04239452896564
316L SS,450,1000,110,50,220.2,230.1,1503.6,0,False,1.0449591280653951,40.0,259.04239452896564
316L SS,450,1200,70,30,196.5,201.0,1368.2,0,False,1.0229007633587786,40.0,259.04239452896564
316L SS,450,1200,70,40,196.5,201.0,1368.2,0,False,1.0229007633587786,40.0,259.04239452896564
316L SS,450,1200,70,50,196.5,201.0,1368.2,0,False,1.0229007633587786,40.0,259.04239452896564
316L SS,450,1200,90,30,196.5,201.0,1368.2,0,False,1.0229007633587786,40.0,259.04239452896564
316L SS,450,1200,90,40,196.5,201.0,1368.2,0,False,1.0229007633587786,40.0,259.04239452896564
316L SS,450,1200,90,50,196.5,201.0,1368.2,0,False,1.0229007633587786,40.0,259.04239452896564
316L SS,450,1200,110,30,196.5,201.0,1368.2,0,False,1.0229007633587786,40.0,259.04239452896564
316L SS,450,1200,110,40,196.5,201.0,1368.2,0,False,1.0229007633587786,40.0,259.04239452896564
316L SS,450,1200,110,50,196.5,201.0,1368.2,0,False,1.0229007633587786,40.0,259.04239452896564
316L SS,450,1400,70,30,207.3,108.4,246.1,0,False,0.5229136517124939,5.0,366.3412675724652
316L SS,450,1400,70,40,207.3,108.4,246.1,0,False,0.5229136517124939,5.0,366.3412675724652
316L SS,450,1400,70,50,207.3,108.4,246.1,0,False,0.5229136517124939,5.0,366.3412675724652
316L SS,450,1400,90,30,207.3,108.4,246.1,0,False,0.5229136517124939,5.0,366.3412675724652
316L SS,450,1400,90,40,207.3,108.4,246.1,0,False,0.5229136517124939,5.0,366.3412675724652
316L SS,450,1400,90,50,207.3,108.4,246.1,0,False,0.5229136517124939,5.0,366.3412675724652
316L SS,450,1400,110,30,207.3,108.4,246.1,0,False,0.5229136517124939,5.0,366.3412675724652
316L SS,450,1400,110,40,207.3,108.4,246.1,0,False,0.5229136517124939,5.0,366.3412675724652
316L SS,450,1400,110,50,207.3,108.4,246.1,0,False,0.5229136517124939,5.0,366.3412675724652
316L SS,450,1600,70,30,194.8,100.7,232.3,0,False,0.5169404517453798,5.0,366.3412675724652
316L SS,450,1600,70,40,194.8,100.7,232.3,0,False,0.5169404517453798,5.0,366.3412675724652
316L SS,450,1600,70,50,194.8,100.7,232.3,0,False,0.5169404517453798,5.0,366.3412675724652
316L SS,450,1600,90,30,194.8,100.7,232.3,0,False,0.5169404517453798,5.0,366.3412675724652
316L SS,450,1600,90,40,194.8,100.7,232.3,0,False,0.5169404517453798,5.0,366.3412675724652
316L SS,450,1600,90,50,194.8,100.7,232.3,0,False,0.5169404517453798,5.0,366.3412675724652
316L SS,450,1600,110,30,194.8,100.7,232.3,0,False,0.5169404517453798,5.0,366.3412675724652
316L SS,450,1600,110,40,194.8,100.7,232.3,0,False,0.5169404517453798,5.0,366.3412675724652
316L SS,450,1600,110,50,194.8,100.7,232.3,0,False,0.5169404517453798,5.0,366.3412675724652
316L SS,450,1800,70,30,184.5,94.4,220.9,0,False,0.5116531165311653,5.0,366.3412675724652
316L SS,450,1800,70,40,184.5,94.4,220.9,0,False,0.5116531165311653,5.0,366.3412675724652
316L SS,450,1800,70,50,184.5,94.4,220.9,0,False,0.5116531165311653,5.0,366.3412675724652
316L SS,450,1800,90,30,184.5,94.4,220.9,0,False,0.5116531165311653,5.0,366.3412675724652
316L SS,450,1800,90,40,184.5,94.4,220.9,0,False,0.5116531165311653,5.0,366.3412675724652
316L SS,450,1800,90,50,184.5,94.4,220.9,0,False,0.5116531165311653,5.0,366.3412675724652
316L SS,450,1800,110,30,184.5,94.4,220.9,0,False,0.5116531165311653,5.0,366.3412675724652
316L SS,450,1800,110,40,184.5,94.4,220.9,0,False,0.5116531165311653,5.0,366.3412675724652
316L SS,450,1800,110,50,184.5,94.4,220.9,0,False,0.5116531165311653,5.0,366.3412675724652
316L SS,450,2000,70,30,175.8,89.1,211.4,0,False,0.5068259385665528,5.0,366.3412675724652
316L SS,450,2000,70,40,175.8,89.1,211.4,0,False,0.5068259385665528,5.0,366.3412675724652
316L SS,450,2000,70,50,175.8,89.1,211.4,0,False,0.5068259385665528,5.0,366.3412675724652
316L SS,450,2000,90,30,175.8,89.1,211.4,0,False,0.5068259385665528,5.0,366.3412675724652
316L SS,450,2000,90,40,175.8,89.1,211.4,0,False,0.5068259385665528,5.0,366.3412675724652
316L SS,450,2000,90,50,175.8,89.1,211.4,0,False,0.5068259385665528,5.0,366.3412675724652
316L SS,450,2000,110,30,175.8,89.1,211.4,0,False,0.5068259385665528,5.0,366.3412675724652
316L SS,450,2000,110,40,175.8,89.1,211.4,0,False,0.5068259385665528,5.0,366.3412675724652
316L SS,450,2000,110,50,175.8,89.1,211.4,0,False,0.5068259385665528,5.0,366.3412675724652
Inconel 625,100,400,70,30,156.4,119.8,487.7,0,False,0.7659846547314577,40.0,309.3043516763769
Inconel 625,100,400,70,40,156.4,119.8,487.7,0,False,0.7659846547314577,40.0,309.3043516763769
Inconel 625,100,400,70,50,156.4,119.8,487.7,0,False,0.7659846547314577,40.0,309.3043516763769
Inconel 625,100,400,90,30,156.4,119.8,487.7,0,False,0.7659846547314577,40.0,309.3043516763769
Inconel 625,100,400,90,40,156.4,119.8,487.7,0,False,0.7659846547314577,40.0,309.3043516763769
Inconel 625,100,400,90,50,156.4,119.8,487.7,0,False,0.7659846547314577,40.0,309.3043516763769
Inconel 625,100,400,110,30,156.4,119.8,487.7,0,False,0.7659846547314577,40.0,309.3043516763769
Inconel 625,100,400,110,40,156.4,119.8,487.7,0,False,0.7659846547314577,40.0,309.3043516763769
Inconel 625,100,400,110,50,156.4,119.8,487.7,0,False,0.7659846547314577,40.0,309.3043516763769
Inconel 625,100,600,70,30,119.2,80.2,432.4,0,False,0.6728187919463088,40.0,309.3043516763769
Inconel 625,100,600,70,40,119.2,80.2,432.4,0,False,0.6728187919463088,40.0,309.3043516763769
Inconel 625,100,600,70,50,119.2,80.2,432.4,0,False,0.6728187919463088,40.0,309.3043516763769
Inconel 625,100,600,90,30,119.2,80.2,432.4,0,False,0.6728187919463088,40.0,309.3043516763769
Inconel 625,100,600,90,40,119.2,80.2,432.4,0,False,0.6728187919463088,40.0,309.3043516763769
Inconel 625,100,600,90,50,119.2,80.2,432.4,0,False,0.6728187919463088,40.0,309.3043516763769
Inconel 625,100,600,110,30,119.2,80.2,432.4,0,False,0.6728187919463088,40.0,309.3043516763769
Inconel 625,100,600,110,40,119.2,80.2,432.4,0,True,0.6728187919463088,40.0,309.3043516763769
Inconel 625,100,600,110,50,119.2,80.2,432.4,0,True,0.6728187919463088,40.0,309.3043516763769
Inconel 625,100,800,70,30,122.8,38.2,153.1,0,False,0.31107491856677527,5.0,437.4224090417496
Inconel 625,100,800,70,40,122.8,38.2,153.1,0,True,0.31107491856677527,5.0,437.4224090417496
Inconel 625,100,800,70,50,122.8,38.2,153.1,0,True,0.31107491856677527,5.0,437.4224090417496
Inconel 625,100,800,90,30,122.8,38.2,153.1,0,True,0.31107491856677527,5.0,437.4224090417496
Inconel 625,100,800,90,40,122.8,38.2,153.1,0,True,0.31107491856677527,5.0,437.4224090417496
Inconel 625,100,800,90,50,122.8,38.2,153.1,0,True,0.31107491856677527,5.0,437.4224090417496
Inconel 625,100,800,110,30,122.8,38.2,153.1,0,True,0.31107491856677527,5.0,437.4224090417496
Inconel 625,100,800,110,40,122.8,38.2,153.1,0,True,0.31107491856677527,5.0,437.4224090417496
Inconel 625,100,800,110,50,122.8,38.2,153.1,0,True,0.31107491856677527,5.0,437.4224090417496
Inconel 625,100,1000,70,30,107.2,31.5,136.0,0,True,0.29384328358208955,5.0,437.4224090417496
Inconel 625,100,1000,70,40,107.2,31.5,136.0,0,True,0.29384328358208955,5.0,437.4224090417496
Inconel 625,100,1000,70,50,107.2,31.5,136.0,0,True,0.29384328358208955,5.0,437.4224090417496
Inconel 625,100,1000,90,30,107.2,31.5,136.0,0,True,0.29384328358208955,5.0,437.4224090417496
Inconel 625,100,1000,90,40,107.2,31.5,136.0,0,True,0.29384328358208955,5.0,437.4224090417496
Inconel 625,100,1000,90,50,107.2,31.5,136.0,0,True,0.29384328358208955,5.0,437.4224090417496
Inconel 625,100,1000,110,30,107.2,31.5,136.0,0,True,0.29384328358208955,5.0,437.4224090417496
Inconel 625,100,1000,110,40,107.2,31.5,136.0,0,True,0.29384328358208955,5.0,437.4224090417496
Inconel 625,100,1000,110,50,107.2,31.5,136.0,0,True,0.29384328358208955,5.0,437.4224090417496
Inconel 625,100,1200,70,30,95.2,26.7,122.7,0,True,0.2804621848739496,5.0,437.4224090417496
Inconel 625,100,1200,70,40,95.2,26.7,122.7,0,True,0.2804621848739496,5.0,437.4224090417496
Inconel 625,100,1200,70,50,95.2,26.7,122.7,0,True,0.2804621848739496,5.0,437.4224090417496
Inconel 625,100,1200,90,30,95.2,26.7,122.7,0,True,0.2804621848739496,5.0,437.4224090417496
Inconel 625,100,1200,90,40,95.2,26.7,122.7,0,True,0.2804621848739496,5.0,437.4224090417496
Inconel 625,100,1200,90,50,95.2,26.7,122.7,0,True,0.2804621848739496,5.0,437.4224090417496
Inconel 625,100,1200,110,30,95.2,26.7,122.7,0,True,0.2804621848739496,5.0,437.4224090417496
Inconel 625,100,1200,110,40,95.2,26.7,122.7,0,True,0.2804621848739496,5.0,437.4224090417496
Inconel 625,100,1200,110,50,95.2,26.7,122.7,0,True,0.2804621848739496,5.0,437.4224090417496
Inconel 625,100,1400,70,30,88.4,21.0,115.2,0,True,0.23755656108597284,5.0,437.4224090417496
Inconel 625,100,1400,70,40,88.4,21.0,115.2,0,True,0.23755656108597284,5.0,437.4224090417496
Inconel 625,100,1400,70,50,88.4,21.0,115.2,0,True,0.23755656108597284,5.0,437.4224090417496
Inconel 625,100,1400,90,30,88.4,21.0,115.2,0,True,0.23755656108597284,5.0,437.4224090417496
Inconel 625,100,1400,90,40,88.4,21.0,115.2,0,True,0.23755656108597284,5.0,437.4224090417496
Inconel 625,100,1400,90,50,88.4,21.0,115.2,0,True,0.23755656108597284,5.0,437.4224090417496
Inconel 625,100,1400,110,30,88.4,21.0,115.2,0,True,0.23755656108597284,5.0,437.4224090417496
Inconel 625,100,1400,110,40,88.4,21.0,115.2,0,True,0.23755656108597284,5.0,437.4224090417496
Inconel 625,100,1400,110,50,88.4,21.0,115.2,0,True,0.23755656108597284,5.0,437.4224090417496
Inconel 625,100,1600,70,30,84.7,19.9,111.2,0,True,0.23494687131050765,5.0,437.4224090417496
Inconel 625,100,1600,70,40,84.7,19.9,111.2,0,True,0.23494687131050765,5.0,437.4224090417496
Inconel 625,100,1600,70,50,84.7,19.9,111.2,0,True,0.23494687131050765,5.0,437.4224090417496
Inconel 625,100,1600,90,30,84.7,19.9,111.2,0,True,0.23494687131050765,5.0,437.4224090417496
Inconel 625,100,1600,90,40,84.7,19.9,111.2,0,True,0.23494687131050765,5.0,437.4224090417496
Inconel 625,100,1600,90,50,84.7,19.9,111.2,0,True,0.23494687131050765,5.0,437.4224090417496
Inconel 625,100,1600,110,30,84.7,19.9,111.2,0,True,0.23494687131050765,5.0,437.4224090417496
Inconel 625,100,1600,110,40,84.7,19.9,111.2,0,True,0.23494687131050765,5.0,437.4224090417496
Inconel 625,100,1600,110,50,84.7,19.9,111.2,0,True,0.23494687131050765,5.0,437.4224090417496
Inconel 625,100,1800,70,30,81.7,19.0,107.9,0,True,0.23255813953488372,5.0,437.4224090417496
Inconel 625,100,1800,70,40,81.7,19.0,107.9,0,True,0.23255813953488372,5.0,437.4224090417496
Inconel 625,100,1800,70,50,81.7,19.0,107.9,0,True,0.23255813953488372,5.0,437.4224090417496
Inconel 625,100,1800,90,30,81.7,19.0,107.9,0,True,0.23255813953488372,5.0,437.4224090417496
Inconel 625,100,1800,90,40,81.7,19.0,107.9,0,True,0.23255813953488372,5.0,437.4224090417496
Inconel 625,100,1800,90,50,81.7,19.0,107.9,0,True,0.23255813953488372,5.0,437.4224090417496
Inconel 625,100,1800,110,30,81.7,19.0,107.9,0,True,0.23255813953488372,5.0,437.4224090417496
Inconel 625,100,1800,110,40,81.7,19.0,107.9,0,True,0.23255813953488372,5.0,437.4224090417496
Inconel 625,100,1800,110,50,81.7,19.0,107.9,0,True,0.23255813953488372,5.0,437.4224090417496
Inconel 625,100,2000,70,30,79.3,18.2,105.2,0,True,0.22950819672131148,5.0,437.4224090417496
Inconel 625,100,2000,70,40,79.3,18.2,105.2,0,True,0.22950819672131148,5.0,437.4224090417496
Inconel 625,100,2000,70,50,79.3,18.2,105.2,0,True,0.22950819672131148,5.0,437.4224090417496
Inconel 625,100,2000,90,30,79.3,18.2,105.2,0,True,0.22950819672131148,5.0,437.4224090417496
Inconel 625,100,2000,90,40,79.3,18.2,105.2,0,True,0.22950819672131148,5.0,437.4224090417496
Inconel 625,100,2000,90,50,79.3,18.2,105.2,0,True,0.22950819672131148,5.0,437.4224090417496
Inconel 625,100,2000,110,30,79.3,18.2,105.2,0,True,0.22950819672131148,5.0,437.4224090417496
Inconel 625,100,2000,110,40,79.3,18.2,105.2,0,True,0.22950819672131148,5.0,437.4224090417496
Inconel 625,100,2000,110,50,79.3,18.2,105.2,0,True,0.22950819672131148,5.0,437.4224090417496
Inconel 625,150,400,70,30,201.7,197.1,765.0,0,False,0.9771938522558256,40.0,309.3043516763769
Inconel 625,150,400,70,40,201.7,197.1,765.0,0,False,0.9771938522558256,40.0,309.3043516763769
Inconel 625,150,400,70,50,201.7,197.1,765.0,0,False,0.9771938522558256,40.0,309.3043516763769
Inconel 625,150,400,90,30,201.7,197.1,765.0,0,False,0.9771938522558256,40.0,309.3043516763769
Inconel 625,150,400,90,40,201.7,197.1,765.0,0,False,0.9771938522558256,40.0,309.3043516763769
Inconel 625,150,400,90,50,201.7,197.1,765.0,0,False,0.9771938522558256,40.0,309.3043516763769
Inconel 625,150,400,110,30,201.7,197.1,765.0,0,False,0.9771938522558256,40.0,309.3043516763769
Inconel 625,150,400,110,40,201.7,197.1,765.0,0,False,0.9771938522558256,40.0,309.3043516763769
Inconel 625,150,400,110,50,201.7,197.1,765.0,0,False,0.9771938522558256,40.0,309.3043516763769
Inconel 625,150,600,70,30,161.5,148.8,736.2,0,False,0.9213622291021673,40.0,309.3043516763769
Inconel 625,150,600,70,40,161.5,148.8,736.2,0,False,0.9213622291021673,40.0,309.3043516763769
Inconel 625,150,600,70,50,161.5,148.8,736.2,0,False,0.9213622291021673,40.0,309.3043516763769
Inconel 625,150,600,90,30,161.5,148.8,736.2,0,False,0.9213622291021673,40.0,309.3043516763769
Inconel 625,150,600,90,40,161.5,148.8,736.2,0,False,0.9213622291021673,40.0,309.3043516763769
Inconel 625,150,600,90,50,161.5,148.8,736.2,0,False,0.9213622291021673,40.0,309.3043516763769
Inconel 625,150,600,110,30,161.5,148.8,736.2,0,False,0.9213622291021673,40.0,309.3043516763769
Inconel 625,150,600,110,40,161.5,148.8,736.2,0,False,0.9213622291021673,40.0,309.3043516763769
Inconel 625,150,600,110,50,161.5,148.8,736.2,0,False,0.9213622291021673,40.0,309.3043516763769
Inconel 625,150,800,70,30,135.9,107.3,705.3,0,False,0.789551140544518,40.0,309.3043516763769
Inconel 625,150,800,70,40,135.9,107.3,705.3,0,False,0.789551140544518,40.0,309.3043516763769
Inconel 625,150,800,70,50,135.9,107.3,705.3,0,False,0.789551140544518,40.0,309.3043516763769
Inconel 625,150,800,90,30,135.9,107.3,705.3,0,False,0.789551140544518,40.0,309.3043516763769
Inconel 625,150,800,90,40,135.9,107.3,705.3,0,False,0.789551140544518,40.0,309.3043516763769
Inconel 625,150,800,90,50,135.9,107.3,705.3,0,False,0.789551140544518,40.0,309.3043516763769
Inconel 625,150,800,110,30,135.9,107.3,705.3,0,False,0.789551140544518,40.0,309.3043516763769
Inconel 625,150,800,110,40,135.9,107.3,705.3,0,False,0.789551140544518,40.0,309.3043516763769
Inconel 625,150,800,110,50,135.9,107.3,705.3,0,False,0.789551140544518,40.0,309.3043516763769
Inconel 625,150,1000,70,30,141.6,52.1,173.7,0,False,0.36793785310734467,5.0,437.4224090417496
Inconel 625,150,1000,70,40,141.6,52.1,173.7,0,False,0.36793785310734467,5.0,437.4224090417496
Inconel 625,150,1000,70,50,141.6,52.1,173.7,0,True,0.36793785310734467,5.0,437.4224090417496
Inconel 625,150,1000,90,30,141.6,52.1,173.7,0,False,0.36793785310734467,5.0,437.4224090417496
Inconel 625,150,1000,90,40,141.6,52.1,173.7,0,False,0.36793785310734467,5.0,437.4224090417496
Inconel 625,150,1000,90,50,141.6,52.1,173.7,0,True,0.36793785310734467,5.0,437.4224090417496
Inconel 625,150,1000,110,30,141.6,52.1,173.7,0,False,0.36793785310734467,5.0,437.4224090417496
Inconel 625,150,1000,110,40,141.6,52.1,173.7,0,True,0.36793785310734467,5.0,437.4224090417496
Inconel 625,150,1000,110,50,141.6,52.1,173.7,0,True,0.36793785310734467,5.0,437.4224090417496
Inconel 625,150,1200,70,30,129.3,45.1,160.2,0,False,0.3488012374323279,5.0,437.4224090417496
Inconel 625,150,1200,70,40,129.3,45.1,160.2,0,True,0.3488012374323279,5.0,437.4224090417496
Inconel 625,150,1200,70,50,129.3,45.1,160.2,0,True,0.3488012374323279,5.0,437.4224090417496
Inconel 625,150,1200,90,30,129.3,45.1,160.2,0,False,0.3488012374323279,5.0,437.4224090417496
Inconel 625,150,1200,90,40,129.3,45.1,160.2,0,True,0.3488012374323279,5.0,437.4224090417496
Inconel 625,150,1200,90,50,129.3,45.1,160.2,0,True,0.3488012374323279,5.0,437.4224090417496
Inconel 625,150,1200,110,30,129.3,45.1,160.2,0,True,0.3488012374323279,5.0,437.4224090417496
Inconel 625,150,1200,110,40,129.3,45.1,160.2,0,True,0.3488012374323279,5.0,437.4224090417496
Inconel 625,150,1200,110,50,129.3,45.1,160.2,0,True,0.3488012374323279,5.0,437.4224090417496
Inconel 625,150,1400,70,30,119.5,39.9,149.5,0,False,0.3338912133891213,5.0,437.4224090417496
Inconel 625,150,1400,70,40,119.5,39.9,149.5,0,True,0.3338912133891213,5.0,437.4224090417496
Inconel 625,150,1400,70,50,119.5,39.9,149.5,0,True,0.3338912133891213,5.0,437.4224090417496
Inconel 625,150,1400,90,30,119.5,39.9,149.5,0,True,0.3338912133891213,5.0,437.4224090417496
Inconel 625,150,1400,90,40,119.5,39.9,149.5,0,True,0.3338912133891213,5.0,437.4224090417496
Inconel 625,150,1400,90,50,119.5,39.9,149.5,0,True,0.3338912133891213,5.0,437.4224090417496
Inconel 625,150,1400,110,30,119.5,39.9,149.5,0,True,0.3338912133891213,5.0,437.4224090417496
Inconel 625,150,1400,110,40,119.5,39.9,149.5,0,True,0.3338912133891213,5.0,437.4224090417496
Inconel 625,150,1400,110,50,119.5,39.9,149.5,0,True,0.3338912133891213,5.0,437.4224090417496
Inconel 625,150,1600,70,30,111.5,35.8,140.6,0,True,0.3210762331838565,5.0,437.4224090417496
Inconel 625,150,1600,70,40,111.5,35.8,140.6,0,True,0.3210762331838565,5.0,437.4224090417496
Inconel 625,150,1600,70,50,111.5,35.8,140.6,0,True,0.3210762331838565,5.0,437.4224090417496
Inconel 625,150,1600,90,30,111.5,35.8,140.6,0,True,0.3210762331838565,5.0,437.4224090417496
Inconel 625,150,1600,90,40,111.5,35.8,140.6,0,True,0.3210762331838565,5.0,437.4224090417496
Inconel 625,150,1600,90,50,111.5,35.8,140.6,0,True,0.3210762331838565,5.0,437.4224090417496
Inconel 625,150,1600,110,30,111.5,35.8,140.6,0,True,0.3210762331838565,5.0,437.4224090417496
Inconel 625,150,1600,110,40,111.5,35.8,140.6,0,True,0.3210762331838565,5.0,437.4224090417496
Inconel 625,150,1600,110,50,111.5,35.8,140.6,0,True,0.3210762331838565,5.0,437.4224090417496
Inconel 625,150,1800,70,30,104.7,32.6,133.2,0,True,0.3113658070678128,5.0,437.4224090417496
Inconel 625,150,1800,70,40,104.7,32.6,133.2,0,True,0.3113658070678128,5.0,437.4224090417496
Inconel 625,150,1800,70,50,104.7,32.6,133.2,0,True,0.3113658070678128,5.0,437.4224090417496
Inconel 625,150,1800,90,30,104.7,32.6,133.2,0,True,0.3113658070678128,5.0,437.4224090417496
Inconel 625,150,1800,90,40,104.7,32.6,133.2,0,True,0.3113658070678128,5.0,437.4224090417496
Inconel 625,150,1800,90,50,104.7,32.6,133.2,0,True,0.3113658070678128,5.0,437.4224090417496
Inconel 625,150,1800,110,30,104.7,32.6,133.2,0,True,0.3113658070678128,5.0,437.4224090417496
Inconel 625,150,1800,110,40,104.7,32.6,133.2,0,True,0.3113658070678128,5.0,437.4224090417496
Inconel 625,150,1800,110,50,104.7,32.6,133.2,0,True,0.3113658070678128,5.0,437.4224090417496
Inconel 625,150,2000,70,30,98.9,29.9,126.7,0,True,0.3023255813953488,5.0,437.4224090417496
Inconel 625,150,2000,70,40,98.9,29.9,126.7,0,True,0.3023255813953488,5.0,437.4224090417496
Inconel 625,150,2000,70,50,98.9,29.9,126.7,0,True,0.3023255813953488,5.0,437.4224090417496
Inconel 625,150,2000,90,30,98.9,29.9,126.7,0,True,0.3023255813953488,5.0,437.4224090417496
Inconel 625,150,2000,90,40,98.9,29.9,126.7,0,True,0.3023255813953488,5.0,437.4224090417496
Inconel 625,150,2000,90,50,98.9,29.9,126.7,0,True,0.3023255813953488,5.0,437.4224090417496
Inconel 625,150,2000,110,30,98.9,29.9,126.7,0,True,0.3023255813953488,5.0,437.4224090417496
Inconel 625,150,2000,110,40,98.9,29.9,126.7,0,True,0.3023255813953488,5.0,437.4224090417496
Inconel 625,150,2000,110,50,98.9,29.9,126.7,0,True,0.3023255813953488,5.0,437.4224090417496
Inconel 625,200,400,70,30,236.5,245.2,1023.9,0,False,1.036786469344609,40.0,309.3043516763769
Inconel 625,200,400,70,40,236.5,245.2,1023.9,0,False,1.036786469344609,40.0,309.3043516763769
Inconel 625,200,400,70,50,236.5,245.2,1023.9,0,False,1.036786469344609,40.0,309.3043516763769
Inconel 625,200,400,90,30,236.5,245.2,1023.9,0,False,1.036786469344609,40.0,309.3043516763769
Inconel 625,200,400,90,40,236.5,245.2,1023.9,0,False,1.036786469344609,40.0,309.3043516763769
Inconel 625,200,400,90,50,236.5,245.2,1023.9,0,False,1.036786469344609,40.0,309.3043516763769
Inconel 625,200,400,110,30,236.5,245.2,1023.9,0,False,1.036786469344609,40.0,309.3043516763769
Inconel 625,200,400,110,40,236.5,245.2,1023.9,0,False,1.036786469344609,40.0,309.3043516763769
Inconel 625,200,400,110,50,236.5,245.2,1023.9,0,False,1.036786469344609,40.0,309.3043516763769
Inconel 625,200,600,70,30,191.1,189.9,1001.0,0,False,0.9937205651491366,40.0,309.3043516763769
Inconel 625,200,600,70,40,191.1,189.9,1001.0,0,False,0.9937205651491366,40.0,309.3043516763769
Inconel 625,200,600,70,50,191.1,189.9,1001.0,0,False,0.9937205651491366,40.0,309.3043516763769
Inconel 625,200,600,90,30,191.1,189.9,1001.0,0,False,0.9937205651491366,40.0,309.3043516763769
Inconel 625,200,600,90,40,191.1,189.9,1001.0,0,False,0.9937205651491366,40.0,309.3043516763769
Inconel 625,200,600,90,50,191.1,189.9,1001.0,0,False,0.9937205651491366,40.0,309.3043516763769
Inconel 625,200,600,110,30,191.1,189.9,1001.0,0,False,0.9937205651491366,40.0,309.3043516763769
Inconel 625,200,600,110,40,191.1,189.9,1001.0,0,False,0.9937205651491366,40.0,309.3043516763769
Inconel 625,200,600,110,50,191.1,189.9,1001.0,0,False,0.9937205651491366,40.0,309.3043516763769
Inconel 625,200,800,70,30,163.1,156.4,979.9,0,False,0.9589209074187616,40.0,309.3043516763769
Inconel 625,200,800,70,40,163.1,156.4,979.9,0,False,0.9589209074187616,40.0,309.3043516763769
Inconel 625,200,800,70,50,163.1,156.4,979.9,0,False,0.9589209074187616,40.0,309.3043516763769
Inconel 625,200,800,90,30,163.1,156.4,979.9,0,False,0.9589209074187616,40.0,309.3043516763769
Inconel 625,200,800,90,40,163.1,156.4,979.9,0,False,0.9589209074187616,40.0,309.3043516763769
Inconel 625,200,800,90,50,163.1,156.4,979.9,0,False,0.9589209074187616,40.0,309.3043516763769
Inconel 625,200,800,110,30,163.1,156.4,979.9,0,False,0.9589209074187616,40.0,309.3043516763769
Inconel 625,200,800,110,40,163.1,156.4,979.9,0,False,0.9589209074187616,40.0,309.3043516763769
Inconel 625,200,800,110,50,163.1,156.4,979.9,0,False,0.9589209074187616,40.0,309.3043516763769
Inconel 625,200,1000,70,30,143.4,132.9,958.1,0,False,0.9267782426778243,40.0,309.3043516763769
Inconel 625,200,1000,70,40,143.4,132.9,958.1,0,False,0.9267782426778243,40.0,309.3043516763769
Inconel 625,200,1000,70,50,143.4,132.9,958.1,0,False,0.9267782426778243,40.0,309.3043516763769
Inconel 625,200,1000,90,30,143.4,132.9,958.1,0,False,0.9267782426778243,40.0,309.3043516763769
Inconel 625,200,1000,90,40,143.4,132.9,958.1,0,False,0.9267782426778243,40.0,309.3043516763769
Inconel 625,200,1000,90,50,143.4,132.9,958.1,0,False,0.9267782426778243,40.0,309.3043516763769
Inconel 625,200,1000,110,30,143.4,132.9,958.1,0,False,0.9267782426778243,40.0,309.3043516763769
Inconel 625,200,1000,110,40,143.4,132.9,958.1,0,False,0.9267782426778243,40.0,309.3043516763769
Inconel 625,200,1000,110,50,143.4,132.9,958.1,0,False,0.9267782426778243,40.0,309.3043516763769
Inconel 625,200,1200,70,30,150.5,67.7,183.6,0,False,0.4498338870431894,5.0,437.4224090417496
Inconel 625,200,1200,70,40,150.5,67.7,183.6,0,False,0.4498338870431894,5.0,437.4224090417496
Inconel 625,200,1200,70,50,150.5,67.7,183.6,0,False,0.4498338870431894,5.0,437.4224090417496
Inconel 625,200,1200,90,30,150.5,67.7,183.6,0,False,0.4498338870431894,5.0,437.4224090417496
Inconel 625,200,1200,90,40,150.5,67.7,183.6,0,False,0.4498338870431894,5.0,437.4224090417496
Inconel 625,200,1200,90,50,150.5,67.7,183.6,0,False,0.4498338870431894,5.0,437.4224090417496
Inconel 625,200,1200,110,30,150.5,67.7,183.6,0,False,0.4498338870431894,5.0,437.4224090417496
Inconel 625,200,1200,110,40,150.5,67.7,183.6,0,False,0.4498338870431894,5.0,437.4224090417496
Inconel 625,200,1200,110,50,150.5,67.7,183.6,0,True,0.4498338870431894,5.0,437.4224090417496
Inconel 625,200,1400,70,30,140.1,55.6,172.1,0,False,0.3968593861527481,5.0,437.4224090417496
Inconel 625,200,1400,70,40,140.1,55.6,172.1,0,False,0.3968593861527481,5.0,437.4224090417496
Inconel 625,200,1400,70,50,140.1,55.6,172.1,0,True,0.3968593861527481,5.0,437.4224090417496
Inconel 625,200,1400,90,30,140.1,55.6,172.1,0,False,0.3968593861527481,5.0,437.4224090417496
Inconel 625,200,1400,90,40,140.1,55.6,172.1,0,False,0.3968593861527481,5.0,437.4224090417496
Inconel 625,200,1400,90,50,140.1,55.6,172.1,0,True,0.3968593861527481,5.0,437.4224090417496
Inconel 625,200,1400,110,30,140.1,55.6,172.1,0,False,0.3968593861527481,5.0,437.4224090417496
Inconel 625,200,1400,110,40,140.1,55.6,172.1,0,True,0.3968593861527481,5.0,437.4224090417496
Inconel 625,200,1400,110,50,140.1,55.6,172.1,0,True,0.3968593861527481,5.0,437.4224090417496
Inconel 625,200,1600,70,30,131.7,50.1,162.8,0,False,0.38041002277904334,5.0,437.4224090417496
Inconel 625,200,1600,70,40,131.7,50.1,162.8,0,False,0.38041002277904334,5.0,437.4224090417496
Inconel 625,200,1600,70,50,131.7,50.1,162.8,0,True,0.38041002277904334,5.0,437.4224090417496
Inconel 625,200,1600,90,30,131.7,50.1,162.8,0,False,0.38041002277904334,5.0,437.4224090417496
Inconel 625,200,1600,90,40,131.7,50.1,162.8,0,True,0.38041002277904334,5.0,437.4224090417496
Inconel 625,200,1600,90,50,131.7,50.1,162.8,0,True,0.38041002277904334,5.0,437.4224090417496
Inconel 625,200,1600,110,30,131.7,50.1,162.8,0,True,0.38041002277904334,5.0,437.4224090417496
Inconel 625,200,1600,110,40,131.7,50.1,162.8,0,True,0.38041002277904334,5.0,437.4224090417496
Inconel 625,200,1600,110,50,131.7,50.1,162.8,0,True,0.38041002277904334,5.0,437.4224090417496
Inconel 625,200,1800,70,30,124.6,45.7,155.0,0,False,0.36677367576243985,5.0,437.4224090417496
Inconel 625,200,1800,70,40,124.6,45.7,155.0,0,True,0.36677367576243985,5.0,437.4224090417496
Inconel 625,200,1800,70,50,124.6,45.7,155.0,0,True,0.36677367576243985,5.0,437.4224090417496
Inconel 625,200,1800,90,30,124.6,45.7,155.0,0,False,0.36677367576243985,5.0,437.4224090417496
Inconel 625,200,1800,90,40,124.6,45.7,155.0,0,True,0.36677367576243985,5.0,437.4224090417496
Inconel 625,200,1800,90,50,124.6,45.7,155.0,0,True,0.36677367576243985,5.0,437.4224090417496
Inconel 625,200,1800,110,30,124.6,45.7,155.0,0,True,0.36677367576243985,5.0,437.4224090417496
Inconel 625,200,1800,110,40,124.6,45.7,155.0,0,True,0.36677367576243985,5.0,437.4224090417496
Inconel 625,200,1800,110,50,124.6,45.7,155.0,0,True,0.36677367576243985,5.0,437.4224090417496
Inconel 625,200,2000,70,30,118.5,42.1,148.4,0,False,0.35527426160337555,5.0,437.4224090417496
Inconel 625,200,2000,70,40,118.5,42.1,148.4,0,True,0.35527426160337555,5.0,437.4224090417496
Inconel 625,200,2000,70,50,118.5,42.1,148.4,0,True,0.35527426160337555,5.0,437.4224090417496
Inconel 625,200,2000,90,30,118.5,42.1,148.4,0,True,0.35527426160337555,5.0,437.4224090417496
Inconel 625,200,2000,90,40,118.5,42.1,148.4,0,True,0.35527426160337555,5.0,437.4224090417496
Inconel 625,200,2000,90,50,118.5,42.1,148.4,0,True,0.35527426160337555,5.0,437.4224090417496
Inconel 625,200,2000,110,30,118.5,42.1,148.4,0,True,0.35527426160337555,5.0,437.4224090417496
Inconel 625,200,2000,110,40,118.5,42.1,148.4,0,True,0.35527426160337555,5.0,437.4224090417496
Inconel 625,200,2000,110,50,118.5,42.1,148.4,0,True,0.35527426160337555,5.0,437.4224090417496
Inconel 625,250,400,70,30,266.7,287.0,1280.5,0,False,1.0761154855643045,40.0,309.3043516763769
Inconel 625,250,400,70,40,266.7,287.0,1280.5,0,False,1.0761154855643045,40.0,309.3043516763769
Inconel 625,250,400,70,50,266.7,287.0,1280.5,0,False,1.0761154855643045,40.0,309.3043516763769
Inconel 625,250,400,90,30,266.7,287.0,1280.5,0,False,1.0761154855643045,40.0,309.3043516763769
Inconel 625,250,400,90,40,266.7,287.0,1280.5,0,False,1.0761154855643045,40.0,309.3043516763769
Inconel 625,250,400,90,50,266.7,287.0,1280.5,0,False,1.0761154855643045,40.0,309.3043516763769
Inconel 625,250,400,110,30,266.7,287.0,1280.5,0,False,1.0761154855643045,40.0,309.3043516763769
Inconel 625,250,400,110,40,266.7,287.0,1280.5,0,False,1.0761154855643045,40.0,309.3043516763769
Inconel 625,250,400,110,50,266.7,287.0,1280.5,0,False,1.0761154855643045,40.0,309.3043516763769
Inconel 625,250,600,70,30,216.0,224.4,1257.9,0,False,1.038888888888889,40.0,309.3043516763769
Inconel 625,250,600,70,40,216.0,224.4,1257.9,0,False,1.038888888888889,40.0,309.3043516763769
Inconel 625,250,600,70,50,216.0,224.4,1257.9,0,False,1.038888888888889,40.0,309.3043516763769
Inconel 625,250,600,90,30,216.0,224.4,1257.9,0,False,1.038888888888889,40.0,309.3043516763769
Inconel 625,250,600,90,40,216.0,224.4,1257.9,0,False,1.038888888888889,40.0,309.3043516763769
Inconel 625,250,600,90,50,216.0,224.4,1257.9,0,False,1.038888888888889,40.0,309.3043516763769
Inconel 625,250,600,110,30,216.0,224.4,1257.9,0,False,1.038888888888889,40.0,309.3043516763769
Inconel 625,250,600,110,40,216.0,224.4,1257.9,0,False,1.038888888888889,40.0,309.3043516763769
Inconel 625,250,600,110,50,216.0,224.4,1257.9,0,False,1.038888888888889,40.0,309.3043516763769
Inconel 625,250,800,70,30,185.2,186.9,1237.2,0,False,1.0091792656587475,40.0,309.3043516763769
Inconel 625,250,800,70,40,185.2,186.9,1237.2,0,False,1.0091792656587475,40.0,309.3043516763769
Inconel 625,250,800,70,50,185.2,186.9,1237.2,0,False,1.0091792656587475,40.0,309.3043516763769
Inconel 625,250,800,90,30,185.2,186.9,1237.2,0,False,1.0091792656587475,40.0,309.3043516763769
Inconel 625,250,800,90,40,185.2,186.9,1237.2,0,False,1.0091792656587475,40.0,309.3043516763769
Inconel 625,250,800,90,50,185.2,186.9,1237.2,0,False,1.0091792656587475,40.0,309.3043516763769
Inconel 625,250,800,110,30,185.2,186.9,1237.2,0,False,1.0091792656587475,40.0,309.3043516763769
Inconel 625,250,800,110,40,185.2,186.9,1237.2,0,False,1.0091792656587475,40.0,309.3043516763769
Inconel 625,250,800,110,50,185.2,186.9,1237.2,0,False,1.0091792656587475,40.0,309.3043516763769
Inconel 625,250,1000,70,30,162.6,158.2,1100.8,0,False,0.9729397293972939,40.0,309.3043516763769
Inconel 625,250,1000,70,40,162.6,158.2,1100.8,0,False,0.9729397293972939,40.0,309.3043516763769
Inconel 625,250,1000,70,50,162.6,158.2,1100.8,0,False,0.9729397293972939,40.0,309.3043516763769
Inconel 625,250,1000,90,30,162.6,158.2,1100.8,0,False,0.9729397293972939,40.0,309.3043516763769
Inconel 625,250,1000,90,40,162.6,158.2,1100.8,0,False,0.9729397293972939,40.0,309.3043516763769
Inconel 625,250,1000,90,50,162.6,158.2,1100.8,0,False,0.9729397293972939,40.0,309.3043516763769
Inconel 625,250,1000,110,30,162.6,158.2,1100.8,0,False,0.9729397293972939,40.0,309.3043516763769
Inconel 625,250,1000,110,40,162.6,158.2,1100.8,0,False,0.9729397293972939,40.0,309.3043516763769
Inconel 625,250,1000,110,50,162.6,158.2,1100.8,0,False,0.9729397293972939,40.0,309.3043516763769
Inconel 625,250,1200,70,30,167.3,80.3,202.0,0,False,0.4799760908547519,5.0,437.4224090417496
Inconel 625,250,1200,70,40,167.3,80.3,202.0,0,False,0.4799760908547519,5.0,437.4224090417496
Inconel 625,250,1200,70,50,167.3,80.3,202.0,0,False,0.4799760908547519,5.0,437.4224090417496
Inconel 625,250,1200,90,30,167.3,80.3,202.0,0,False,0.4799760908547519,5.0,437.4224090417496
Inconel 625,250,1200,90,40,167.3,80.3,202.0,0,False,0.4799760908547519,5.0,437.4224090417496
Inconel 625,250,1200,90,50,167.3,80.3,202.0,0,False,0.4799760908547519,5.0,437.4224090417496
Inconel 625,250,1200,110,30,167.3,80.3,202.0,0,False,0.4799760908547519,5.0,437.4224090417496
Inconel 625,250,1200,110,40,167.3,80.3,202.0,0,False,0.4799760908547519,5.0,437.4224090417496
Inconel 625,250,1200,110,50,167.3,80.3,202.0,0,False,0.4799760908547519,5.0,437.4224090417496
Inconel 625,250,1400,70,30,155.9,73.4,189.5,0,False,0.47081462475946123,5.0,437.4224090417496
Inconel 625,250,1400,70,40,155.9,73.4,189.5,0,False,0.47081462475946123,5.0,437.4224090417496
Inconel 625,250,1400,70,50,155.9,73.4,189.5,0,False,0.47081462475946123,5.0,437.4224090417496
Inconel 625,250,1400,90,30,155.9,73.4,189.5,0,False,0.47081462475946123,5.0,437.4224090417496
Inconel 625,250,1400,90,40,155.9,73.4,189.5,0,False,0.47081462475946123,5.0,437.4224090417496
Inconel 625,250,1400,90,50,155.9,73.4,189.5,0,False,0.47081462475946123,5.0,437.4224090417496
Inconel 625,250,1400,110,30,155.9,73.4,189.5,0,False,0.47081462475946123,5.0,437.4224090417496
Inconel 625,250,1400,110,40,155.9,73.4,189.5,0,False,0.47081462475946123,5.0,437.4224090417496
Inconel 625,250,1400,110,50,155.9,73.4,189.5,0,False,0.47081462475946123,5.0,437.4224090417496
Inconel 625,250,1600,70,30,146.8,67.7,179.4,0,False,0.4611716621253406,5.0,437.4224090417496
Inconel 625,250,1600,70,40,146.8,67.7,179.4,0,False,0.4611716621253406,5.0,437.4224090417496
Inconel 625,250,1600,70,50,146.8,67.7,179.4,0,False,0.4611716621253406,5.0,437.4224090417496
Inconel 625,250,1600,90,30,146.8,67.7,179.4,0,False,0.4611716621253406,5.0,437.4224090417496
Inconel 625,250,1600,90,40,146.8,67.7,179.4,0,False,0.4611716621253406,5.0,437.4224090417496
Inconel 625,250,1600,90,50,146.8,67.7,179.4,0,False,0.4611716621253406,5.0,437.4224090417496
Inconel 625,250,1600,110,30,146.8,67.7,179.4,0,False,0.4611716621253406,5.0,437.4224090417496
Inconel 625,250,1600,110,40,146.8,67.7,179.4,0,False,0.4611716621253406,5.0,437.4224090417496
Inconel 625,250,1600,110,50,146.8,67.7,179.4,0,True,0.4611716621253406,5.0,437.4224090417496
Inconel 625,250,1800,70,30,139.2,63.0,171.1,0,False,0.45258620689655177,5.0,437.4224090417496
Inconel 625,250,1800,70,40,139.2,63.0,171.1,0,False,0.45258620689655177,5.0,437.4224090417496
Inconel 625,250,1800,70,50,139.2,63.0,171.1,0,False,0.45258620689655177,5.0,437.4224090417496
Inconel 625,250,1800,90,30,139.2,63.0,171.1,0,False,0.45258620689655177,5.0,437.4224090417496
Inconel 625,250,1800,90,40,139.2,63.0,171.1,0,False,0.45258620689655177,5.0,437.4224090417496
Inconel 625,250,1800,90,50,139.2,63.0,171.1,0,True,0.45258620689655177,5.0,437.4224090417496
Inconel 625,250,1800,110,30,139.2,63.0,171.1,0,False,0.45258620689655177,5.0,437.4224090417496
Inconel 625,250,1800,110,40,139.2,63.0,171.1,0,True,0.45258620689655177,5.0,437.4224090417496
Inconel 625,250,1800,110,50,139.2,63.0,171.1,0,True,0.45258620689655177,5.0,437.4224090417496
Inconel 625,250,2000,70,30,132.7,58.9,164.0,0,False,0.4438583270535042,5.0,437.4224090417496
Inconel 625,250,2000,70,40,132.7,58.9,164.0,0,False,0.4438583270535042,5.0,437.4224090417496
Inconel 625,250,2000,70,50,132.7,58.9,164.0,0,False,0.4438583270535042,5.0,437.4224090417496
Inconel 625,250,2000,90,30,132.7,58.9,164.0,0,False,0.4438583270535042,5.0,437.4224090417496
Inconel 625,250,2000,90,40,132.7,58.9,164.0,0,False,0.4438583270535042,5.0,437.4224090417496
Inconel 625,250,2000,90,50,132.7,58.9,164.0,0,True,0.4438583270535042,5.0,437.4224090417496
Inconel 625,250,2000,110,30,132.7,58.9,164.0,0,False,0.4438583270535042,5.0,437.4224090417496
Inconel 625,250,2000,110,40,132.7,58.9,164.0,0,True,0.4438583270535042,5.0,437.4224090417496
Inconel 625,250,2000,110,50,132.7,58.9,164.0,0,True,0.4438583270535042,5.0,437.4224090417496
Inconel 625,300,400,70,30,293.8,324.8,1536.6,0,False,1.1055139550714772,40.0,309.3043516763769
Inconel 625,300,400,70,40,293.8,324.8,1536.6,0,False,1.1055139550714772,40.0,309.3043516763769
Inconel 625,300,400,70,50,293.8,324.8,1536.6,0,False,1.1055139550714772,40.0,309.3043516763769
Inconel 625,300,400,90,30,293.8,324.8,1536.6,0,False,1.1055139550714772,40.0,309.3043516763769
Inconel 625,300,400,90,40,293.8,324.8,1536.6,0,False,1.1055139550714772,40.0,309.3043516763769
Inconel 625,300,400,90,50,293.8,324.8,1536.6,0,False,1.1055139550714772,40.0,309.3043516763769
Inconel 625,300,400,110,30,293.8,324.8,1536.6,0,False,1.1055139550714772,40.0,309.3043516763769
Inconel 625,300,400,110,40,293.8,324.8,1536.6,0,False,1.1055139550714772,40.0,309.3043516763769
Inconel 625,300,400,110,50,293.8,324.8,1536.6,0,False,1.1055139550714772,40.0,309.3043516763769
Inconel 625,300,600,70,30,238.3,255.3,1513.7,0,False,1.0713386487620646,40.0,309.3043516763769
Inconel 625,300,600,70,40,238.3,255.3,1513.7,0,False,1.0713386487620646,40.0,309.3043516763769
Inconel 625,300,600,70,50,238.3,255.3,1513.7,0,False,1.0713386487620646,40.0,309.3043516763769
Inconel 625,300,600,90,30,238.3,255.3,1513.7,0,False,1.0713386487620646,40.0,309.3043516763769
Inconel 625,300,600,90,40,238.3,255.3,1513.7,0,False,1.0713386487620646,40.0,309.3043516763769
Inconel 625,300,600,90,50,238.3,255.3,1513.7,0,False,1.0713386487620646,40.0,309.3043516763769
Inconel 625,300,600,110,30,238.3,255.3,1513.7,0,False,1.0713386487620646,40.0,309.3043516763769
Inconel 625,300,600,110,40,238.3,255.3,1513.7,0,False,1.0713386487620646,40.0,309.3043516763769
Inconel 625,300,600,110,50,238.3,255.3,1513.7,0,False,1.0713386487620646,40.0,309.3043516763769
Inconel 625,300,800,70,30,203.5,210.4,1355.7,0,False,1.0339066339066338,40.0,309.3043516763769
Inconel 625,300,800,70,40,203.5,210.4,1355.7,0,False,1.0339066339066338,40.0,309.3043516763769
Inconel 625,300,800,70,50,203.5,210.4,1355.7,0,False,1.0339066339066338,40.0,309.3043516763769
Inconel 625,300,800,90,30,203.5,210.4,1355.7,0,False,1.0339066339066338,40.0,309.3043516763769
Inconel 625,300,800,90,40,203.5,210.4,1355.7,0,False,1.0339066339066338,40.0,309.3043516763769
Inconel 625,300,800,90,50,203.5,210.4,1355.7,0,False,1.0339066339066338,40.0,309.3043516763769
Inconel 625,300,800,110,30,203.5,210.4,1355.7,0,False,1.0339066339066338,40.0,309.3043516763769
Inconel 625,300,800,110,40,203.5,210.4,1355.7,0,False,1.0339066339066338,40.0,309.3043516763769
Inconel 625,300,800,110,50,203.5,210.4,1355.7,0,False,1.0339066339066338,40.0,309.3043516763769
Inconel 625,300,1000,70,30,178.4,178.7,1207.5,0,False,1.0016816143497758,40.0,309.3043516763769
Inconel 625,300,1000,70,40,178.4,178.7,1207.5,0,False,1.0016816143497758,40.0,309.3043516763769
Inconel 625,300,1000,70,50,178.4,178.7,1207.5,0,False,1.0016816143497758,40.0,309.3043516763769
Inconel 625,300,1000,90,30,178.4,178.7,1207.5,0,False,1.0016816143497758,40.0,309.3043516763769
Inconel 625,300,1000,90,40,178.4,178.7,1207.5,0,False,1.0016816143497758,40.0,309.3043516763769
Inconel 625,300,1000,90,50,178.4,178.7,1207.5,0,False,1.0016816143497758,40.0,309.3043516763769
Inconel 625,300,1000,110,30,178.4,178.7,1207.5,0,False,1.0016816143497758,40.0,309.3043516763769
Inconel 625,300,1000,110,40,178.4,178.7,1207.5,0,False,1.0016816143497758,40.0,309.3043516763769
Inconel 625,300,1000,110,50,178.4,178.7,1207.5,0,False,1.0016816143497758,40.0,309.3043516763769
Inconel 625,300,1200,70,30,182.0,91.0,218.2,0,False,0.5,5.0,437.4224090417496
Inconel 625,300,1200,70,40,182.0,91.0,218.2,0,False,0.5,5.0,437.4224090417496
Inconel 625,300,1200,70,50,182.0,91.0,218.2,0,False,0.5,5.0,437.4224090417496
Inconel 625,300,1200,90,30,182.0,91.0,218.2,0,False,0.5,5.0,437.4224090417496
Inconel 625,300,1200,90,40,182.0,91.0,218.2,0,False,0.5,5.0,437.4224090417496
Inconel 625,300,1200,90,50,182.0,91.0,218.2,0,False,0.5,5.0,437.4224090417496
Inconel 625,300,1200,110,30,182.0,91.0,218.2,0,False,0.5,5.0,437.4224090417496
Inconel 625,300,1200,110,40,182.0,91.0,218.2,0,False,0.5,5.0,437.4224090417496
Inconel 625,300,1200,110,50,182.0,91.0,218.2,0,False,0.5,5.0,437.4224090417496
Inconel 625,300,1400,70,30,169.6,83.4,204.5,0,False,0.491745283018868,5.0,437.4224090417496
Inconel 625,300,1400,70,40,169.6,83.4,204.5,0,False,0.491745283018868,5.0,437.4224090417496
Inconel 625,300,1400,70,50,169.6,83.4,204.5,0,False,0.491745283018868,5.0,437.4224090417496
Inconel 625,300,1400,90,30,169.6,83.4,204.5,0,False,0.491745283018868,5.0,437.4224090417496
Inconel 625,300,1400,90,40,169.6,83.4,204.5,0,False,0.491745283018868,5.0,437.4224090417496
Inconel 625,300,1400,90,50,169.6,83.4,204.5,0,False,0.491745283018868,5.0,437.4224090417496
Inconel 625,300,1400,110,30,169.6,83.4,204.5,0,False,0.491745283018868,5.0,437.4224090417496
Inconel 625,300,1400,110,40,169.6,83.4,204.5,0,False,0.491745283018868,5.0,437.4224090417496
Inconel 625,300,1400,110,50,169.6,83.4,204.5,0,False,0.491745283018868,5.0,437.4224090417496
Inconel 625,300,1600,70,30,159.6,77.3,193.6,0,False,0.4843358395989975,5.0,437.4224090417496
Inconel 625,300,1600,70,40,159.6,77.3,193.6,0,False,0.4843358395989975,5.0,437.4224090417496
Inconel 625,300,1600,70,50,159.6,77.3,193.6,0,False,0.4843358395989975,5.0,437.4224090417496
Inconel 625,300,1600,90,30,159.6,77.3,193.6,0,False,0.4843358395989975,5.0,437.4224090417496
Inconel 625,300,1600,90,40,159.6,77.3,193.6,0,False,0.4843358395989975,5.0,437.4224090417496
Inconel 625,300,1600,90,50,159.6,77.3,193.6,0,False,0.4843358395989975,5.0,437.4224090417496
Inconel 625,300,1600,110,30,159.6,77.3,193.6,0,False,0.4843358395989975,5.0,437.4224090417496
Inconel 625,300,1600,110,40,159.6,77.3,193.6,0,False,0.4843358395989975,5.0,437.4224090417496
Inconel 625,300,1600,110,50,159.6,77.3,193.6,0,False,0.4843358395989975,5.0,437.4224090417496
Inconel 625,300,1800,70,30,151.4,72.3,184.5,0,False,0.4775429326287978,5.0,437.4224090417496
Inconel 625,300,1800,70,40,151.4,72.3,184.5,0,False,0.4775429326287978,5.0,437.4224090417496
Inconel 625,300,1800,70,50,151.4,72.3,184.5,0,False,0.4775429326287978,5.0,437.4224090417496
Inconel 625,300,1800,90,30,151.4,72.3,184.5,0,False,0.4775429326287978,5.0,437.4224090417496
Inconel 625,300,1800,90,40,151.4,72.3,184.5,0,False,0.4775429326287978,5.0,437.4224090417496
Inconel 625,300,1800,90,50,151.4,72.3,184.5,0,False,0.4775429326287978,5.0,437.4224090417496
Inconel 625,300,1800,110,30,151.4,72.3,184.5,0,False,0.4775429326287978,5.0,437.4224090417496
Inconel 625,300,1800,110,40,151.4,72.3,184.5,0,False,0.4775429326287978,5.0,437.4224090417496
Inconel 625,300,1800,110,50,151.4,72.3,184.5,0,True,0.4775429326287978,5.0,437.4224090417496
Inconel 625,300,2000,70,30,144.4,68.0,176.9,0,False,0.4709141274238227,5.0,437.4224090417496
Inconel 625,300,2000,70,40,144.4,68.0,176.9,0,False,0.4709141274238227,5.0,437.4224090417496
Inconel 625,300,2000,70,50,144.4,68.0,176.9,0,False,0.4709141274238227,5.0,437.4224090417496
Inconel 625,300,2000,90,30,144.4,68.0,176.9,0,False,0.4709141274238227,5.0,437.4224090417496
Inconel 625,300,2000,90,40,144.4,68.0,176.9,0,False,0.4709141274238227,5.0,437.4224090417496
Inconel 625,300,2000,90,50,144.4,68.0,176.9,0,False,0.4709141274238227,5.0,437.4224090417496
Inconel 625,300,2000,110,30,144.4,68.0,176.9,0,False,0.4709141274238227,5.0,437.4224090417496
Inconel 625,300,2000,110,40,144.4,68.0,176.9,0,False,0.4709141274238227,5.0,437.4224090417496
Inconel 625,300,2000,110,50,144.4,68.0,176.9,0,True,0.4709141274238227,5.0,437.4224090417496
Inconel 625,350,400,70,30,318.6,359.6,1792.4,0,False,1.1286880100439423,40.0,309.3043516763769
Inconel 625,350,400,70,40,318.6,359.6,1792.4,0,False,1.1286880100439423,40.0,309.3043516763769
Inconel 625,350,400,70,50,318.6,359.6,1792.4,0,False,1.1286880100439423,40.0,309.3043516763769
Inconel 625,350,400,90,30,318.6,359.6,1792.4,0,False,1.1286880100439423,40.0,309.3043516763769
Inconel 625,350,400,90,40,318.6,359.6,1792.4,0,False,1.1286880100439423,40.0,309.3043516763769
Inconel 625,350,400,90,50,318.6,359.6,1792.4,0,False,1.1286880100439423,40.0,309.3043516763769
Inconel 625,350,400,110,30,318.6,359.6,1792.4,0,False,1.1286880100439423,40.0,309.3043516763769
Inconel 625,350,400,110,40,318.6,359.6,1792.4,0,False,1.1286880100439423,40.0,309.3043516763769
Inconel 625,350,400,110,50,318.6,359.6,1792.4,0,False,1.1286880100439423,40.0,309.3043516763769
Inconel 625,350,600,70,30,258.2,281.9,1697.8,0,False,1.0917893106119287,40.0,309.3043516763769
Inconel 625,350,600,70,40,258.2,281.9,1697.8,0,False,1.0917893106119287,40.0,309.3043516763769
Inconel 625,350,600,70,50,258.2,281.9,1697.8,0,False,1.0917893106119287,40.0,309.3043516763769
Inconel 625,350,600,90,30,258.2,281.9,1697.8,0,False,1.0917893106119287,40.0,309.3043516763769
Inconel 625,350,600,90,40,258.2,281.9,1697.8,0,False,1.0917893106119287,40.0,309.3043516763769
Inconel 625,350,600,90,50,258.2,281.9,1697.8,0,False,1.0917893106119287,40.0,309.3043516763769
Inconel 625,350,600,110,30,258.2,281.9,1697.8,0,False,1.0917893106119287,40.0,309.3043516763769
Inconel 625,350,600,110,40,258.2,281.9,1697.8,0,False,1.0917893106119287,40.0,309.3043516763769
Inconel 625,350,600,110,50,258.2,281.9,1697.8,0,False,1.0917893106119287,40.0,309.3043516763769
Inconel 625,350,800,70,30,219.6,231.1,1464.6,0,False,1.052367941712204,40.0,309.3043516763769
Inconel 625,350,800,70,40,219.6,231.1,1464.6,0,False,1.052367941712204,40.0,309.3043516763769
Inconel 625,350,800,70,50,219.6,231.1,1464.6,0,False,1.052367941712204,40.0,309.3043516763769
Inconel 625,350,800,90,30,219.6,231.1,1464.6,0,False,1.052367941712204,40.0,309.3043516763769
Inconel 625,350,800,90,40,219.6,231.1,1464.6,0,False,1.052367941712204,40.0,309.3043516763769
Inconel 625,350,800,90,50,219.6,231.1,1464.6,0,False,1.052367941712204,40.0,309.3043516763769
Inconel 625,350,800,110,30,219.6,231.1,1464.6,0,False,1.052367941712204,40.0,309.3043516763769
Inconel 625,350,800,110,40,219.6,231.1,1464.6,0,False,1.052367941712204,40.0,309.3043516763769
Inconel 625,350,800,110,50,219.6,231.1,1464.6,0,False,1.052367941712204,40.0,309.3043516763769
Inconel 625,350,1000,70,30,192.2,196.7,1305.0,0,False,1.0234131113423517,40.0,309.3043516763769
Inconel 625,350,1000,70,40,192.2,196.7,1305.0,0,False,1.0234131113423517,40.0,309.3043516763769
Inconel 625,350,1000,70,50,192.2,196.7,1305.0,0,False,1.0234131113423517,40.0,309.3043516763769
Inconel 625,350,1000,90,30,192.2,196.7,1305.0,0,False,1.0234131113423517,40.0,309.3043516763769
Inconel 625,350,1000,90,40,192.2,196.7,1305.0,0,False,1.0234131113423517,40.0,309.3043516763769
Inconel 625,350,1000,90,50,192.2,196.7,1305.0,0,False,1.0234131113423517,40.0,309.3043516763769
Inconel 625,350,1000,110,30,192.2,196.7,1305.0,0,False,1.0234131113423517,40.0,309.3043516763769
Inconel 625,350,1000,110,40,192.2,196.7,1305.0,0,False,1.0234131113423517,40.0,309.3043516763769
Inconel 625,350,1000,110,50,192.2,196.7,1305.0,0,False,1.0234131113423517,40.0,309.3043516763769
Inconel 625,350,1200,70,30,195.4,100.6,233.0,0,False,0.5148413510747185,5.0,437.4224090417496
Inconel 625,350,1200,70,40,195.4,100.6,233.0,0,False,0.5148413510747185,5.0,437.4224090417496
Inconel 625,350,1200,70,50,195.4,100.6,233.0,0,False,0.5148413510747185,5.0,437.4224090417496
Inconel 625,350,1200,90,30,195.4,100.6,233.0,0,False,0.5148413510747185,5.0,437.4224090417496
Inconel 625,350,1200,90,40,195.4,100.6,233.0,0,False,0.5148413510747185,5.0,437.4224090417496
Inconel 625,350,1200,90,50,195.4,100.6,233.0,0,False,0.5148413510747185,5.0,437.4224090417496
Inconel 625,350,1200,110,30,195.4,100.6,233.0,0,False,0.5148413510747185,5.0,437.4224090417496
Inconel 625,350,1200,110,40,195.4,100.6,233.0,0,False,0.5148413510747185,5.0,437.4224090417496
Inconel 625,350,1200,110,50,195.4,100.6,233.0,0,False,0.5148413510747185,5.0,437.4224090417496
Inconel 625,350,1400,70,30,182.0,92.4,218.2,0,False,0.5076923076923078,5.0,437.4224090417496
Inconel 625,350,1400,70,40,182.0,92.4,218.2,0,False,0.5076923076923078,5.0,437.4224090417496
Inconel 625,350,1400,70,50,182.0,92.4,218.2,0,False,0.5076923076923078,5.0,437.4224090417496
Inconel 625,350,1400,90,30,182.0,92.4,218.2,0,False,0.5076923076923078,5.0,437.4224090417496
Inconel 625,350,1400,90,40,182.0,92.4,218.2,0,False,0.5076923076923078,5.0,437.4224090417496
Inconel 625,350,1400,90,50,182.0,92.4,218.2,0,False,0.5076923076923078,5.0,437.4224090417496
Inconel 625,350,1400,110,30,182.0,92.4,218.2,0,False,0.5076923076923078,5.0,437.4224090417496
Inconel 625,350,1400,110,40,182.0,92.4,218.2,0,False,0.5076923076923078,5.0,437.4224090417496
Inconel 625,350,1400,110,50,182.0,92.4,218.2,0,False,0.5076923076923078,5.0,437.4224090417496
Inconel 625,350,1600,70,30,171.2,85.8,206.4,0,False,0.5011682242990655,5.0,437.4224090417496
Inconel 625,350,1600,70,40,171.2,85.8,206.4,0,False,0.5011682242990655,5.0,437.4224090417496
Inconel 625,350,1600,70,50,171.2,85.8,206.4,0,False,0.5011682242990655,5.0,437.4224090417496
Inconel 625,350,1600,90,30,171.2,85.8,206.4,0,False,0.5011682242990655,5.0,437.4224090417496
Inconel 625,350,1600,90,40,171.2,85.8,206.4,0,False,0.5011682242990655,5.0,437.4224090417496
Inconel 625,350,1600,90,50,171.2,85.8,206.4,0,False,0.5011682242990655,5.0,437.4224090417496
Inconel 625,350,1600,110,30,171.2,85.8,206.4,0,False,0.5011682242990655,5.0,437.4224090417496
Inconel 625,350,1600,110,40,171.2,85.8,206.4,0,False,0.5011682242990655,5.0,437.4224090417496
Inconel 625,350,1600,110,50,171.2,85.8,206.4,0,False,0.5011682242990655,5.0,437.4224090417496
Inconel 625,350,1800,70,30,162.3,80.3,196.6,0,False,0.4947627849661121,5.0,437.4224090417496
Inconel 625,350,1800,70,40,162.3,80.3,196.6,0,False,0.4947627849661121,5.0,437.4224090417496
Inconel 625,350,1800,70,50,162.3,80.3,196.6,0,False,0.4947627849661121,5.0,437.4224090417496
Inconel 625,350,1800,90,30,162.3,80.3,196.6,0,False,0.4947627849661121,5.0,437.4224090417496
Inconel 625,350,1800,90,40,162.3,80.3,196.6,0,False,0.4947627849661121,5.0,437.4224090417496
Inconel 625,350,1800,90,50,162.3,80.3,196.6,0,False,0.4947627849661121,5.0,437.4224090417496
Inconel 625,350,1800,110,30,162.3,80.3,196.6,0,False,0.4947627849661121,5.0,437.4224090417496
Inconel 625,350,1800,110,40,162.3,80.3,196.6,0,False,0.4947627849661121,5.0,437.4224090417496
Inconel 625,350,1800,110,50,162.3,80.3,196.6,0,False,0.4947627849661121,5.0,437.4224090417496
Inconel 625,350,2000,70,30,154.8,75.8,188.3,0,False,0.48966408268733846,5.0,437.4224090417496
Inconel 625,350,2000,70,40,154.8,75.8,188.3,0,False,0.48966408268733846,5.0,437.4224090417496
Inconel 625,350,2000,70,50,154.8,75.8,188.3,0,False,0.48966408268733846,5.0,437.4224090417496
Inconel 625,350,2000,90,30,154.8,75.8,188.3,0,False,0.48966408268733846,5.0,437.4224090417496
Inconel 625,350,2000,90,40,154.8,75.8,188.3,0,False,0.48966408268733846,5.0,437.4224090417496
Inconel 625,350,2000,90,50,154.8,75.8,188.3,0,False,0.48966408268733846,5.0,437.4224090417496
Inconel 625,350,2000,110,30,154.8,75.8,188.3,0,False,0.48966408268733846,5.0,437.4224090417496
Inconel 625,350,2000,110,40,154.8,75.8,188.3,0,False,0.48966408268733846,5.0,437.4224090417496
Inconel 625,350,2000,110,50,154.8,75.8,188.3,0,False,0.48966408268733846,5.0,437.4224090417496
Inconel 625,400,400,70,30,341.6,392.3,2048.0,0,False,1.1484192037470726,40.0,309.3043516763769
Inconel 625,400,400,70,40,341.6,392.3,2048.0,0,False,1.1484192037470726,40.0,309.3043516763769
Inconel 625,400,400,70,50,341.6,392.3,2048.0,0,False,1.1484192037470726,40.0,309.3043516763769
Inconel 625,400,400,90,30,341.6,392.3,2048.0,0,False,1.1484192037470726,40.0,309.3043516763769
Inconel 625,400,400,90,40,341.6,392.3,2048.0,0,False,1.1484192037470726,40.0,309.3043516763769
Inconel 625,400,400,90,50,341.6,392.3,2048.0,0,False,1.1484192037470726,40.0,309.3043516763769
Inconel 625,400,400,110,30,341.6,392.3,2048.0,0,False,1.1484192037470726,40.0,309.3043516763769
Inconel 625,400,400,110,40,341.6,392.3,2048.0,0,False,1.1484192037470726,40.0,309.3043516763769
Inconel 625,400,400,110,50,341.6,392.3,2048.0,0,False,1.1484192037470726,40.0,309.3043516763769
Inconel 625,400,600,70,30,275.9,304.7,1814.7,0,False,1.1043856469735411,40.0,309.3043516763769
Inconel 625,400,600,70,40,275.9,304.7,1814.7,0,False,1.1043856469735411,40.0,309.3043516763769
Inconel 625,400,600,70,50,275.9,304.7,1814.7,0,False,1.1043856469735411,40.0,309.3043516763769
Inconel 625,400,600,90,30,275.9,304.7,1814.7,0,False,1.1043856469735411,40.0,309.3043516763769
Inconel 625,400,600,90,40,275.9,304.7,1814.7,0,False,1.1043856469735411,40.0,309.3043516763769
Inconel 625,400,600,90,50,275.9,304.7,1814.7,0,False,1.1043856469735411,40.0,309.3043516763769
Inconel 625,400,600,110,30,275.9,304.7,1814.7,0,False,1.1043856469735411,40.0,309.3043516763769
Inconel 625,400,600,110,40,275.9,304.7,1814.7,0,False,1.1043856469735411,40.0,309.3043516763769
Inconel 625,400,600,110,50,275.9,304.7,1814.7,0,False,1.1043856469735411,40.0,309.3043516763769
Inconel 625,400,800,70,30,234.0,249.9,1565.9,0,False,1.067948717948718,40.0,309.3043516763769
Inconel 625,400,800,70,40,234.0,249.9,1565.9,0,False,1.067948717948718,40.0,309.3043516763769
Inconel 625,400,800,70,50,234.0,249.9,1565.9,0,False,1.067948717948718,40.0,309.3043516763769
Inconel 625,400,800,90,30,234.0,249.9,1565.9,0,False,1.067948717948718,40.0,309.3043516763769
Inconel 625,400,800,90,40,234.0,249.9,1565.9,0,False,1.067948717948718,40.0,309.3043516763769
Inconel 625,400,800,90,50,234.0,249.9,1565.9,0,False,1.067948717948718,40.0,309.3043516763769
Inconel 625,400,800,110,30,234.0,249.9,1565.9,0,False,1.067948717948718,40.0,309.3043516763769
Inconel 625,400,800,110,40,234.0,249.9,1565.9,0,False,1.067948717948718,40.0,309.3043516763769
Inconel 625,400,800,110,50,234.0,249.9,1565.9,0,False,1.067948717948718,40.0,309.3043516763769
Inconel 625,400,1000,70,30,204.6,212.9,1395.7,0,False,1.0405669599217986,40.0,309.3043516763769
Inconel 625,400,1000,70,40,204.6,212.9,1395.7,0,False,1.0405669599217986,40.0,309.3043516763769
Inconel 625,400,1000,70,50,204.6,212.9,1395.7,0,False,1.0405669599217986,40.0,309.3043516763769
Inconel 625,400,1000,90,30,204.6,212.9,1395.7,0,False,1.0405669599217986,40.0,309.3043516763769
Inconel 625,400,1000,90,40,204.6,212.9,1395.7,0,False,1.0405669599217986,40.0,309.3043516763769
Inconel 625,400,1000,90,50,204.6,212.9,1395.7,0,False,1.0405669599217986,40.0,309.3043516763769
Inconel 625,400,1000,110,30,204.6,212.9,1395.7,0,False,1.0405669599217986,40.0,309.3043516763769
Inconel 625,400,1000,110,40,204.6,212.9,1395.7,0,False,1.0405669599217986,40.0,309.3043516763769
Inconel 625,400,1000,110,50,204.6,212.9,1395.7,0,False,1.0405669599217986,40.0,309.3043516763769
Inconel 625,400,1200,70,30,182.5,185.8,1269.5,0,False,1.018082191780822,40.0,309.3043516763769
Inconel 625,400,1200,70,40,182.5,185.8,1269.5,0,False,1.018082191780822,40.0,309.3043516763769
Inconel 625,400,1200,70,50,182.5,185.8,1269.5,0,False,1.018082191780822,40.0,309.3043516763769
Inconel 625,400,1200,90,30,182.5,185.8,1269.5,0,False,1.018082191780822,40.0,309.3043516763769
Inconel 625,400,1200,90,40,182.5,185.8,1269.5,0,False,1.018082191780822,40.0,309.3043516763769
Inconel 625,400,1200,90,50,182.5,185.8,1269.5,0,False,1.018082191780822,40.0,309.3043516763769
Inconel 625,400,1200,110,30,182.5,185.8,1269.5,0,False,1.018082191780822,40.0,309.3043516763769
Inconel 625,400,1200,110,40,182.5,185.8,1269.5,0,False,1.018082191780822,40.0,309.3043516763769
Inconel 625,400,1200,110,50,182.5,185.8,1269.5,0,False,1.018082191780822,40.0,309.3043516763769
Inconel 625,400,1400,70,30,193.6,100.6,230.9,0,False,0.5196280991735537,5.0,437.4224090417496
Inconel 625,400,1400,70,40,193.6,100.6,230.9,0,False,0.5196280991735537,5.0,437.4224090417496
Inconel 625,400,1400,70,50,193.6,100.6,230.9,0,False,0.5196280991735537,5.0,437.4224090417496
Inconel 625,400,1400,90,30,193.6,100.6,230.9,0,False,0.5196280991735537,5.0,437.4224090417496
Inconel 625,400,1400,90,40,193.6,100.6,230.9,0,False,0.5196280991735537,5.0,437.4224090417496
Inconel 625,400,1400,90,50,193.6,100.6,230.9,0,False,0.5196280991735537,5.0,437.4224090417496
Inconel 625,400,1400,110,30,193.6,100.6,230.9,0,False,0.5196280991735537,5.0,437.4224090417496
Inconel 625,400,1400,110,40,193.6,100.6,230.9,0,False,0.5196280991735537,5.0,437.4224090417496
Inconel 625,400,1400,110,50,193.6,100.6,230.9,0,False,0.5196280991735537,5.0,437.4224090417496
Inconel 625,400,1600,70,30,182.0,93.5,218.2,0,False,0.5137362637362637,5.0,437.4224090417496
Inconel 625,400,1600,70,40,182.0,93.5,218.2,0,False,0.5137362637362637,5.0,437.4224090417496
Inconel 625,400,1600,70,50,182.0,93.5,218.2,0,False,0.5137362637362637,5.0,437.4224090417496
Inconel 625,400,1600,90,30,182.0,93.5,218.2,0,False,0.5137362637362637,5.0,437.4224090417496
Inconel 625,400,1600,90,40,182.0,93.5,218.2,0,False,0.5137362637362637,5.0,437.4224090417496
Inconel 625,400,1600,90,50,182.0,93.5,218.2,0,False,0.5137362637362637,5.0,437.4224090417496
Inconel 625,400,1600,110,30,182.0,93.5,218.2,0,False,0.5137362637362637,5.0,437.4224090417496
Inconel 625,400,1600,110,40,182.0,93.5,218.2,0,False,0.5137362637362637,5.0,437.4224090417496
Inconel 625,400,1600,110,50,182.0,93.5,218.2,0,False,0.5137362637362637,5.0,437.4224090417496
Inconel 625,400,1800,70,30,172.5,87.6,207.7,0,False,0.5078260869565218,5.0,437.4224090417496
Inconel 625,400,1800,70,40,172.5,87.6,207.7,0,False,0.5078260869565218,5.0,437.4224090417496
Inconel 625,400,1800,70,50,172.5,87.6,207.7,0,False,0.5078260869565218,5.0,437.4224090417496
Inconel 625,400,1800,90,30,172.5,87.6,207.7,0,False,0.5078260869565218,5.0,437.4224090417496
Inconel 625,400,1800,90,40,172.5,87.6,207.7,0,False,0.5078260869565218,5.0,437.4224090417496
Inconel 625,400,1800,90,50,172.5,87.6,207.7,0,False,0.5078260869565218,5.0,437.4224090417496
Inconel 625,400,1800,110,30,172.5,87.6,207.7,0,False,0.5078260869565218,5.0,437.4224090417496
Inconel 625,400,1800,110,40,172.5,87.6,207.7,0,False,0.5078260869565218,5.0,437.4224090417496
Inconel 625,400,1800,110,50,172.5,87.6,207.7,0,False,0.5078260869565218,5.0,437.4224090417496
Inconel 625,400,2000,70,30,164.4,82.7,198.9,0,False,0.5030413625304136,5.0,437.4224090417496
Inconel 625,400,2000,70,40,164.4,82.7,198.9,0,False,0.5030413625304136,5.0,437.4224090417496
Inconel 625,400,2000,70,50,164.4,82.7,198.9,0,False,0.5030413625304136,5.0,437.4224090417496
Inconel 625,400,2000,90,30,164.4,82.7,198.9,0,False,0.5030413625304136,5.0,437.4224090417496
Inconel 625,400,2000,90,40,164.4,82.7,198.9,0,False,0.5030413625304136,5.0,437.4224090417496
Inconel 625,400,2000,90,50,164.4,82.7,198.9,0,False,0.5030413625304136,5.0,437.4224090417496
Inconel 625,400,2000,110,30,164.4,82.7,198.9,0,False,0.5030413625304136,5.0,437.4224090417496
Inconel 625,400,2000,110,40,164.4,82.7,198.9,0,False,0.5030413625304136,5.0,437.4224090417496
Inconel 625,400,2000,110,50,164.4,82.7,198.9,0,False,0.5030413625304136,5.0,437.4224090417496
Inconel 625,450,400,70,30,363.1,423.1,2303.5,0,False,1.1652437345084,40.0,309.3043516763769
Inconel 625,450,400,70,40,363.1,423.1,2303.5,0,False,1.1652437345084,40.0,309.3043516763769
Inconel 625,450,400,70,50,363.1,423.1,2303.5,0,False,1.1652437345084,40.0,309.3043516763769
Inconel 625,450,400,90,30,363.1,423.1,2303.5,0,False,1.1652437345084,40.0,309.3043516763769
Inconel 625,450,400,90,40,363.1,423.1,2303.5,0,False,1.1652437345084,40.0,309.3043516763769
Inconel 625,450,400,90,50,363.1,423.1,2303.5,0,False,1.1652437345084,40.0,309.3043516763769
Inconel 625,450,400,110,30,363.1,423.1,2303.5,0,False,1.1652437345084,40.0,309.3043516763769
Inconel 625,450,400,110,40,363.1,423.1,2303.5,0,False,1.1652437345084,40.0,309.3043516763769
Inconel 625,450,400,110,50,363.1,423.1,2303.5,0,False,1.1652437345084,40.0,309.3043516763769
Inconel 625,450,600,70,30,292.0,325.7,1924.4,0,False,1.1154109589041095,40.0,309.3043516763769
Inconel 625,450,600,70,40,292.0,325.7,1924.4,0,False,1.1154109589041095,40.0,309.3043516763769
Inconel 625,450,600,70,50,292.0,325.7,1924.4,0,False,1.1154109589041095,40.0,309.3043516763769
Inconel 625,450,600,90,30,292.0,325.7,1924.4,0,False,1.1154109589041095,40.0,309.3043516763769
Inconel 625,450,600,90,40,292.0,325.7,1924.4,0,False,1.1154109589041095,40.0,309.3043516763769
Inconel 625,450,600,90,50,292.0,325.7,1924.4,0,False,1.1154109589041095,40.0,309.3043516763769
Inconel 625,450,600,110,30,292.0,325.7,1924.4,0,False,1.1154109589041095,40.0,309.3043516763769
Inconel 625,450,600,110,40,292.0,325.7,1924.4,0,False,1.1154109589041095,40.0,309.3043516763769
Inconel 625,450,600,110,50,292.0,325.7,1924.4,0,False,1.1154109589041095,40.0,309.3043516763769
Inconel 625,450,800,70,30,247.2,267.2,1661.0,0,False,1.080906148867314,40.0,309.3043516763769
Inconel 625,450,800,70,40,247.2,267.2,1661.0,0,False,1.080906148867314,40.0,309.3043516763769
Inconel 625,450,800,70,50,247.2,267.2,1661.0,0,False,1.080906148867314,40.0,309.3043516763769
Inconel 625,450,800,90,30,247.2,267.2,1661.0,0,False,1.080906148867314,40.0,309.3043516763769
Inconel 625,450,800,90,40,247.2,267.2,1661.0,0,False,1.080906148867314,40.0,309.3043516763769
Inconel 625,450,800,90,50,247.2,267.2,1661.0,0,False,1.080906148867314,40.0,309.3043516763769
Inconel 625,450,800,110,30,247.2,267.2,1661.0,0,False,1.080906148867314,40.0,309.3043516763769
Inconel 625,450,800,110,40,247.2,267.2,1661.0,0,False,1.080906148867314,40.0,309.3043516763769
Inconel 625,450,800,110,50,247.2,267.2,1661.0,0,False,1.080906148867314,40.0,309.3043516763769
Inconel 625,450,1000,70,30,215.9,227.7,1480.7,0,False,1.0546549328392774,40.0,309.3043516763769
Inconel 625,450,1000,70,40,215.9,227.7,1480.7,0,False,1.0546549328392774,40.0,309.3043516763769
Inconel 625,450,1000,70,50,215.9,227.7,1480.7,0,False,1.0546549328392774,40.0,309.3043516763769
Inconel 625,450,1000,90,30,215.9,227.7,1480.7,0,False,1.0546549328392774,40.0,309.3043516763769
Inconel 625,450,1000,90,40,215.9,227.7,1480.7,0,False,1.0546549328392774,40.0,309.3043516763769
Inconel 625,450,1000,90,50,215.9,227.7,1480.7,0,False,1.0546549328392774,40.0,309.3043516763769
Inconel 625,450,1000,110,30,215.9,227.7,1480.7,0,False,1.0546549328392774,40.0,309.3043516763769
Inconel 625,450,1000,110,40,215.9,227.7,1480.7,0,False,1.0546549328392774,40.0,309.3043516763769
Inconel 625,450,1000,110,50,215.9,227.7,1480.7,0,False,1.0546549328392774,40.0,309.3043516763769
Inconel 625,450,1200,70,30,192.4,198.9,1347.2,0,False,1.0337837837837838,40.0,309.3043516763769
Inconel 625,450,1200,70,40,192.4,198.9,1347.2,0,False,1.0337837837837838,40.0,309.3043516763769
Inconel 625,450,1200,70,50,192.4,198.9,1347.2,0,False,1.0337837837837838,40.0,309.3043516763769
Inconel 625,450,1200,90,30,192.4,198.9,1347.2,0,False,1.0337837837837838,40.0,309.3043516763769
Inconel 625,450,1200,90,40,192.4,198.9,1347.2,0,False,1.0337837837837838,40.0,309.3043516763769
Inconel 625,450,1200,90,50,192.4,198.9,1347.2,0,False,1.0337837837837838,40.0,309.3043516763769
Inconel 625,450,1200,110,30,192.4,198.9,1347.2,0,False,1.0337837837837838,40.0,309.3043516763769
Inconel 625,450,1200,110,40,192.4,198.9,1347.2,0,False,1.0337837837837838,40.0,309.3043516763769
Inconel 625,450,1200,110,50,192.4,198.9,1347.2,0,False,1.0337837837837838,40.0,309.3043516763769
Inconel 625,450,1400,70,30,204.5,108.3,242.9,0,False,0.5295843520782396,5.0,437.4224090417496
Inconel 625,450,1400,70,40,204.5,108.3,242.9,0,False,0.5295843520782396,5.0,437.4224090417496
Inconel 625,450,1400,70,50,204.5,108.3,242.9,0,False,0.5295843520782396,5.0,437.4224090417496
Inconel 625,450,1400,90,30,204.5,108.3,242.9,0,False,0.5295843520782396,5.0,437.4224090417496
Inconel 625,450,1400,90,40,204.5,108.3,242.9,0,False,0.5295843520782396,5.0,437.4224090417496
Inconel 625,450,1400,90,50,204.5,108.3,242.9,0,False,0.5295843520782396,5.0,437.4224090417496
Inconel 625,450,1400,110,30,204.5,108.3,242.9,0,False,0.5295843520782396,5.0,437.4224090417496
Inconel 625,450,1400,110,40,204.5,108.3,242.9,0,False,0.5295843520782396,5.0,437.4224090417496
Inconel 625,450,1400,110,50,204.5,108.3,242.9,0,False,0.5295843520782396,5.0,437.4224090417496
Inconel 625,450,1600,70,30,192.2,100.7,229.4,0,False,0.5239334027055151,5.0,437.4224090417496
Inconel 625,450,1600,70,40,192.2,100.7,229.4,0,False,0.5239334027055151,5.0,437.4224090417496
Inconel 625,450,1600,70,50,192.2,100.7,229.4,0,False,0.5239334027055151,5.0,437.4224090417496
Inconel 625,450,1600,90,30,192.2,100.7,229.4,0,False,0.5239334027055151,5.0,437.4224090417496
Inconel 625,450,1600,90,40,192.2,100.7,229.4,0,False,0.5239334027055151,5.0,437.4224090417496
Inconel 625,450,1600,90,50,192.2,100.7,229.4,0,False,0.5239334027055151,5.0,437.4224090417496
Inconel 625,450,1600,110,30,192.2,100.7,229.4,0,False,0.5239334027055151,5.0,437.4224090417496
Inconel 625,450,1600,110,40,192.2,100.7,229.4,0,False,0.5239334027055151,5.0,437.4224090417496
Inconel 625,450,1600,110,50,192.2,100.7,229.4,0,False,0.5239334027055151,5.0,437.4224090417496
Inconel 625,450,1800,70,30,182.0,94.5,218.2,0,False,0.5192307692307693,5.0,437.4224090417496
Inconel 625,450,1800,70,40,182.0,94.5,218.2,0,False,0.5192307692307693,5.0,437.4224090417496
Inconel 625,450,1800,70,50,182.0,94.5,218.2,0,False,0.5192307692307693,5.0,437.4224090417496
Inconel 625,450,1800,90,30,182.0,94.5,218.2,0,False,0.5192307692307693,5.0,437.4224090417496
Inconel 625,450,1800,90,40,182.0,94.5,218.2,0,False,0.5192307692307693,5.0,437.4224090417496
Inconel 625,450,1800,90,50,182.0,94.5,218.2,0,False,0.5192307692307693,5.0,437.4224090417496
Inconel 625,450,1800,110,30,182.0,94.5,218.2,0,False,0.5192307692307693,5.0,437.4224090417496
Inconel 625,450,1800,110,40,182.0,94.5,218.2,0,False,0.5192307692307693,5.0,437.4224090417496
Inconel 625,450,1800,110,50,182.0,94.5,218.2,0,False,0.5192307692307693,5.0,437.4224090417496
Inconel 625,450,2000,70,30,173.4,89.2,208.8,0,False,0.5144175317185697,5.0,437.4224090417496
Inconel 625,450,2000,70,40,173.4,89.2,208.8,0,False,0.5144175317185697,5.0,437.4224090417496
Inconel 625,450,2000,70,50,173.4,89.2,208.8,0,False,0.5144175317185697,5.0,437.4224090417496
Inconel 625,450,2000,90,30,173.4,89.2,208.8,0,False,0.5144175317185697,5.0,437.4224090417496
Inconel 625,450,2000,90,40,173.4,89.2,208.8,0,False,0.5144175317185697,5.0,437.4224090417496
Inconel 625,450,2000,90,50,173.4,89.2,208.8,0,False,0.5144175317185697,5.0,437.4224090417496
Inconel 625,450,2000,110,30,173.4,89.2,208.8,0,False,0.5144175317185697,5.0,437.4224090417496
Inconel 625,450,2000,110,40,173.4,89.2,208.8,0,False,0.5144175317185697,5.0,437.4224090417496
Inconel 625,450,2000,110,50,173.4,89.2,208.8,0,False,0.5144175317185697,5.0,437.4224090417496
CoCrMo,100,400,70,30,145.0,96.0,406.7,0,False,0.6620689655172414,40.0,363.4326132197429
CoCrMo,100,400,70,40,145.0,96.0,406.7,0,False,0.6620689655172414,40.0,363.4326132197429
CoCrMo,100,400,70,50,145.0,96.0,406.7,0,False,0.6620689655172414,40.0,363.4326132197429
CoCrMo,100,400,90,30,145.0,96.0,406.7,0,False,0.6620689655172414,40.0,363.4326132197429
CoCrMo,100,400,90,40,145.0,96.0,406.7,0,False,0.6620689655172414,40.0,363.4326132197429
CoCrMo,100,400,90,50,145.0,96.0,406.7,0,False,0.6620689655172414,40.0,363.4326132197429
CoCrMo,100,400,110,30,145.0,96.0,406.7,0,False,0.6620689655172414,40.0,363.4326132197429
CoCrMo,100,400,110,40,145.0,96.0,406.7,0,False,0.6620689655172414,40.0,363.4326132197429
CoCrMo,100,400,110,50,145.0,96.0,406.7,0,False,0.6620689655172414,40.0,363.4326132197429
CoCrMo,100,600,70,30,102.7,60.3,320.3,0,False,0.5871470301850048,5.0,513.9713306240558
CoCrMo,100,600,70,40,102.7,60.3,320.3,0,False,0.5871470301850048,5.0,513.9713306240558
CoCrMo,100,600,70,50,102.7,60.3,320.3,0,True,0.5871470301850048,5.0,513.9713306240558
CoCrMo,100,600,90,30,102.7,60.3,320.3,0,True,0.5871470301850048,5.0,513.9713306240558
CoCrMo,100,600,90,40,102.7,60.3,320.3,0,True,0.5871470301850048,5.0,513.9713306240558
CoCrMo,100,600,90,50,102.7,60.3,320.3,0,True,0.5871470301850048,5.0,513.9713306240558
CoCrMo,100,600,110,30,102.7,60.3,320.3,0,True,0.5871470301850048,5.0,513.9713306240558
CoCrMo,100,600,110,40,102.7,60.3,320.3,0,True,0.5871470301850048,5.0,513.9713306240558
CoCrMo,100,600,110,50,102.7,60.3,320.3,0,True,0.5871470301850048,5.0,513.9713306240558
CoCrMo,100,800,70,30,107.6,25.8,136.3,0,True,0.23977695167286248,5.0,513.9713306240558
CoCrMo,100,800,70,40,107.6,25.8,136.3,0,True,0.23977695167286248,5.0,513.9713306240558
CoCrMo,100,800,70,50,107.6,25.8,136.3,0,True,0.23977695167286248,5.0,513.9713306240558
CoCrMo,100,800,90,30,107.6,25.8,136.3,0,True,0.23977695167286248,5.0,513.9713306240558
CoCrMo,100,800,90,40,107.6,25.8,136.3,0,True,0.23977695167286248,5.0,513.9713306240558
CoCrMo,100,800,90,50,107.6,25.8,136.3,0,True,0.23977695167286248,5.0,513.9713306240558
CoCrMo,100,800,110,30,107.6,25.8,136.3,0,True,0.23977695167286248,5.0,513.9713306240558
CoCrMo,100,800,110,40,107.6,25.8,136.3,0,True,0.23977695167286248,5.0,513.9713306240558
CoCrMo,100,800,110,50,107.6,25.8,136.3,0,True,0.23977695167286248,5.0,513.9713306240558
CoCrMo,100,1000,70,30,99.0,23.2,126.9,0,True,0.23434343434343433,5.0,513.9713306240558
CoCrMo,100,1000,70,40,99.0,23.2,126.9,0,True,0.23434343434343433,5.0,513.9713306240558
CoCrMo,100,1000,70,50,99.0,23.2,126.9,0,True,0.23434343434343433,5.0,513.9713306240558
CoCrMo,100,1000,90,30,99.0,23.2,126.9,0,True,0.23434343434343433,5.0,513.9713306240558
CoCrMo,100,1000,90,40,99.0,23.2,126.9,0,True,0.23434343434343433,5.0,513.9713306240558
CoCrMo,100,1000,90,50,99.0,23.2,126.9,0,True,0.23434343434343433,5.0,513.9713306240558
CoCrMo,100,1000,110,30,99.0,23.2,126.9,0,True,0.23434343434343433,5.0,513.9713306240558
CoCrMo,100,1000,110,40,99.0,23.2,126.9,0,True,0.23434343434343433,5.0,513.9713306240558
CoCrMo,100,1000,110,50,99.0,23.2,126.9,0,True,0.23434343434343433,5.0,513.9713306240558
CoCrMo,100,1200,70,30,92.8,21.4,120.1,0,True,0.23060344827586207,5.0,513.9713306240558
CoCrMo,100,1200,70,40,92.8,21.4,120.1,0,True,0.23060344827586207,5.0,513.9713306240558
CoCrMo,100,1200,70,50,92.8,21.4,120.1,0,True,0.23060344827586207,5.0,513.9713306240558
CoCrMo,100,1200,90,30,92.8,21.4,120.1,0,True,0.23060344827586207,5.0,513.9713306240558
CoCrMo,100,1200,90,40,92.8,21.4,120.1,0,True,0.23060344827586207,5.0,513.9713306240558
CoCrMo,100,1200,90,50,92.8,21.4,120.1,0,True,0.23060344827586207,5.0,513.9713306240558
CoCrMo,100,1200,110,30,92.8,21.4,120.1,0,True,0.23060344827586207,5.0,513.9713306240558
CoCrMo,100,1200,110,40,92.8,21.4,120.1,0,True,0.23060344827586207,5.0,513.9713306240558
CoCrMo,100,1200,110,50,92.8,21.4,120.1,0,True,0.23060344827586207,5.0,513.9713306240558
CoCrMo,100,1400,70,30,88.2,20.1,115.0,0,True,0.22789115646258504,5.0,513.9713306240558
CoCrMo,100,1400,70,40,88.2,20.1,115.0,0,True,0.22789115646258504,5.0,513.9713306240558
CoCrMo,100,1400,70,50,88.2,20.1,115.0,0,True,0.22789115646258504,5.0,513.9713306240558
CoCrMo,100,1400,90,30,88.2,20.1,115.0,0,True,0.22789115646258504,5.0,513.9713306240558
CoCrMo,100,1400,90,40,88.2,20.1,115.0,0,True,0.22789115646258504,5.0,513.9713306240558
CoCrMo,100,1400,90,50,88.2,20.1,115.0,0,True,0.22789115646258504,5.0,513.9713306240558
CoCrMo,100,1400,110,30,88.2,20.1,115.0,0,True,0.22789115646258504,5.0,513.9713306240558
CoCrMo,100,1400,110,40,88.2,20.1,115.0,0,True,0.22789115646258504,5.0,513.9713306240558
CoCrMo,100,1400,110,50,88.2,20.1,115.0,0,True,0.22789115646258504,5.0,513.9713306240558
CoCrMo,100,1600,70,30,84.5,19.0,110.9,0,True,0.22485207100591717,5.0,513.9713306240558
CoCrMo,100,1600,70,40,84.5,19.0,110.9,0,True,0.22485207100591717,5.0,513.9713306240558
CoCrMo,100,1600,70,50,84.5,19.0,110.9,0,True,0.22485207100591717,5.0,513.9713306240558
CoCrMo,100,1600,90,30,84.5,19.0,110.9,0,True,0.22485207100591717,5.0,513.9713306240558
CoCrMo,100,1600,90,40,84.5,19.0,110.9,0,True,0.22485207100591717,5.0,513.9713306240558
CoCrMo,100,1600,90,50,84.5,19.0,110.9,0,True,0.22485207100591717,5.0,513.9713306240558
CoCrMo,100,1600,110,30,84.5,19.0,110.9,0,True,0.22485207100591717,5.0,513.9713306240558
CoCrMo,100,1600,110,40,84.5,19.0,110.9,0,True,0.22485207100591717,5.0,513.9713306240558
CoCrMo,100,1600,110,50,84.5,19.0,110.9,0,True,0.22485207100591717,5.0,513.9713306240558
CoCrMo,100,1800,70,30,81.5,18.2,107.7,0,True,0.2233128834355828,5.0,513.9713306240558
CoCrMo,100,1800,70,40,81.5,18.2,107.7,0,True,0.2233128834355828,5.0,513.9713306240558
CoCrMo,100,1800,70,50,81.5,18.2,107.7,0,True,0.2233128834355828,5.0,513.9713306240558
CoCrMo,100,1800,90,30,81.5,18.2,107.7,0,True,0.2233128834355828,5.0,513.9713306240558
CoCrMo,100,1800,90,40,81.5,18.2,107.7,0,True,0.2233128834355828,5.0,513.9713306240558
CoCrMo,100,1800,90,50,81.5,18.2,107.7,0,True,0.2233128834355828,5.0,513.9713306240558
CoCrMo,100,1800,110,30,81.5,18.2,107.7,0,True,0.2233128834355828,5.0,513.9713306240558
CoCrMo,100,1800,110,40,81.5,18.2,107.7,0,True,0.2233128834355828,5.0,513.9713306240558
CoCrMo,100,1800,110,50,81.5,18.2,107.7,0,True,0.2233128834355828,5.0,513.9713306240558
CoCrMo,100,2000,70,30,79.1,17.5,105.0,0,True,0.22123893805309736,5.0,513.9713306240558
CoCrMo,100,2000,70,40,79.1,17.5,105.0,0,True,0.22123893805309736,5.0,513.9713306240558
CoCrMo,100,2000,70,50,79.1,17.5,105.0,0,True,0.22123893805309736,5.0,513.9713306240558
CoCrMo,100,2000,90,30,79.1,17.5,105.0,0,True,0.22123893805309736,5.0,513.9713306240558
CoCrMo,100,2000,90,40,79.1,17.5,105.0,0,True,0.22123893805309736,5.0,513.9713306240558
CoCrMo,100,2000,90,50,79.1,17.5,105.0,0,True,0.22123893805309736,5.0,513.9713306240558
CoCrMo,100,2000,110,30,79.1,17.5,105.0,0,True,0.22123893805309736,5.0,513.9713306240558
CoCrMo,100,2000,110,40,79.1,17.5,105.0,0,True,0.22123893805309736,5.0,513.9713306240558
CoCrMo,100,2000,110,50,79.1,17.5,105.0,0,True,0.22123893805309736,5.0,513.9713306240558
CoCrMo,150,400,70,30,195.5,178.3,684.1,0,False,0.9120204603580563,40.0,363.4326132197429
CoCrMo,150,400,70,40,195.5,178.3,684.1,0,False,0.9120204603580563,40.0,363.4326132197429
CoCrMo,150,400,70,50,195.5,178.3,684.1,0,False,0.9120204603580563,40.0,363.4326132197429
CoCrMo,150,400,90,30,195.5,178.3,684.1,0,False,0.9120204603580563,40.0,363.4326132197429
CoCrMo,150,400,90,40,195.5,178.3,684.1,0,False,0.9120204603580563,40.0,363.4326132197429
CoCrMo,150,400,90,50,195.5,178.3,684.1,0,False,0.9120204603580563,40.0,363.4326132197429
CoCrMo,150,400,110,30,195.5,178.3,684.1,0,False,0.9120204603580563,40.0,363.4326132197429
CoCrMo,150,400,110,40,195.5,178.3,684.1,0,False,0.9120204603580563,40.0,363.4326132197429
CoCrMo,150,400,110,50,195.5,178.3,684.1,0,False,0.9120204603580563,40.0,363.4326132197429
CoCrMo,150,600,70,30,154.6,115.1,642.8,0,False,0.7445019404915912,40.0,363.4326132197429
CoCrMo,150,600,70,40,154.6,115.1,642.8,0,False,0.7445019404915912,40.0,363.4326132197429
CoCrMo,150,600,70,50,154.6,115.1,642.8,0,False,0.7445019404915912,40.0,363.4326132197429
CoCrMo,150,600,90,30,154.6,115.1,642.8,0,False,0.7445019404915912,40.0,363.4326132197429
CoCrMo,150,600,90,40,154.6,115.1,642.8,0,False,0.7445019404915912,40.0,363.4326132197429
CoCrMo,150,600,90,50,154.6,115.1,642.8,0,False,0.7445019404915912,40.0,363.4326132197429
CoCrMo,150,600,110,30,154.6,115.1,642.8,0,False,0.7445019404915912,40.0,363.4326132197429
CoCrMo,150,600,110,40,154.6,115.1,642.8,0,False,0.7445019404915912,40.0,363.4326132197429
CoCrMo,150,600,110,50,154.6,115.1,642.8,0,False,0.7445019404915912,40.0,363.4326132197429
CoCrMo,150,800,70,30,127.6,86.8,594.8,0,False,0.6802507836990596,40.0,363.4326132197429
CoCrMo,150,800,70,40,127.6,86.8,594.8,0,False,0.6802507836990596,40.0,363.4326132197429
CoCrMo,150,800,70,50,127.6,86.8,594.8,0,False,0.6802507836990596,40.0,363.4326132197429
CoCrMo,150,800,90,30,127.6,86.8,594.8,0,False,0.6802507836990596,40.0,363.4326132197429
CoCrMo,150,800,90,40,127.6,86.8,594.8,0,False,0.6802507836990596,40.0,363.4326132197429
CoCrMo,150,800,90,50,127.6,86.8,594.8,0,False,0.6802507836990596,40.0,363.4326132197429
CoCrMo,150,800,110,30,127.6,86.8,594.8,0,False,0.6802507836990596,40.0,363.4326132197429
CoCrMo,150,800,110,40,127.6,86.8,594.8,0,False,0.6802507836990596,40.0,363.4326132197429
CoCrMo,150,800,110,50,127.6,86.8,594.8,0,True,0.6802507836990596,40.0,363.4326132197429
CoCrMo,150,1000,70,30,133.4,42.6,164.7,0,False,0.3193403298350825,5.0,513.9713306240558
CoCrMo,150,1000,70,40,133.4,42.6,164.7,0,True,0.3193403298350825,5.0,513.9713306240558
CoCrMo,150,1000,70,50,133.4,42.6,164.7,0,True,0.3193403298350825,5.0,513.9713306240558
CoCrMo,150,1000,90,30,133.4,42.6,164.7,0,False,0.3193403298350825,5.0,513.9713306240558
CoCrMo,150,1000,90,40,133.4,42.6,164.7,0,True,0.3193403298350825,5.0,513.9713306240558
CoCrMo,150,1000,90,50,133.4,42.6,164.7,0,True,0.3193403298350825,5.0,513.9713306240558
CoCrMo,150,1000,110,30,133.4,42.6,164.7,0,True,0.3193403298350825,5.0,513.9713306240558
CoCrMo,150,1000,110,40,133.4,42.6,164.7,0,True,0.3193403298350825,5.0,513.9713306240558
CoCrMo,150,1000,110,50,133.4,42.6,164.7,0,True,0.3193403298350825,5.0,513.9713306240558
CoCrMo,150,1200,70,30,119.9,36.5,149.9,0,True,0.3044203502919099,5.0,513.9713306240558
CoCrMo,150,1200,70,40,119.9,36.5,149.9,0,True,0.3044203502919099,5.0,513.9713306240558
CoCrMo,150,1200,70,50,119.9,36.5,149.9,0,True,0.3044203502919099,5.0,513.9713306240558
CoCrMo,150,1200,90,30,119.9,36.5,149.9,0,True,0.3044203502919099,5.0,513.9713306240558
CoCrMo,150,1200,90,40,119.9,36.5,149.9,0,True,0.3044203502919099,5.0,513.9713306240558
CoCrMo,150,1200,90,50,119.9,36.5,149.9,0,True,0.3044203502919099,5.0,513.9713306240558
CoCrMo,150,1200,110,30,119.9,36.5,149.9,0,True,0.3044203502919099,5.0,513.9713306240558
CoCrMo,150,1200,110,40,119.9,36.5,149.9,0,True,0.3044203502919099,5.0,513.9713306240558
CoCrMo,150,1200,110,50,119.9,36.5,149.9,0,True,0.3044203502919099,5.0,513.9713306240558
CoCrMo,150,1400,70,30,109.1,31.9,138.0,0,True,0.2923923006416132,5.0,513.9713306240558
CoCrMo,150,1400,70,40,109.1,31.9,138.0,0,True,0.2923923006416132,5.0,513.9713306240558
CoCrMo,150,1400,70,50,109.1,31.9,138.0,0,True,0.2923923006416132,5.0,513.9713306240558
CoCrMo,150,1400,90,30,109.1,31.9,138.0,0,True,0.2923923006416132,5.0,513.9713306240558
CoCrMo,150,1400,90,40,109.1,31.9,138.0,0,True,0.2923923006416132,5.0,513.9713306240558
CoCrMo,150,1400,90,50,109.1,31.9,138.0,0,True,0.2923923006416132,5.0,513.9713306240558
CoCrMo,150,1400,110,30,109.1,31.9,138.0,0,True,0.2923923006416132,5.0,513.9713306240558
CoCrMo,150,1400,110,40,109.1,31.9,138.0,0,True,0.2923923006416132,5.0,513.9713306240558
CoCrMo,150,1400,110,50,109.1,31.9,138.0,0,True,0.2923923006416132,5.0,513.9713306240558
CoCrMo,150,1600,70,30,100.0,28.3,128.0,0,True,0.28300000000000003,5.0,513.9713306240558
CoCrMo,150,1600,70,40,100.0,28.3,128.0,0,True,0.28300000000000003,5.0,513.9713306240558
CoCrMo,150,1600,70,50,100.0,28.3,128.0,0,True,0.28300000000000003,5.0,513.9713306240558
CoCrMo,150,1600,90,30,100.0,28.3,128.0,0,True,0.28300000000000003,5.0,513.9713306240558
CoCrMo,150,1600,90,40,100.0,28.3,128.0,0,True,0.28300000000000003,5.0,513.9713306240558
CoCrMo,150,1600,90,50,100.0,28.3,128.0,0,True,0.28300000000000003,5.0,513.9713306240558
CoCrMo,150,1600,110,30,100.0,28.3,128.0,0,True,0.28300000000000003,5.0,513.9713306240558
CoCrMo,150,1600,110,40,100.0,28.3,128.0,0,True,0.28300000000000003,5.0,513.9713306240558
CoCrMo,150,1600,110,50,100.0,28.3,128.0,0,True,0.28300000000000003,5.0,513.9713306240558
CoCrMo,150,1800,70,30,92.8,22.2,120.1,0,True,0.23922413793103448,5.0,513.9713306240558
CoCrMo,150,1800,70,40,92.8,22.2,120.1,0,True,0.23922413793103448,5.0,513.9713306240558
CoCrMo,150,1800,70,50,92.8,22.2,120.1,0,True,0.23922413793103448,5.0,513.9713306240558
CoCrMo,150,1800,90,30,92.8,22.2,120.1,0,True,0.23922413793103448,5.0,513.9713306240558
CoCrMo,150,1800,90,40,92.8,22.2,120.1,0,True,0.23922413793103448,5.0,513.9713306240558
CoCrMo,150,1800,90,50,92.8,22.2,120.1,0,True,0.23922413793103448,5.0,513.9713306240558
CoCrMo,150,1800,110,30,92.8,22.2,120.1,0,True,0.23922413793103448,5.0,513.9713306240558
CoCrMo,150,1800,110,40,92.8,22.2,120.1,0,True,0.23922413793103448,5.0,513.9713306240558
CoCrMo,150,1800,110,50,92.8,22.2,120.1,0,True,0.23922413793103448,5.0,513.9713306240558
CoCrMo,150,2000,70,30,89.6,21.2,116.5,0,True,0.23660714285714288,5.0,513.9713306240558
CoCrMo,150,2000,70,40,89.6,21.2,116.5,0,True,0.23660714285714288,5.0,513.9713306240558
CoCrMo,150,2000,70,50,89.6,21.2,116.5,0,True,0.23660714285714288,5.0,513.9713306240558
CoCrMo,150,2000,90,30,89.6,21.2,116.5,0,True,0.23660714285714288,5.0,513.9713306240558
CoCrMo,150,2000,90,40,89.6,21.2,116.5,0,True,0.23660714285714288,5.0,513.9713306240558
CoCrMo,150,2000,90,50,89.6,21.2,116.5,0,True,0.23660714285714288,5.0,513.9713306240558
CoCrMo,150,2000,110,30,89.6,21.2,116.5,0,True,0.23660714285714288,5.0,513.9713306240558
CoCrMo,150,2000,110,40,89.6,21.2,116.5,0,True,0.23660714285714288,5.0,513.9713306240558
CoCrMo,150,2000,110,50,89.6,21.2,116.5,0,True,0.23660714285714288,5.0,513.9713306240558
CoCrMo,200,400,70,30,230.7,227.9,923.5,0,False,0.987863025574339,40.0,363.4326132197429
CoCrMo,200,400,70,40,230.7,227.9,923.5,0,False,0.987863025574339,40.0,363.4326132197429
CoCrMo,200,400,70,50,230.7,227.9,923.5,0,False,0.987863025574339,40.0,363.4326132197429
CoCrMo,200,400,90,30,230.7,227.9,923.5,0,False,0.987863025574339,40.0,363.4326132197429
CoCrMo,200,400,90,40,230.7,227.9,923.5,0,False,0.987863025574339,40.0,363.4326132197429
CoCrMo,200,400,90,50,230.7,227.9,923.5,0,False,0.987863025574339,40.0,363.4326132197429
CoCrMo,200,400,110,30,230.7,227.9,923.5,0,False,0.987863025574339,40.0,363.4326132197429
CoCrMo,200,400,110,40,230.7,227.9,923.5,0,False,0.987863025574339,40.0,363.4326132197429
CoCrMo,200,400,110,50,230.7,227.9,923.5,0,False,0.987863025574339,40.0,363.4326132197429
CoCrMo,200,600,70,30,185.9,173.8,896.8,0,False,0.9349112426035503,40.0,363.4326132197429
CoCrMo,200,600,70,40,185.9,173.8,896.8,0,False,0.9349112426035503,40.0,363.4326132197429
CoCrMo,200,600,70,50,185.9,173.8,896.8,0,False,0.9349112426035503,40.0,363.4326132197429
CoCrMo,200,600,90,30,185.9,173.8,896.8,0,False,0.9349112426035503,40.0,363.4326132197429
CoCrMo,200,600,90,40,185.9,173.8,896.8,0,False,0.9349112426035503,40.0,363.4326132197429
CoCrMo,200,600,90,50,185.9,173.8,896.8,0,False,0.9349112426035503,40.0,363.4326132197429
CoCrMo,200,600,110,30,185.9,173.8,896.8,0,False,0.9349112426035503,40.0,363.4326132197429
CoCrMo,200,600,110,40,185.9,173.8,896.8,0,False,0.9349112426035503,40.0,363.4326132197429
CoCrMo,200,600,110,50,185.9,173.8,896.8,0,False,0.9349112426035503,40.0,363.4326132197429
CoCrMo,200,800,70,30,157.8,128.5,869.1,0,False,0.8143219264892269,40.0,363.4326132197429
CoCrMo,200,800,70,40,157.8,128.5,869.1,0,False,0.8143219264892269,40.0,363.4326132197429
CoCrMo,200,800,70,50,157.8,128.5,869.1,0,False,0.8143219264892269,40.0,363.4326132197429
CoCrMo,200,800,90,30,157.8,128.5,869.1,0,False,0.8143219264892269,40.0,363.4326132197429
CoCrMo,200,800,90,40,157.8,128.5,869.1,0,False,0.8143219264892269,40.0,363.4326132197429
CoCrMo,200,800,90,50,157.8,128.5,869.1,0,False,0.8143219264892269,40.0,363.4326132197429
CoCrMo,200,800,110,30,157.8,128.5,869.1,0,False,0.8143219264892269,40.0,363.4326132197429
CoCrMo,200,800,110,40,157.8,128.5,869.1,0,False,0.8143219264892269,40.0,363.4326132197429
CoCrMo,200,800,110,50,157.8,128.5,869.1,0,False,0.8143219264892269,40.0,363.4326132197429
CoCrMo,200,1000,70,30,137.7,104.1,838.0,0,False,0.7559912854030502,40.0,363.4326132197429
CoCrMo,200,1000,70,40,137.7,104.1,838.0,0,False,0.7559912854030502,40.0,363.4326132197429
CoCrMo,200,1000,70,50,137.7,104.1,838.0,0,False,0.7559912854030502,40.0,363.4326132197429
CoCrMo,200,1000,90,30,137.7,104.1,838.0,0,False,0.7559912854030502,40.0,363.4326132197429
CoCrMo,200,1000,90,40,137.7,104.1,838.0,0,False,0.7559912854030502,40.0,363.4326132197429
CoCrMo,200,1000,90,50,137.7,104.1,838.0,0,False,0.7559912854030502,40.0,363.4326132197429
CoCrMo,200,1000,110,30,137.7,104.1,838.0,0,False,0.7559912854030502,40.0,363.4326132197429
CoCrMo,200,1000,110,40,137.7,104.1,838.0,0,False,0.7559912854030502,40.0,363.4326132197429
CoCrMo,200,1000,110,50,137.7,104.1,838.0,0,False,0.7559912854030502,40.0,363.4326132197429
CoCrMo,200,1200,70,30,145.2,51.9,177.7,0,False,0.35743801652892565,5.0,513.9713306240558
CoCrMo,200,1200,70,40,145.2,51.9,177.7,0,False,0.35743801652892565,5.0,513.9713306240558
CoCrMo,200,1200,70,50,145.2,51.9,177.7,0,True,0.35743801652892565,5.0,513.9713306240558
CoCrMo,200,1200,90,30,145.2,51.9,177.7,0,False,0.35743801652892565,5.0,513.9713306240558
CoCrMo,200,1200,90,40,145.2,51.9,177.7,0,False,0.35743801652892565,5.0,513.9713306240558
CoCrMo,200,1200,90,50,145.2,51.9,177.7,0,True,0.35743801652892565,5.0,513.9713306240558
CoCrMo,200,1200,110,30,145.2,51.9,177.7,0,False,0.35743801652892565,5.0,513.9713306240558
CoCrMo,200,1200,110,40,145.2,51.9,177.7,0,True,0.35743801652892565,5.0,513.9713306240558
CoCrMo,200,1200,110,50,145.2,51.9,177.7,0,True,0.35743801652892565,5.0,513.9713306240558
CoCrMo,200,1400,70,30,134.3,45.9,165.7,0,False,0.3417721518987341,5.0,513.9713306240558
CoCrMo,200,1400,70,40,134.3,45.9,165.7,0,True,0.3417721518987341,5.0,513.9713306240558
CoCrMo,200,1400,70,50,134.3,45.9,165.7,0,True,0.3417721518987341,5.0,513.9713306240558
CoCrMo,200,1400,90,30,134.3,45.9,165.7,0,False,0.3417721518987341,5.0,513.9713306240558
CoCrMo,200,1400,90,40,134.3,45.9,165.7,0,True,0.3417721518987341,5.0,513.9713306240558
CoCrMo,200,1400,90,50,134.3,45.9,165.7,0,True,0.3417721518987341,5.0,513.9713306240558
CoCrMo,200,1400,110,30,134.3,45.9,165.7,0,True,0.3417721518987341,5.0,513.9713306240558
CoCrMo,200,1400,110,40,134.3,45.9,165.7,0,True,0.3417721518987341,5.0,513.9713306240558
CoCrMo,200,1400,110,50,134.3,45.9,165.7,0,True,0.3417721518987341,5.0,513.9713306240558
CoCrMo,200,1600,70,30,125.3,41.2,155.8,0,False,0.3288108539505188,5.0,513.9713306240558
CoCrMo,200,1600,70,40,125.3,41.2,155.8,0,True,0.3288108539505188,5.0,513.9713306240558
CoCrMo,200,1600,70,50,125.3,41.2,155.8,0,True,0.3288108539505188,5.0,513.9713306240558
CoCrMo,200,1600,90,30,125.3,41.2,155.8,0,True,0.3288108539505188,5.0,513.9713306240558
CoCrMo,200,1600,90,40,125.3,41.2,155.8,0,True,0.3288108539505188,5.0,513.9713306240558
CoCrMo,200,1600,90,50,125.3,41.2,155.8,0,True,0.3288108539505188,5.0,513.9713306240558
CoCrMo,200,1600,110,30,125.3,41.2,155.8,0,True,0.3288108539505188,5.0,513.9713306240558
CoCrMo,200,1600,110,40,125.3,41.2,155.8,0,True,0.3288108539505188,5.0,513.9713306240558
CoCrMo,200,1600,110,50,125.3,41.2,155.8,0,True,0.3288108539505188,5.0,513.9713306240558
CoCrMo,200,1800,70,30,117.6,37.5,147.4,0,False,0.31887755102040816,5.0,513.9713306240558
CoCrMo,200,1800,70,40,117.6,37.5,147.4,0,True,0.31887755102040816,5.0,513.9713306240558
CoCrMo,200,1800,70,50,117.6,37.5,147.4,0,True,0.31887755102040816,5.0,513.9713306240558
CoCrMo,200,1800,90,30,117.6,37.5,147.4,0,True,0.31887755102040816,5.0,513.9713306240558
CoCrMo,200,1800,90,40,117.6,37.5,147.4,0,True,0.31887755102040816,5.0,513.9713306240558
CoCrMo,200,1800,90,50,117.6,37.5,147.4,0,True,0.31887755102040816,5.0,513.9713306240558
CoCrMo,200,1800,110,30,117.6,37.5,147.4,0,True,0.31887755102040816,5.0,513.9713306240558
CoCrMo,200,1800,110,40,117.6,37.5,147.4,0,True,0.31887755102040816,5.0,513.9713306240558
CoCrMo,200,1800,110,50,117.6,37.5,147.4,0,True,0.31887755102040816,5.0,513.9713306240558
CoCrMo,200,2000,70,30,111.0,34.4,140.1,0,True,0.3099099099099099,5.0,513.9713306240558
CoCrMo,200,2000,70,40,111.0,34.4,140.1,0,True,0.3099099099099099,5.0,513.9713306240558
CoCrMo,200,2000,70,50,111.0,34.4,140.1,0,True,0.3099099099099099,5.0,513.9713306240558
CoCrMo,200,2000,90,30,111.0,34.4,140.1,0,True,0.3099099099099099,5.0,513.9713306240558
CoCrMo,200,2000,90,40,111.0,34.4,140.1,0,True,0.3099099099099099,5.0,513.9713306240558
CoCrMo,200,2000,90,50,111.0,34.4,140.1,0,True,0.3099099099099099,5.0,513.9713306240558
CoCrMo,200,2000,110,30,111.0,34.4,140.1,0,True,0.3099099099099099,5.0,513.9713306240558
CoCrMo,200,2000,110,40,111.0,34.4,140.1,0,True,0.3099099099099099,5.0,513.9713306240558
CoCrMo,200,2000,110,50,111.0,34.4,140.1,0,True,0.3099099099099099,5.0,513.9713306240558
CoCrMo,250,400,70,30,260.4,269.1,1155.6,0,False,1.033410138248848,40.0,363.4326132197429
CoCrMo,250,400,70,40,260.4,269.1,1155.6,0,False,1.033410138248848,40.0,363.4326132197429
CoCrMo,250,400,70,50,260.4,269.1,1155.6,0,False,1.033410138248848,40.0,363.4326132197429
CoCrMo,250,400,90,30,260.4,269.1,1155.6,0,False,1.033410138248848,40.0,363.4326132197429
CoCrMo,250,400,90,40,260.4,269.1,1155.6,0,False,1.033410138248848,40.0,363.4326132197429
CoCrMo,250,400,90,50,260.4,269.1,1155.6,0,False,1.033410138248848,40.0,363.4326132197429
CoCrMo,250,400,110,30,260.4,269.1,1155.6,0,False,1.033410138248848,40.0,363.4326132197429
CoCrMo,250,400,110,40,260.4,269.1,1155.6,0,False,1.033410138248848,40.0,363.4326132197429
CoCrMo,250,400,110,50,260.4,269.1,1155.6,0,False,1.033410138248848,40.0,363.4326132197429
CoCrMo,250,600,70,30,210.9,208.9,1132.8,0,False,0.9905168326220958,40.0,363.4326132197429
CoCrMo,250,600,70,40,210.9,208.9,1132.8,0,False,0.9905168326220958,40.0,363.4326132197429
CoCrMo,250,600,70,50,210.9,208.9,1132.8,0,False,0.9905168326220958,40.0,363.4326132197429
CoCrMo,250,600,90,30,210.9,208.9,1132.8,0,False,0.9905168326220958,40.0,363.4326132197429
CoCrMo,250,600,90,40,210.9,208.9,1132.8,0,False,0.9905168326220958,40.0,363.4326132197429
CoCrMo,250,600,90,50,210.9,208.9,1132.8,0,False,0.9905168326220958,40.0,363.4326132197429
CoCrMo,250,600,110,30,210.9,208.9,1132.8,0,False,0.9905168326220958,40.0,363.4326132197429
CoCrMo,250,600,110,40,210.9,208.9,1132.8,0,False,0.9905168326220958,40.0,363.4326132197429
CoCrMo,250,600,110,50,210.9,208.9,1132.8,0,False,0.9905168326220958,40.0,363.4326132197429
CoCrMo,250,800,70,30,180.5,172.4,1112.2,0,False,0.9551246537396122,40.0,363.4326132197429
CoCrMo,250,800,70,40,180.5,172.4,1112.2,0,False,0.9551246537396122,40.0,363.4326132197429
CoCrMo,250,800,70,50,180.5,172.4,1112.2,0,False,0.9551246537396122,40.0,363.4326132197429
CoCrMo,250,800,90,30,180.5,172.4,1112.2,0,False,0.9551246537396122,40.0,363.4326132197429
CoCrMo,250,800,90,40,180.5,172.4,1112.2,0,False,0.9551246537396122,40.0,363.4326132197429
CoCrMo,250,800,90,50,180.5,172.4,1112.2,0,False,0.9551246537396122,40.0,363.4326132197429
CoCrMo,250,800,110,30,180.5,172.4,1112.2,0,False,0.9551246537396122,40.0,363.4326132197429
CoCrMo,250,800,110,40,180.5,172.4,1112.2,0,False,0.9551246537396122,40.0,363.4326132197429
CoCrMo,250,800,110,50,180.5,172.4,1112.2,0,False,0.9551246537396122,40.0,363.4326132197429
CoCrMo,250,1000,70,30,159.1,146.6,1075.4,0,False,0.9214330609679446,40.0,363.4326132197429
CoCrMo,250,1000,70,40,159.1,146.6,1075.4,0,False,0.9214330609679446,40.0,363.4326132197429
CoCrMo,250,1000,70,50,159.1,146.6,1075.4,0,False,0.9214330609679446,40.0,363.4326132197429
CoCrMo,250,1000,90,30,159.1,146.6,1075.4,0,False,0.9214330609679446,40.0,363.4326132197429
CoCrMo,250,1000,90,40,159.1,146.6,1075.4,0,False,0.9214330609679446,40.0,363.4326132197429
CoCrMo,250,1000,90,50,159.1,146.6,1075.4,0,False,0.9214330609679446,40.0,363.4326132197429
CoCrMo,250,1000,110,30,159.1,146.6,1075.4,0,False,0.9214330609679446,40.0,363.4326132197429
CoCrMo,250,1000,110,40,159.1,146.6,1075.4,0,False,0.9214330609679446,40.0,363.4326132197429
CoCrMo,250,1000,110,50,159.1,146.6,1075.4,0,False,0.9214330609679446,40.0,363.4326132197429
CoCrMo,250,1200,70,30,163.3,72.8,197.6,0,False,0.445805266380894,5.0,513.9713306240558
CoCrMo,250,1200,70,40,163.3,72.8,197.6,0,False,0.445805266380894,5.0,513.9713306240558
CoCrMo,250,1200,70,50,163.3,72.8,197.6,0,False,0.445805266380894,5.0,513.9713306240558
CoCrMo,250,1200,90,30,163.3,72.8,197.6,0,False,0.445805266380894,5.0,513.9713306240558
CoCrMo,250,1200,90,40,163.3,72.8,197.6,0,False,0.445805266380894,5.0,513.9713306240558
CoCrMo,250,1200,90,50,163.3,72.8,197.6,0,False,0.445805266380894,5.0,513.9713306240558
CoCrMo,250,1200,110,30,163.3,72.8,197.6,0,False,0.445805266380894,5.0,513.9713306240558
CoCrMo,250,1200,110,40,163.3,72.8,197.6,0,False,0.445805266380894,5.0,513.9713306240558
CoCrMo,250,1200,110,50,163.3,72.8,197.6,0,False,0.445805266380894,5.0,513.9713306240558
CoCrMo,250,1400,70,30,151.8,59.4,185.0,0,False,0.3913043478260869,5.0,513.9713306240558
CoCrMo,250,1400,70,40,151.8,59.4,185.0,0,False,0.3913043478260869,5.0,513.9713306240558
CoCrMo,250,1400,70,50,151.8,59.4,185.0,0,False,0.3913043478260869,5.0,513.9713306240558
CoCrMo,250,1400,90,30,151.8,59.4,185.0,0,False,0.3913043478260869,5.0,513.9713306240558
CoCrMo,250,1400,90,40,151.8,59.4,185.0,0,False,0.3913043478260869,5.0,513.9713306240558
CoCrMo,250,1400,90,50,151.8,59.4,185.0,0,True,0.3913043478260869,5.0,513.9713306240558
CoCrMo,250,1400,110,30,151.8,59.4,185.0,0,False,0.3913043478260869,5.0,513.9713306240558
CoCrMo,250,1400,110,40,151.8,59.4,185.0,0,False,0.3913043478260869,5.0,513.9713306240558
CoCrMo,250,1400,110,50,151.8,59.4,185.0,0,True,0.3913043478260869,5.0,513.9713306240558
CoCrMo,250,1600,70,30,142.4,53.5,174.7,0,False,0.3757022471910112,5.0,513.9713306240558
CoCrMo,250,1600,70,40,142.4,53.5,174.7,0,False,0.3757022471910112,5.0,513.9713306240558
CoCrMo,250,1600,70,50,142.4,53.5,174.7,0,True,0.3757022471910112,5.0,513.9713306240558
CoCrMo,250,1600,90,30,142.4,53.5,174.7,0,False,0.3757022471910112,5.0,513.9713306240558
CoCrMo,250,1600,90,40,142.4,53.5,174.7,0,False,0.3757022471910112,5.0,513.9713306240558
CoCrMo,250,1600,90,50,142.4,53.5,174.7,0,True,0.3757022471910112,5.0,513.9713306240558
CoCrMo,250,1600,110,30,142.4,53.5,174.7,0,False,0.3757022471910112,5.0,513.9713306240558
CoCrMo,250,1600,110,40,142.4,53.5,174.7,0,True,0.3757022471910112,5.0,513.9713306240558
CoCrMo,250,1600,110,50,142.4,53.5,174.7,0,True,0.3757022471910112,5.0,513.9713306240558
CoCrMo,250,1800,70,30,134.6,48.7,166.0,0,False,0.361812778603269,5.0,513.9713306240558
CoCrMo,250,1800,70,40,134.6,48.7,166.0,0,False,0.361812778603269,5.0,513.9713306240558
CoCrMo,250,1800,70,50,134.6,48.7,166.0,0,True,0.361812778603269,5.0,513.9713306240558
CoCrMo,250,1800,90,30,134.6,48.7,166.0,0,False,0.361812778603269,5.0,513.9713306240558
CoCrMo,250,1800,90,40,134.6,48.7,166.0,0,True,0.361812778603269,5.0,513.9713306240558
CoCrMo,250,1800,90,50,134.6,48.7,166.0,0,True,0.361812778603269,5.0,513.9713306240558
CoCrMo,250,1800,110,30,134.6,48.7,166.0,0,True,0.361812778603269,5.0,513.9713306240558
CoCrMo,250,1800,110,40,134.6,48.7,166.0,0,True,0.361812778603269,5.0,513.9713306240558
CoCrMo,250,1800,110,50,134.6,48.7,166.0,0,True,0.361812778603269,5.0,513.9713306240558
CoCrMo,250,2000,70,30,127.8,44.9,158.6,0,False,0.3513302034428795,5.0,513.9713306240558
CoCrMo,250,2000,70,40,127.8,44.9,158.6,0,True,0.3513302034428795,5.0,513.9713306240558
CoCrMo,250,2000,70,50,127.8,44.9,158.6,0,True,0.3513302034428795,5.0,513.9713306240558
CoCrMo,250,2000,90,30,127.8,44.9,158.6,0,False,0.3513302034428795,5.0,513.9713306240558
CoCrMo,250,2000,90,40,127.8,44.9,158.6,0,True,0.3513302034428795,5.0,513.9713306240558
CoCrMo,250,2000,90,50,127.8,44.9,158.6,0,True,0.3513302034428795,5.0,513.9713306240558
CoCrMo,250,2000,110,30,127.8,44.9,158.6,0,True,0.3513302034428795,5.0,513.9713306240558
CoCrMo,250,2000,110,40,127.8,44.9,158.6,0,True,0.3513302034428795,5.0,513.9713306240558
CoCrMo,250,2000,110,50,127.8,44.9,158.6,0,True,0.3513302034428795,5.0,513.9713306240558
CoCrMo,300,400,70,30,287.0,306.0,1386.4,0,False,1.0662020905923344,40.0,363.4326132197429
CoCrMo,300,400,70,40,287.0,306.0,1386.4,0,False,1.0662020905923344,40.0,363.4326132197429
CoCrMo,300,400,70,50,287.0,306.0,1386.4,0,False,1.0662020905923344,40.0,363.4326132197429
CoCrMo,300,400,90,30,287.0,306.0,1386.4,0,False,1.0662020905923344,40.0,363.4326132197429
CoCrMo,300,400,90,40,287.0,306.0,1386.4,0,False,1.0662020905923344,40.0,363.4326132197429
CoCrMo,300,400,90,50,287.0,306.0,1386.4,0,False,1.0662020905923344,40.0,363.4326132197429
CoCrMo,300,400,110,30,287.0,306.0,1386.4,0,False,1.0662020905923344,40.0,363.4326132197429
CoCrMo,300,400,110,40,287.0,306.0,1386.4,0,False,1.0662020905923344,40.0,363.4326132197429
CoCrMo,300,400,110,50,287.0,306.0,1386.4,0,False,1.0662020905923344,40.0,363.4326132197429
CoCrMo,300,600,70,30,232.9,239.4,1363.9,0,False,1.0279089738085014,40.0,363.4326132197429
CoCrMo,300,600,70,40,232.9,239.4,1363.9,0,False,1.0279089738085014,40.0,363.4326132197429
CoCrMo,300,600,70,50,232.9,239.4,1363.9,0,False,1.0279089738085014,40.0,363.4326132197429
CoCrMo,300,600,90,30,232.9,239.4,1363.9,0,False,1.0279089738085014,40.0,363.4326132197429
CoCrMo,300,600,90,40,232.9,239.4,1363.9,0,False,1.0279089738085014,40.0,363.4326132197429
CoCrMo,300,600,90,50,232.9,239.4,1363.9,0,False,1.0279089738085014,40.0,363.4326132197429
CoCrMo,300,600,110,30,232.9,239.4,1363.9,0,False,1.0279089738085014,40.0,363.4326132197429
CoCrMo,300,600,110,40,232.9,239.4,1363.9,0,False,1.0279089738085014,40.0,363.4326132197429
CoCrMo,300,600,110,50,232.9,239.4,1363.9,0,False,1.0279089738085014,40.0,363.4326132197429
CoCrMo,300,800,70,30,199.8,199.1,1328.9,0,False,0.9964964964964964,40.0,363.4326132197429
CoCrMo,300,800,70,40,199.8,199.1,1328.9,0,False,0.9964964964964964,40.0,363.4326132197429
CoCrMo,300,800,70,50,199.8,199.1,1328.9,0,False,0.9964964964964964,40.0,363.4326132197429
CoCrMo,300,800,90,30,199.8,199.1,1328.9,0,False,0.9964964964964964,40.0,363.4326132197429
CoCrMo,300,800,90,40,199.8,199.1,1328.9,0,False,0.9964964964964964,40.0,363.4326132197429
CoCrMo,300,800,90,50,199.8,199.1,1328.9,0,False,0.9964964964964964,40.0,363.4326132197429
CoCrMo,300,800,110,30,199.8,199.1,1328.9,0,False,0.9964964964964964,40.0,363.4326132197429
CoCrMo,300,800,110,40,199.8,199.1,1328.9,0,False,0.9964964964964964,40.0,363.4326132197429
CoCrMo,300,800,110,50,199.8,199.1,1328.9,0,False,0.9964964964964964,40.0,363.4326132197429
CoCrMo,300,1000,70,30,175.7,168.5,1182.8,0,False,0.9590210586226523,40.0,363.4326132197429
CoCrMo,300,1000,70,40,175.7,168.5,1182.8,0,False,0.9590210586226523,40.0,363.4326132197429
CoCrMo,300,1000,70,50,175.7,168.5,1182.8,0,False,0.9590210586226523,40.0,363.4326132197429
CoCrMo,300,1000,90,30,175.7,168.5,1182.8,0,False,0.9590210586226523,40.0,363.4326132197429
CoCrMo,300,1000,90,40,175.7,168.5,1182.8,0,False,0.9590210586226523,40.0,363.4326132197429
CoCrMo,300,1000,90,50,175.7,168.5,1182.8,0,False,0.9590210586226523,40.0,363.4326132197429
CoCrMo,300,1000,110,30,175.7,168.5,1182.8,0,False,0.9590210586226523,40.0,363.4326132197429
CoCrMo,300,1000,110,40,175.7,168.5,1182.8,0,False,0.9590210586226523,40.0,363.4326132197429
CoCrMo,300,1000,110,50,175.7,168.5,1182.8,0,False,0.9590210586226523,40.0,363.4326132197429
CoCrMo,300,1200,70,30,178.3,84.2,214.1,0,False,0.4722378014582165,5.0,513.9713306240558
CoCrMo,300,1200,70,40,178.3,84.2,214.1,0,False,0.4722378014582165,5.0,513.9713306240558
CoCrMo,300,1200,70,50,178.3,84.2,214.1,0,False,0.4722378014582165,5.0,513.9713306240558
CoCrMo,300,1200,90,30,178.3,84.2,214.1,0,False,0.4722378014582165,5.0,513.9713306240558
CoCrMo,300,1200,90,40,178.3,84.2,214.1,0,False,0.4722378014582165,5.0,513.9713306240558
CoCrMo,300,1200,90,50,178.3,84.2,214.1,0,False,0.4722378014582165,5.0,513.9713306240558
CoCrMo,300,1200,110,30,178.3,84.2,214.1,0,False,0.4722378014582165,5.0,513.9713306240558
CoCrMo,300,1200,110,40,178.3,84.2,214.1,0,False,0.4722378014582165,5.0,513.9713306240558
CoCrMo,300,1200,110,50,178.3,84.2,214.1,0,False,0.4722378014582165,5.0,513.9713306240558
CoCrMo,300,1400,70,30,165.9,76.7,200.5,0,False,0.46232670283303196,5.0,513.9713306240558
CoCrMo,300,1400,70,40,165.9,76.7,200.5,0,False,0.46232670283303196,5.0,513.9713306240558
CoCrMo,300,1400,70,50,165.9,76.7,200.5,0,False,0.46232670283303196,5.0,513.9713306240558
CoCrMo,300,1400,90,30,165.9,76.7,200.5,0,False,0.46232670283303196,5.0,513.9713306240558
CoCrMo,300,1400,90,40,165.9,76.7,200.5,0,False,0.46232670283303196,5.0,513.9713306240558
CoCrMo,300,1400,90,50,165.9,76.7,200.5,0,False,0.46232670283303196,5.0,513.9713306240558
CoCrMo,300,1400,110,30,165.9,76.7,200.5,0,False,0.46232670283303196,5.0,513.9713306240558
CoCrMo,300,1400,110,40,165.9,76.7,200.5,0,False,0.46232670283303196,5.0,513.9713306240558
CoCrMo,300,1400,110,50,165.9,76.7,200.5,0,False,0.46232670283303196,5.0,513.9713306240558
CoCrMo,300,1600,70,30,156.0,70.5,189.6,0,False,0.4519230769230769,5.0,513.9713306240558
CoCrMo,300,1600,70,40,156.0,70.5,189.6,0,False,0.4519230769230769,5.0,513.9713306240558
CoCrMo,300,1600,70,50,156.0,70.5,189.6,0,False,0.4519230769230769,5.0,513.9713306240558
CoCrMo,300,1600,90,30,156.0,70.5,189.6,0,False,0.4519230769230769,5.0,513.9713306240558
CoCrMo,300,1600,90,40,156.0,70.5,189.6,0,False,0.4519230769230769,5.0,513.9713306240558
CoCrMo,300,1600,90,50,156.0,70.5,189.6,0,False,0.4519230769230769,5.0,513.9713306240558
CoCrMo,300,1600,110,30,156.0,70.5,189.6,0,False,0.4519230769230769,5.0,513.9713306240558
CoCrMo,300,1600,110,40,156.0,70.5,189.6,0,False,0.4519230769230769,5.0,513.9713306240558
CoCrMo,300,1600,110,50,156.0,70.5,189.6,0,True,0.4519230769230769,5.0,513.9713306240558
CoCrMo,300,1800,70,30,147.7,59.9,180.5,0,False,0.4055517941773866,5.0,513.9713306240558
CoCrMo,300,1800,70,40,147.7,59.9,180.5,0,False,0.4055517941773866,5.0,513.9713306240558
CoCrMo,300,1800,70,50,147.7,59.9,180.5,0,False,0.4055517941773866,5.0,513.9713306240558
CoCrMo,300,1800,90,30,147.7,59.9,180.5,0,False,0.4055517941773866,5.0,513.9713306240558
CoCrMo,300,1800,90,40,147.7,59.9,180.5,0,False,0.4055517941773866,5.0,513.9713306240558
CoCrMo,300,1800,90,50,147.7,59.9,180.5,0,True,0.4055517941773866,5.0,513.9713306240558
CoCrMo,300,1800,110,30,147.7,59.9,180.5,0,False,0.4055517941773866,5.0,513.9713306240558
CoCrMo,300,1800,110,40,147.7,59.9,180.5,0,True,0.4055517941773866,5.0,513.9713306240558
CoCrMo,300,1800,110,50,147.7,59.9,180.5,0,True,0.4055517941773866,5.0,513.9713306240558
CoCrMo,300,2000,70,30,140.7,55.2,172.8,0,False,0.3923240938166312,5.0,513.9713306240558
CoCrMo,300,2000,70,40,140.7,55.2,172.8,0,False,0.3923240938166312,5.0,513.9713306240558
CoCrMo,300,2000,70,50,140.7,55.2,172.8,0,True,0.3923240938166312,5.0,513.9713306240558
CoCrMo,300,2000,90,30,140.7,55.2,172.8,0,False,0.3923240938166312,5.0,513.9713306240558
CoCrMo,300,2000,90,40,140.7,55.2,172.8,0,False,0.3923240938166312,5.0,513.9713306240558
CoCrMo,300,2000,90,50,140.7,55.2,172.8,0,True,0.3923240938166312,5.0,513.9713306240558
CoCrMo,300,2000,110,30,140.7,55.2,172.8,0,False,0.3923240938166312,5.0,513.9713306240558
CoCrMo,300,2000,110,40,140.7,55.2,172.8,0,True,0.3923240938166312,5.0,513.9713306240558
CoCrMo,300,2000,110,50,140.7,55.2,172.8,0,True,0.3923240938166312,5.0,513.9713306240558
CoCrMo,350,400,70,30,311.4,339.9,1616.8,0,False,1.0915221579961465,40.0,363.4326132197429
CoCrMo,350,400,70,40,311.4,339.9,1616.8,0,False,1.0915221579961465,40.0,363.4326132197429
CoCrMo,350,400,70,50,311.4,339.9,1616.8,0,False,1.0915221579961465,40.0,363.4326132197429
CoCrMo,350,400,90,30,311.4,339.9,1616.8,0,False,1.0915221579961465,40.0,363.4326132197429
CoCrMo,350,400,90,40,311.4,339.9,1616.8,0,False,1.0915221579961465,40.0,363.4326132197429
CoCrMo,350,400,90,50,311.4,339.9,1616.8,0,False,1.0915221579961465,40.0,363.4326132197429
CoCrMo,350,400,110,30,311.4,339.9,1616.8,0,False,1.0915221579961465,40.0,363.4326132197429
CoCrMo,350,400,110,40,311.4,339.9,1616.8,0,False,1.0915221579961465,40.0,363.4326132197429
CoCrMo,350,400,110,50,311.4,339.9,1616.8,0,False,1.0915221579961465,40.0,363.4326132197429
CoCrMo,350,600,70,30,252.9,267.1,1594.1,0,False,1.0561486753657572,40.0,363.4326132197429
CoCrMo,350,600,70,40,252.9,267.1,1594.1,0,False,1.0561486753657572,40.0,363.4326132197429
CoCrMo,350,600,70,50,252.9,267.1,1594.1,0,False,1.0561486753657572,40.0,363.4326132197429
CoCrMo,350,600,90,30,252.9,267.1,1594.1,0,False,1.0561486753657572,40.0,363.4326132197429
CoCrMo,350,600,90,40,252.9,267.1,1594.1,0,False,1.0561486753657572,40.0,363.4326132197429
CoCrMo,350,600,90,50,252.9,267.1,1594.1,0,False,1.0561486753657572,40.0,363.4326132197429
CoCrMo,350,600,110,30,252.9,267.1,1594.1,0,False,1.0561486753657572,40.0,363.4326132197429
CoCrMo,350,600,110,40,252.9,267.1,1594.1,0,False,1.0561486753657572,40.0,363.4326132197429
CoCrMo,350,600,110,50,252.9,267.1,1594.1,0,False,1.0561486753657572,40.0,363.4326132197429
CoCrMo,350,800,70,30,216.3,220.3,1435.8,0,False,1.0184928340268147,40.0,363.4326132197429
CoCrMo,350,800,70,40,216.3,220.3,1435.8,0,False,1.0184928340268147,40.0,363.4326132197429
CoCrMo,350,800,70,50,216.3,220.3,1435.8,0,False,1.0184928340268147,40.0,363.4326132197429
CoCrMo,350,800,90,30,216.3,220.3,1435.8,0,False,1.0184928340268147,40.0,363.4326132197429
CoCrMo,350,800,90,40,216.3,220.3,1435.8,0,False,1.0184928340268147,40.0,363.4326132197429
CoCrMo,350,800,90,50,216.3,220.3,1435.8,0,False,1.0184928340268147,40.0,363.4326132197429
CoCrMo,350,800,110,30,216.3,220.3,1435.8,0,False,1.0184928340268147,40.0,363.4326132197429
CoCrMo,350,800,110,40,216.3,220.3,1435.8,0,False,1.0184928340268147,40.0,363.4326132197429
CoCrMo,350,800,110,50,216.3,220.3,1435.8,0,False,1.0184928340268147,40.0,363.4326132197429
CoCrMo,350,1000,70,30,189.9,187.1,1279.3,0,False,0.9852553975776724,40.0,363.4326132197429
CoCrMo,350,1000,70,40,189.9,187.1,1279.3,0,False,0.9852553975776724,40.0,363.4326132197429
CoCrMo,350,1000,70,50,189.9,187.1,1279.3,0,False,0.9852553975776724,40.0,363.4326132197429
CoCrMo,350,1000,90,30,189.9,187.1,1279.3,0,False,0.9852553975776724,40.0,363.4326132197429
CoCrMo,350,1000,90,40,189.9,187.1,1279.3,0,False,0.9852553975776724,40.0,363.4326132197429
CoCrMo,350,1000,90,50,189.9,187.1,1279.3,0,False,0.9852553975776724,40.0,363.4326132197429
CoCrMo,350,1000,110,30,189.9,187.1,1279.3,0,False,0.9852553975776724,40.0,363.4326132197429
CoCrMo,350,1000,110,40,189.9,187.1,1279.3,0,False,0.9852553975776724,40.0,363.4326132197429
CoCrMo,350,1000,110,50,189.9,187.1,1279.3,0,False,0.9852553975776724,40.0,363.4326132197429
CoCrMo,350,1200,70,30,169.8,162.7,1162.9,0,False,0.9581861012956417,40.0,363.4326132197429
CoCrMo,350,1200,70,40,169.8,162.7,1162.9,0,False,0.9581861012956417,40.0,363.4326132197429
CoCrMo,350,1200,70,50,169.8,162.7,1162.9,0,False,0.9581861012956417,40.0,363.4326132197429
CoCrMo,350,1200,90,30,169.8,162.7,1162.9,0,False,0.9581861012956417,40.0,363.4326132197429
CoCrMo,350,1200,90,40,169.8,162.7,1162.9,0,False,0.9581861012956417,40.0,363.4326132197429
CoCrMo,350,1200,90,50,169.8,162.7,1162.9,0,False,0.9581861012956417,40.0,363.4326132197429
CoCrMo,350,1200,110,30,169.8,162.7,1162.9,0,False,0.9581861012956417,40.0,363.4326132197429
CoCrMo,350,1200,110,40,169.8,162.7,1162.9,0,False,0.9581861012956417,40.0,363.4326132197429
CoCrMo,350,1200,110,50,169.8,162.7,1162.9,0,False,0.9581861012956417,40.0,363.4326132197429
CoCrMo,350,1400,70,30,178.4,86.0,214.3,0,False,0.4820627802690583,5.0,513.9713306240558
CoCrMo,350,1400,70,40,178.4,86.0,214.3,0,False,0.4820627802690583,5.0,513.9713306240558
CoCrMo,350,1400,70,50,178.4,86.0,214.3,0,False,0.4820627802690583,5.0,513.9713306240558
CoCrMo,350,1400,90,30,178.4,86.0,214.3,0,False,0.4820627802690583,5.0,513.9713306240558
CoCrMo,350,1400,90,40,178.4,86.0,214.3,0,False,0.4820627802690583,5.0,513.9713306240558
CoCrMo,350,1400,90,50,178.4,86.0,214.3,0,False,0.4820627802690583,5.0,513.9713306240558
CoCrMo,350,1400,110,30,178.4,86.0,214.3,0,False,0.4820627802690583,5.0,513.9713306240558
CoCrMo,350,1400,110,40,178.4,86.0,214.3,0,False,0.4820627802690583,5.0,513.9713306240558
CoCrMo,350,1400,110,50,178.4,86.0,214.3,0,False,0.4820627802690583,5.0,513.9713306240558
CoCrMo,350,1600,70,30,167.8,79.5,202.6,0,False,0.4737783075089392,5.0,513.9713306240558
CoCrMo,350,1600,70,40,167.8,79.5,202.6,0,False,0.4737783075089392,5.0,513.9713306240558
CoCrMo,350,1600,70,50,167.8,79.5,202.6,0,False,0.4737783075089392,5.0,513.9713306240558
CoCrMo,350,1600,90,30,167.8,79.5,202.6,0,False,0.4737783075089392,5.0,513.9713306240558
CoCrMo,350,1600,90,40,167.8,79.5,202.6,0,False,0.4737783075089392,5.0,513.9713306240558
CoCrMo,350,1600,90,50,167.8,79.5,202.6,0,False,0.4737783075089392,5.0,513.9713306240558
CoCrMo,350,1600,110,30,167.8,79.5,202.6,0,False,0.4737783075089392,5.0,513.9713306240558
CoCrMo,350,1600,110,40,167.8,79.5,202.6,0,False,0.4737783075089392,5.0,513.9713306240558
CoCrMo,350,1600,110,50,167.8,79.5,202.6,0,False,0.4737783075089392,5.0,513.9713306240558
CoCrMo,350,1800,70,30,159.0,74.1,192.9,0,False,0.46603773584905656,5.0,513.9713306240558
CoCrMo,350,1800,70,40,159.0,74.1,192.9,0,False,0.46603773584905656,5.0,513.9713306240558
CoCrMo,350,1800,70,50,159.0,74.1,192.9,0,False,0.46603773584905656,5.0,513.9713306240558
CoCrMo,350,1800,90,30,159.0,74.1,192.9,0,False,0.46603773584905656,5.0,513.9713306240558
CoCrMo,350,1800,90,40,159.0,74.1,192.9,0,False,0.46603773584905656,5.0,513.9713306240558
CoCrMo,350,1800,90,50,159.0,74.1,192.9,0,False,0.46603773584905656,5.0,513.9713306240558
CoCrMo,350,1800,110,30,159.0,74.1,192.9,0,False,0.46603773584905656,5.0,513.9713306240558
CoCrMo,350,1800,110,40,159.0,74.1,192.9,0,False,0.46603773584905656,5.0,513.9713306240558
CoCrMo,350,1800,110,50,159.0,74.1,192.9,0,False,0.46603773584905656,5.0,513.9713306240558
CoCrMo,350,2000,70,30,151.5,69.5,184.7,0,False,0.45874587458745875,5.0,513.9713306240558
CoCrMo,350,2000,70,40,151.5,69.5,184.7,0,False,0.45874587458745875,5.0,513.9713306240558
CoCrMo,350,2000,70,50,151.5,69.5,184.7,0,False,0.45874587458745875,5.0,513.9713306240558
CoCrMo,350,2000,90,30,151.5,69.5,184.7,0,False,0.45874587458745875,5.0,513.9713306240558
CoCrMo,350,2000,90,40,151.5,69.5,184.7,0,False,0.45874587458745875,5.0,513.9713306240558
CoCrMo,350,2000,90,50,151.5,69.5,184.7,0,False,0.45874587458745875,5.0,513.9713306240558
CoCrMo,350,2000,110,30,151.5,69.5,184.7,0,False,0.45874587458745875,5.0,513.9713306240558
CoCrMo,350,2000,110,40,151.5,69.5,184.7,0,False,0.45874587458745875,5.0,513.9713306240558
CoCrMo,350,2000,110,50,151.5,69.5,184.7,0,True,0.45874587458745875,5.0,513.9713306240558
CoCrMo,400,400,70,30,333.9,371.5,1847.1,0,False,1.1126085654387543,40.0,363.4326132197429
CoCrMo,400,400,70,40,333.9,371.5,1847.1,0,False,1.1126085654387543,40.0,363.4326132197429
CoCrMo,400,400,70,50,333.9,371.5,1847.1,0,False,1.1126085654387543,40.0,363.4326132197429
CoCrMo,400,400,90,30,333.9,371.5,1847.1,0,False,1.1126085654387543,40.0,363.4326132197429
CoCrMo,400,400,90,40,333.9,371.5,1847.1,0,False,1.1126085654387543,40.0,363.4326132197429
CoCrMo,400,400,90,50,333.9,371.5,1847.1,0,False,1.1126085654387543,40.0,363.4326132197429
CoCrMo,400,400,110,30,333.9,371.5,1847.1,0,False,1.1126085654387543,40.0,363.4326132197429
CoCrMo,400,400,110,40,333.9,371.5,1847.1,0,False,1.1126085654387543,40.0,363.4326132197429
CoCrMo,400,400,110,50,333.9,371.5,1847.1,0,False,1.1126085654387543,40.0,363.4326132197429
CoCrMo,400,600,70,30,271.1,291.8,1779.0,0,False,1.0763555883437845,40.0,363.4326132197429
CoCrMo,400,600,70,40,271.1,291.8,1779.0,0,False,1.0763555883437845,40.0,363.4326132197429
CoCrMo,400,600,70,50,271.1,291.8,1779.0,0,False,1.0763555883437845,40.0,363.4326132197429
CoCrMo,400,600,90,30,271.1,291.8,1779.0,0,False,1.0763555883437845,40.0,363.4326132197429
CoCrMo,400,600,90,40,271.1,291.8,1779.0,0,False,1.0763555883437845,40.0,363.4326132197429
CoCrMo,400,600,90,50,271.1,291.8,1779.0,0,False,1.0763555883437845,40.0,363.4326132197429
CoCrMo,400,600,110,30,271.1,291.8,1779.0,0,False,1.0763555883437845,40.0,363.4326132197429
CoCrMo,400,600,110,40,271.1,291.8,1779.0,0,False,1.0763555883437845,40.0,363.4326132197429
CoCrMo,400,600,110,50,271.1,291.8,1779.0,0,False,1.0763555883437845,40.0,363.4326132197429
CoCrMo,400,800,70,30,231.0,239.3,1535.1,0,False,1.035930735930736,40.0,363.4326132197429
CoCrMo,400,800,70,40,231.0,239.3,1535.1,0,False,1.035930735930736,40.0,363.4326132197429
CoCrMo,400,800,70,50,231.0,239.3,1535.1,0,False,1.035930735930736,40.0,363.4326132197429
CoCrMo,400,800,90,30,231.0,239.3,1535.1,0,False,1.035930735930736,40.0,363.4326132197429
CoCrMo,400,800,90,40,231.0,239.3,1535.1,0,False,1.035930735930736,40.0,363.4326132197429
CoCrMo,400,800,90,50,231.0,239.3,1535.1,0,False,1.035930735930736,40.0,363.4326132197429
CoCrMo,400,800,110,30,231.0,239.3,1535.1,0,False,1.035930735930736,40.0,363.4326132197429
CoCrMo,400,800,110,40,231.0,239.3,1535.1,0,False,1.035930735930736,40.0,363.4326132197429
CoCrMo,400,800,110,50,231.0,239.3,1535.1,0,False,1.035930735930736,40.0,363.4326132197429
CoCrMo,400,1000,70,30,202.5,203.7,1368.2,0,False,1.005925925925926,40.0,363.4326132197429
CoCrMo,400,1000,70,40,202.5,203.7,1368.2,0,False,1.005925925925926,40.0,363.4326132197429
CoCrMo,400,1000,70,50,202.5,203.7,1368.2,0,False,1.005925925925926,40.0,363.4326132197429
CoCrMo,400,1000,90,30,202.5,203.7,1368.2,0,False,1.005925925925926,40.0,363.4326132197429
CoCrMo,400,1000,90,40,202.5,203.7,1368.2,0,False,1.005925925925926,40.0,363.4326132197429
CoCrMo,400,1000,90,50,202.5,203.7,1368.2,0,False,1.005925925925926,40.0,363.4326132197429
CoCrMo,400,1000,110,30,202.5,203.7,1368.2,0,False,1.005925925925926,40.0,363.4326132197429
CoCrMo,400,1000,110,40,202.5,203.7,1368.2,0,False,1.005925925925926,40.0,363.4326132197429
CoCrMo,400,1000,110,50,202.5,203.7,1368.2,0,False,1.005925925925926,40.0,363.4326132197429
CoCrMo,400,1200,70,30,181.0,177.5,1244.5,0,False,0.9806629834254144,40.0,363.4326132197429
CoCrMo,400,1200,70,40,181.0,177.5,1244.5,0,False,0.9806629834254144,40.0,363.4326132197429
CoCrMo,400,1200,70,50,181.0,177.5,1244.5,0,False,0.9806629834254144,40.0,363.4326132197429
CoCrMo,400,1200,90,30,181.0,177.5,1244.5,0,False,0.9806629834254144,40.0,363.4326132197429
CoCrMo,400,1200,90,40,181.0,177.5,1244.5,0,False,0.9806629834254144,40.0,363.4326132197429
CoCrMo,400,1200,90,50,181.0,177.5,1244.5,0,False,0.9806629834254144,40.0,363.4326132197429
CoCrMo,400,1200,110,30,181.0,177.5,1244.5,0,False,0.9806629834254144,40.0,363.4326132197429
CoCrMo,400,1200,110,40,181.0,177.5,1244.5,0,False,0.9806629834254144,40.0,363.4326132197429
CoCrMo,400,1200,110,50,181.0,177.5,1244.5,0,False,0.9806629834254144,40.0,363.4326132197429
CoCrMo,400,1400,70,30,189.9,94.3,226.9,0,False,0.49657714586624535,5.0,513.9713306240558
CoCrMo,400,1400,70,40,189.9,94.3,226.9,0,False,0.49657714586624535,5.0,513.9713306240558
CoCrMo,400,1400,70,50,189.9,94.3,226.9,0,False,0.49657714586624535,5.0,513.9713306240558
CoCrMo,400,1400,90,30,189.9,94.3,226.9,0,False,0.49657714586624535,5.0,513.9713306240558
CoCrMo,400,1400,90,40,189.9,94.3,226.9,0,False,0.49657714586624535,5.0,513.9713306240558
CoCrMo,400,1400,90,50,189.9,94.3,226.9,0,False,0.49657714586624535,5.0,513.9713306240558
CoCrMo,400,1400,110,30,189.9,94.3,226.9,0,False,0.49657714586624535,5.0,513.9713306240558
CoCrMo,400,1400,110,40,189.9,94.3,226.9,0,False,0.49657714586624535,5.0,513.9713306240558
CoCrMo,400,1400,110,50,189.9,94.3,226.9,0,False,0.49657714586624535,5.0,513.9713306240558
CoCrMo,400,1600,70,30,178.5,87.3,214.4,0,False,0.4890756302521008,5.0,513.9713306240558
CoCrMo,400,1600,70,40,178.5,87.3,214.4,0,False,0.4890756302521008,5.0,513.9713306240558
CoCrMo,400,1600,70,50,178.5,87.3,214.4,0,False,0.4890756302521008,5.0,513.9713306240558
CoCrMo,400,1600,90,30,178.5,87.3,214.4,0,False,0.4890756302521008,5.0,513.9713306240558
CoCrMo,400,1600,90,40,178.5,87.3,214.4,0,False,0.4890756302521008,5.0,513.9713306240558
CoCrMo,400,1600,90,50,178.5,87.3,214.4,0,False,0.4890756302521008,5.0,513.9713306240558
CoCrMo,400,1600,110,30,178.5,87.3,214.4,0,False,0.4890756302521008,5.0,513.9713306240558
CoCrMo,400,1600,110,40,178.5,87.3,214.4,0,False,0.4890756302521008,5.0,513.9713306240558
CoCrMo,400,1600,110,50,178.5,87.3,214.4,0,False,0.4890756302521008,5.0,513.9713306240558
CoCrMo,400,1800,70,30,169.1,81.6,204.0,0,False,0.4825547013601419,5.0,513.9713306240558
CoCrMo,400,1800,70,40,169.1,81.6,204.0,0,False,0.4825547013601419,5.0,513.9713306240558
CoCrMo,400,1800,70,50,169.1,81.6,204.0,0,False,0.4825547013601419,5.0,513.9713306240558
CoCrMo,400,1800,90,30,169.1,81.6,204.0,0,False,0.4825547013601419,5.0,513.9713306240558
CoCrMo,400,1800,90,40,169.1,81.6,204.0,0,False,0.4825547013601419,5.0,513.9713306240558
CoCrMo,400,1800,90,50,169.1,81.6,204.0,0,False,0.4825547013601419,5.0,513.9713306240558
CoCrMo,400,1800,110,30,169.1,81.6,204.0,0,False,0.4825547013601419,5.0,513.9713306240558
CoCrMo,400,1800,110,40,169.1,81.6,204.0,0,False,0.4825547013601419,5.0,513.9713306240558
CoCrMo,400,1800,110,50,169.1,81.6,204.0,0,False,0.4825547013601419,5.0,513.9713306240558
CoCrMo,400,2000,70,30,161.2,76.8,195.3,0,False,0.47642679900744417,5.0,513.9713306240558
CoCrMo,400,2000,70,40,161.2,76.8,195.3,0,False,0.47642679900744417,5.0,513.9713306240558
CoCrMo,400,2000,70,50,161.2,76.8,195.3,0,False,0.47642679900744417,5.0,513.9713306240558
CoCrMo,400,2000,90,30,161.2,76.8,195.3,0,False,0.47642679900744417,5.0,513.9713306240558
CoCrMo,400,2000,90,40,161.2,76.8,195.3,0,False,0.47642679900744417,5.0,513.9713306240558
CoCrMo,400,2000,90,50,161.2,76.8,195.3,0,False,0.47642679900744417,5.0,513.9713306240558
CoCrMo,400,2000,110,30,161.2,76.8,195.3,0,False,0.47642679900744417,5.0,513.9713306240558
CoCrMo,400,2000,110,40,161.2,76.8,195.3,0,False,0.47642679900744417,5.0,513.9713306240558
CoCrMo,400,2000,110,50,161.2,76.8,195.3,0,False,0.47642679900744417,5.0,513.9713306240558
CoCrMo,450,400,70,30,355.1,401.4,2077.1,0,False,1.1303858068149815,40.0,363.4326132197429
CoCrMo,450,400,70,40,355.1,401.4,2077.1,0,False,1.1303858068149815,40.0,363.4326132197429
CoCrMo,450,400,70,50,355.1,401.4,2077.1,0,False,1.1303858068149815,40.0,363.4326132197429
CoCrMo,450,400,90,30,355.1,401.4,2077.1,0,False,1.1303858068149815,40.0,363.4326132197429
CoCrMo,450,400,90,40,355.1,401.4,2077.1,0,False,1.1303858068149815,40.0,363.4326132197429
CoCrMo,450,400,90,50,355.1,401.4,2077.1,0,False,1.1303858068149815,40.0,363.4326132197429
CoCrMo,450,400,110,30,355.1,401.4,2077.1,0,False,1.1303858068149815,40.0,363.4326132197429
CoCrMo,450,400,110,40,355.1,401.4,2077.1,0,False,1.1303858068149815,40.0,363.4326132197429
CoCrMo,450,400,110,50,355.1,401.4,2077.1,0,False,1.1303858068149815,40.0,363.4326132197429
CoCrMo,450,600,70,30,287.5,312.9,1886.5,0,False,1.0883478260869563,40.0,363.4326132197429
CoCrMo,450,600,70,40,287.5,312.9,1886.5,0,False,1.0883478260869563,40.0,363.4326132197429
CoCrMo,450,600,70,50,287.5,312.9,1886.5,0,False,1.0883478260869563,40.0,363.4326132197429
CoCrMo,450,600,90,30,287.5,312.9,1886.5,0,False,1.0883478260869563,40.0,363.4326132197429
CoCrMo,450,600,90,40,287.5,312.9,1886.5,0,False,1.0883478260869563,40.0,363.4326132197429
CoCrMo,450,600,90,50,287.5,312.9,1886.5,0,False,1.0883478260869563,40.0,363.4326132197429
CoCrMo,450,600,110,30,287.5,312.9,1886.5,0,False,1.0883478260869563,40.0,363.4326132197429
CoCrMo,450,600,110,40,287.5,312.9,1886.5,0,False,1.0883478260869563,40.0,363.4326132197429
CoCrMo,450,600,110,50,287.5,312.9,1886.5,0,False,1.0883478260869563,40.0,363.4326132197429
CoCrMo,450,800,70,30,244.4,256.7,1628.2,0,False,1.0503273322422257,40.0,363.4326132197429
CoCrMo,450,800,70,40,244.4,256.7,1628.2,0,False,1.0503273322422257,40.0,363.4326132197429
CoCrMo,450,800,70,50,244.4,256.7,1628.2,0,False,1.0503273322422257,40.0,363.4326132197429
CoCrMo,450,800,90,30,244.4,256.7,1628.2,0,False,1.0503273322422257,40.0,363.4326132197429
CoCrMo,450,800,90,40,244.4,256.7,1628.2,0,False,1.0503273322422257,40.0,363.4326132197429
CoCrMo,450,800,90,50,244.4,256.7,1628.2,0,False,1.0503273322422257,40.0,363.4326132197429
CoCrMo,450,800,110,30,244.4,256.7,1628.2,0,False,1.0503273322422257,40.0,363.4326132197429
CoCrMo,450,800,110,40,244.4,256.7,1628.2,0,False,1.0503273322422257,40.0,363.4326132197429
CoCrMo,450,800,110,50,244.4,256.7,1628.2,0,False,1.0503273322422257,40.0,363.4326132197429
CoCrMo,450,1000,70,30,214.0,218.7,1451.5,0,False,1.0219626168224298,40.0,363.4326132197429
CoCrMo,450,1000,70,40,214.0,218.7,1451.5,0,False,1.0219626168224298,40.0,363.4326132197429
CoCrMo,450,1000,70,50,214.0,218.7,1451.5,0,False,1.0219626168224298,40.0,363.4326132197429
CoCrMo,450,1000,90,30,214.0,218.7,1451.5,0,False,1.0219626168224298,40.0,363.4326132197429
CoCrMo,450,1000,90,40,214.0,218.7,1451.5,0,False,1.0219626168224298,40.0,363.4326132197429
CoCrMo,450,1000,90,50,214.0,218.7,1451.5,0,False,1.0219626168224298,40.0,363.4326132197429
CoCrMo,450,1000,110,30,214.0,218.7,1451.5,0,False,1.0219626168224298,40.0,363.4326132197429
CoCrMo,450,1000,110,40,214.0,218.7,1451.5,0,False,1.0219626168224298,40.0,363.4326132197429
CoCrMo,450,1000,110,50,214.0,218.7,1451.5,0,False,1.0219626168224298,40.0,363.4326132197429
CoCrMo,450,1200,70,30,191.1,190.9,1320.7,0,False,0.9989534275248562,40.0,363.4326132197429
CoCrMo,450,1200,70,40,191.1,190.9,1320.7,0,False,0.9989534275248562,40.0,363.4326132197429
CoCrMo,450,1200,70,50,191.1,190.9,1320.7,0,False,0.9989534275248562,40.0,363.4326132197429
CoCrMo,450,1200,90,30,191.1,190.9,1320.7,0,False,0.9989534275248562,40.0,363.4326132197429
CoCrMo,450,1200,90,40,191.1,190.9,1320.7,0,False,0.9989534275248562,40.0,363.4326132197429
CoCrMo,450,1200,90,50,191.1,190.9,1320.7,0,False,0.9989534275248562,40.0,363.4326132197429
CoCrMo,450,1200,110,30,191.1,190.9,1320.7,0,False,0.9989534275248562,40.0,363.4326132197429
CoCrMo,450,1200,110,40,191.1,190.9,1320.7,0,False,0.9989534275248562,40.0,363.4326132197429
CoCrMo,450,1200,110,50,191.1,190.9,1320.7,0,False,0.9989534275248562,40.0,363.4326132197429
CoCrMo,450,1400,70,30,200.6,101.9,238.6,0,False,0.5079760717846461,5.0,513.9713306240558
CoCrMo,450,1400,70,40,200.6,101.9,238.6,0,False,0.5079760717846461,5.0,513.9713306240558
CoCrMo,450,1400,70,50,200.6,101.9,238.6,0,False,0.5079760717846461,5.0,513.9713306240558
CoCrMo,450,1400,90,30,200.6,101.9,238.6,0,False,0.5079760717846461,5.0,513.9713306240558
CoCrMo,450,1400,90,40,200.6,101.9,238.6,0,False,0.5079760717846461,5.0,513.9713306240558
CoCrMo,450,1400,90,50,200.6,101.9,238.6,0,False,0.5079760717846461,5.0,513.9713306240558
CoCrMo,450,1400,110,30,200.6,101.9,238.6,0,False,0.5079760717846461,5.0,513.9713306240558
CoCrMo,450,1400,110,40,200.6,101.9,238.6,0,False,0.5079760717846461,5.0,513.9713306240558
CoCrMo,450,1400,110,50,200.6,101.9,238.6,0,False,0.5079760717846461,5.0,513.9713306240558
CoCrMo,450,1600,70,30,188.5,94.6,225.4,0,False,0.5018567639257294,5.0,513.9713306240558
CoCrMo,450,1600,70,40,188.5,94.6,225.4,0,False,0.5018567639257294,5.0,513.9713306240558
CoCrMo,450,1600,70,50,188.5,94.6,225.4,0,False,0.5018567639257294,5.0,513.9713306240558
CoCrMo,450,1600,90,30,188.5,94.6,225.4,0,False,0.5018567639257294,5.0,513.9713306240558
CoCrMo,450,1600,90,40,188.5,94.6,225.4,0,False,0.5018567639257294,5.0,513.9713306240558
CoCrMo,450,1600,90,50,188.5,94.6,225.4,0,False,0.5018567639257294,5.0,513.9713306240558
CoCrMo,450,1600,110,30,188.5,94.6,225.4,0,False,0.5018567639257294,5.0,513.9713306240558
CoCrMo,450,1600,110,40,188.5,94.6,225.4,0,False,0.5018567639257294,5.0,513.9713306240558
CoCrMo,450,1600,110,50,188.5,94.6,225.4,0,False,0.5018567639257294,5.0,513.9713306240558
CoCrMo,450,1800,70,30,178.5,88.5,214.4,0,False,0.4957983193277311,5.0,513.9713306240558
CoCrMo,450,1800,70,40,178.5,88.5,214.4,0,False,0.4957983193277311,5.0,513.9713306240558
CoCrMo,450,1800,70,50,178.5,88.5,214.4,0,False,0.4957983193277311,5.0,513.9713306240558
CoCrMo,450,1800,90,30,178.5,88.5,214.4,0,False,0.4957983193277311,5.0,513.9713306240558
CoCrMo,450,1800,90,40,178.5,88.5,214.4,0,False,0.4957983193277311,5.0,513.9713306240558
CoCrMo,450,1800,90,50,178.5,88.5,214.4,0,False,0.4957983193277311,5.0,513.9713306240558
CoCrMo,450,1800,110,30,178.5,88.5,214.4,0,False,0.4957983193277311,5.0,513.9713306240558
CoCrMo,450,1800,110,40,178.5,88.5,214.4,0,False,0.4957983193277311,5.0,513.9713306240558
CoCrMo,450,1800,110,50,178.5,88.5,214.4,0,False,0.4957983193277311,5.0,513.9713306240558
CoCrMo,450,2000,70,30,170.1,83.4,205.2,0,False,0.490299823633157,5.0,513.9713306240558
CoCrMo,450,2000,70,40,170.1,83.4,205.2,0,False,0.490299823633157,5.0,513.9713306240558
CoCrMo,450,2000,70,50,170.1,83.4,205.2,0,False,0.490299823633157,5.0,513.9713306240558
CoCrMo,450,2000,90,30,170.1,83.4,205.2,0,False,0.490299823633157,5.0,513.9713306240558
CoCrMo,450,2000,90,40,170.1,83.4,205.2,0,False,0.490299823633157,5.0,513.9713306240558
CoCrMo,450,2000,90,50,170.1,83.4,205.2,0,False,0.490299823633157,5.0,513.9713306240558
CoCrMo,450,2000,110,30,170.1,83.4,205.2,0,False,0.490299823633157,5.0,513.9713306240558
CoCrMo,450,2000,110,40,170.1,83.4,205.2,0,False,0.490299823633157,5.0,513.9713306240558
CoCrMo,450,2000,110,50,170.1,83.4,205.2,0,False,0.490299823633157,5.0,513.9713306240558
Hastelloy X,100,400,70,30,148.8,103.4,443.9,0,False,0.6948924731182795,40.0,278.37391650873917
Hastelloy X,100,400,70,40,148.8,103.4,443.9,0,False,0.6948924731182795,40.0,278.37391650873917
Hastelloy X,100,400,70,50,148.8,103.4,443.9,0,False,0.6948924731182795,40.0,278.37391650873917
Hastelloy X,100,400,90,30,148.8,103.4,443.9,0,False,0.6948924731182795,40.0,278.37391650873917
Hastelloy X,100,400,90,40,148.8,103.4,443.9,0,False,0.6948924731182795,40.0,278.37391650873917
Hastelloy X,100,400,90,50,148.8,103.4,443.9,0,False,0.6948924731182795,40.0,278.37391650873917
Hastelloy X,100,400,110,30,148.8,103.4,443.9,0,False,0.6948924731182795,40.0,278.37391650873917
Hastelloy X,100,400,110,40,148.8,103.4,443.9,0,False,0.6948924731182795,40.0,278.37391650873917
Hastelloy X,100,400,110,50,148.8,103.4,443.9,0,False,0.6948924731182795,40.0,278.37391650873917
Hastelloy X,100,600,70,30,108.8,66.9,368.2,0,False,0.614889705882353,40.0,278.37391650873917
Hastelloy X,100,600,70,40,108.8,66.9,368.2,0,False,0.614889705882353,40.0,278.37391650873917
Hastelloy X,100,600,70,50,108.8,66.9,368.2,0,False,0.614889705882353,40.0,278.37391650873917
Hastelloy X,100,600,90,30,108.8,66.9,368.2,0,False,0.614889705882353,40.0,278.37391650873917
Hastelloy X,100,600,90,40,108.8,66.9,368.2,0,True,0.614889705882353,40.0,278.37391650873917
Hastelloy X,100,600,90,50,108.8,66.9,368.2,0,True,0.614889705882353,40.0,278.37391650873917
Hastelloy X,100,600,110,30,108.8,66.9,368.2,0,True,0.614889705882353,40.0,278.37391650873917
Hastelloy X,100,600,110,40,108.8,66.9,368.2,0,True,0.614889705882353,40.0,278.37391650873917
Hastelloy X,100,600,110,50,108.8,66.9,368.2,0,True,0.614889705882353,40.0,278.37391650873917
Hastelloy X,100,800,70,30,112.8,32.3,142.1,0,True,0.28634751773049644,5.0,393.6801681375746
Hastelloy X,100,800,70,40,112.8,32.3,142.1,0,True,0.28634751773049644,5.0,393.6801681375746
Hastelloy X,100,800,70,50,112.8,32.3,142.1,0,True,0.28634751773049644,5.0,393.6801681375746
Hastelloy X,100,800,90,30,112.8,32.3,142.1,0,True,0.28634751773049644,5.0,393.6801681375746
Hastelloy X,100,800,90,40,112.8,32.3,142.1,0,True,0.28634751773049644,5.0,393.6801681375746
Hastelloy X,100,800,90,50,112.8,32.3,142.1,0,True,0.28634751773049644,5.0,393.6801681375746
Hastelloy X,100,800,110,30,112.8,32.3,142.1,0,True,0.28634751773049644,5.0,393.6801681375746
Hastelloy X,100,800,110,40,112.8,32.3,142.1,0,True,0.28634751773049644,5.0,393.6801681375746
Hastelloy X,100,800,110,50,112.8,32.3,142.1,0,True,0.28634751773049644,5.0,393.6801681375746
Hastelloy X,100,1000,70,30,98.5,23.5,126.3,0,True,0.23857868020304568,5.0,393.6801681375746
Hastelloy X,100,1000,70,40,98.5,23.5,126.3,0,True,0.23857868020304568,5.0,393.6801681375746
Hastelloy X,100,1000,70,50,98.5,23.5,126.3,0,True,0.23857868020304568,5.0,393.6801681375746
Hastelloy X,100,1000,90,30,98.5,23.5,126.3,0,True,0.23857868020304568,5.0,393.6801681375746
Hastelloy X,100,1000,90,40,98.5,23.5,126.3,0,True,0.23857868020304568,5.0,393.6801681375746
Hastelloy X,100,1000,90,50,98.5,23.5,126.3,0,True,0.23857868020304568,5.0,393.6801681375746
Hastelloy X,100,1000,110,30,98.5,23.5,126.3,0,True,0.23857868020304568,5.0,393.6801681375746
Hastelloy X,100,1000,110,40,98.5,23.5,126.3,0,True,0.23857868020304568,5.0,393.6801681375746
Hastelloy X,100,1000,110,50,98.5,23.5,126.3,0,True,0.23857868020304568,5.0,393.6801681375746
Hastelloy X,100,1200,70,30,92.4,21.6,119.6,0,True,0.23376623376623376,5.0,393.6801681375746
Hastelloy X,100,1200,70,40,92.4,21.6,119.6,0,True,0.23376623376623376,5.0,393.6801681375746
Hastelloy X,100,1200,70,50,92.4,21.6,119.6,0,True,0.23376623376623376,5.0,393.6801681375746
Hastelloy X,100,1200,90,30,92.4,21.6,119.6,0,True,0.23376623376623376,5.0,393.6801681375746
Hastelloy X,100,1200,90,40,92.4,21.6,119.6,0,True,0.23376623376623376,5.0,393.6801681375746
Hastelloy X,100,1200,90,50,92.4,21.6,119.6,0,True,0.23376623376623376,5.0,393.6801681375746
Hastelloy X,100,1200,110,30,92.4,21.6,119.6,0,True,0.23376623376623376,5.0,393.6801681375746
Hastelloy X,100,1200,110,40,92.4,21.6,119.6,0,True,0.23376623376623376,5.0,393.6801681375746
Hastelloy X,100,1200,110,50,92.4,21.6,119.6,0,True,0.23376623376623376,5.0,393.6801681375746
Hastelloy X,100,1400,70,30,87.8,20.3,114.5,0,True,0.23120728929384968,5.0,393.6801681375746
Hastelloy X,100,1400,70,40,87.8,20.3,114.5,0,True,0.23120728929384968,5.0,393.6801681375746
Hastelloy X,100,1400,70,50,87.8,20.3,114.5,0,True,0.23120728929384968,5.0,393.6801681375746
Hastelloy X,100,1400,90,30,87.8,20.3,114.5,0,True,0.23120728929384968,5.0,393.6801681375746
Hastelloy X,100,1400,90,40,87.8,20.3,114.5,0,True,0.23120728929384968,5.0,393.6801681375746
Hastelloy X,100,1400,90,50,87.8,20.3,114.5,0,True,0.23120728929384968,5.0,393.6801681375746
Hastelloy X,100,1400,110,30,87.8,20.3,114.5,0,True,0.23120728929384968,5.0,393.6801681375746
Hastelloy X,100,1400,110,40,87.8,20.3,114.5,0,True,0.23120728929384968,5.0,393.6801681375746
Hastelloy X,100,1400,110,50,87.8,20.3,114.5,0,True,0.23120728929384968,5.0,393.6801681375746
Hastelloy X,100,1600,70,30,84.1,19.2,110.5,0,True,0.22829964328180738,5.0,393.6801681375746
Hastelloy X,100,1600,70,40,84.1,19.2,110.5,0,True,0.22829964328180738,5.0,393.6801681375746
Hastelloy X,100,1600,70,50,84.1,19.2,110.5,0,True,0.22829964328180738,5.0,393.6801681375746
Hastelloy X,100,1600,90,30,84.1,19.2,110.5,0,True,0.22829964328180738,5.0,393.6801681375746
Hastelloy X,100,1600,90,40,84.1,19.2,110.5,0,True,0.22829964328180738,5.0,393.6801681375746
Hastelloy X,100,1600,90,50,84.1,19.2,110.5,0,True,0.22829964328180738,5.0,393.6801681375746
Hastelloy X,100,1600,110,30,84.1,19.2,110.5,0,True,0.22829964328180738,5.0,393.6801681375746
Hastelloy X,100,1600,110,40,84.1,19.2,110.5,0,True,0.22829964328180738,5.0,393.6801681375746
Hastelloy X,100,1600,110,50,84.1,19.2,110.5,0,True,0.22829964328180738,5.0,393.6801681375746
Hastelloy X,100,1800,70,30,81.2,18.3,107.3,0,True,0.22536945812807882,5.0,393.6801681375746
Hastelloy X,100,1800,70,40,81.2,18.3,107.3,0,True,0.22536945812807882,5.0,393.6801681375746
Hastelloy X,100,1800,70,50,81.2,18.3,107.3,0,True,0.22536945812807882,5.0,393.6801681375746
Hastelloy X,100,1800,90,30,81.2,18.3,107.3,0,True,0.22536945812807882,5.0,393.6801681375746
Hastelloy X,100,1800,90,40,81.2,18.3,107.3,0,True,0.22536945812807882,5.0,393.6801681375746
Hastelloy X,100,1800,90,50,81.2,18.3,107.3,0,True,0.22536945812807882,5.0,393.6801681375746
Hastelloy X,100,1800,110,30,81.2,18.3,107.3,0,True,0.22536945812807882,5.0,393.6801681375746
Hastelloy X,100,1800,110,40,81.2,18.3,107.3,0,True,0.22536945812807882,5.0,393.6801681375746
Hastelloy X,100,1800,110,50,81.2,18.3,107.3,0,True,0.22536945812807882,5.0,393.6801681375746
Hastelloy X,100,2000,70,30,78.7,17.7,104.6,0,True,0.22490470139771282,5.0,393.6801681375746
Hastelloy X,100,2000,70,40,78.7,17.7,104.6,0,True,0.22490470139771282,5.0,393.6801681375746
Hastelloy X,100,2000,70,50,78.7,17.7,104.6,0,True,0.22490470139771282,5.0,393.6801681375746
Hastelloy X,100,2000,90,30,78.7,17.7,104.6,0,True,0.22490470139771282,5.0,393.6801681375746
Hastelloy X,100,2000,90,40,78.7,17.7,104.6,0,True,0.22490470139771282,5.0,393.6801681375746
Hastelloy X,100,2000,90,50,78.7,17.7,104.6,0,True,0.22490470139771282,5.0,393.6801681375746
Hastelloy X,100,2000,110,30,78.7,17.7,104.6,0,True,0.22490470139771282,5.0,393.6801681375746
Hastelloy X,100,2000,110,40,78.7,17.7,104.6,0,True,0.22490470139771282,5.0,393.6801681375746
Hastelloy X,100,2000,110,50,78.7,17.7,104.6,0,True,0.22490470139771282,5.0,393.6801681375746
Hastelloy X,150,400,70,30,196.7,184.3,724.8,0,False,0.9369598373157093,40.0,278.37391650873917
Hastelloy X,150,400,70,40,196.7,184.3,724.8,0,False,0.9369598373157093,40.0,278.37391650873917
Hastelloy X,150,400,70,50,196.7,184.3,724.8,0,False,0.9369598373157093,40.0,278.37391650873917
Hastelloy X,150,400,90,30,196.7,184.3,724.8,0,False,0.9369598373157093,40.0,278.37391650873917
Hastelloy X,150,400,90,40,196.7,184.3,724.8,0,False,0.9369598373157093,40.0,278.37391650873917
Hastelloy X,150,400,90,50,196.7,184.3,724.8,0,False,0.9369598373157093,40.0,278.37391650873917
Hastelloy X,150,400,110,30,196.7,184.3,724.8,0,False,0.9369598373157093,40.0,278.37391650873917
Hastelloy X,150,400,110,40,196.7,184.3,724.8,0,False,0.9369598373157093,40.0,278.37391650873917
Hastelloy X,150,400,110,50,196.7,184.3,724.8,0,False,0.9369598373157093,40.0,278.37391650873917
Hastelloy X,150,600,70,30,156.3,122.7,688.2,0,False,0.7850287907869481,40.0,278.37391650873917
Hastelloy X,150,600,70,40,156.3,122.7,688.2,0,False,0.7850287907869481,40.0,278.37391650873917
Hastelloy X,150,600,70,50,156.3,122.7,688.2,0,False,0.7850287907869481,40.0,278.37391650873917
Hastelloy X,150,600,90,30,156.3,122.7,688.2,0,False,0.7850287907869481,40.0,278.37391650873917
Hastelloy X,150,600,90,40,156.3,122.7,688.2,0,False,0.7850287907869481,40.0,278.37391650873917
Hastelloy X,150,600,90,50,156.3,122.7,688.2,0,False,0.7850287907869481,40.0,278.37391650873917
Hastelloy X,150,600,110,30,156.3,122.7,688.2,0,False,0.7850287907869481,40.0,278.37391650873917
Hastelloy X,150,600,110,40,156.3,122.7,688.2,0,False,0.7850287907869481,40.0,278.37391650873917
Hastelloy X,150,600,110,50,156.3,122.7,688.2,0,False,0.7850287907869481,40.0,278.37391650873917
Hastelloy X,150,800,70,30,130.1,93.0,646.4,0,False,0.7148347425057648,40.0,278.37391650873917
Hastelloy X,150,800,70,40,130.1,93.0,646.4,0,False,0.7148347425057648,40.0,278.37391650873917
Hastelloy X,150,800,70,50,130.1,93.0,646.4,0,False,0.7148347425057648,40.0,278.37391650873917
Hastelloy X,150,800,90,30,130.1,93.0,646.4,0,False,0.7148347425057648,40.0,278.37391650873917
Hastelloy X,150,800,90,40,130.1,93.0,646.4,0,False,0.7148347425057648,40.0,278.37391650873917
Hastelloy X,150,800,90,50,130.1,93.0,646.4,0,False,0.7148347425057648,40.0,278.37391650873917
Hastelloy X,150,800,110,30,130.1,93.0,646.4,0,False,0.7148347425057648,40.0,278.37391650873917
Hastelloy X,150,800,110,40,130.1,93.0,646.4,0,False,0.7148347425057648,40.0,278.37391650873917
Hastelloy X,150,800,110,50,130.1,93.0,646.4,0,True,0.7148347425057648,40.0,278.37391650873917
Hastelloy X,150,1000,70,30,135.9,45.6,167.5,0,False,0.3355408388520971,5.0,393.6801681375746
Hastelloy X,150,1000,70,40,135.9,45.6,167.5,0,True,0.3355408388520971,5.0,393.6801681375746
Hastelloy X,150,1000,70,50,135.9,45.6,167.5,0,True,0.3355408388520971,5.0,393.6801681375746
Hastelloy X,150,1000,90,30,135.9,45.6,167.5,0,False,0.3355408388520971,5.0,393.6801681375746
Hastelloy X,150,1000,90,40,135.9,45.6,167.5,0,True,0.3355408388520971,5.0,393.6801681375746
Hastelloy X,150,1000,90,50,135.9,45.6,167.5,0,True,0.3355408388520971,5.0,393.6801681375746
Hastelloy X,150,1000,110,30,135.9,45.6,167.5,0,True,0.3355408388520971,5.0,393.6801681375746
Hastelloy X,150,1000,110,40,135.9,45.6,167.5,0,True,0.3355408388520971,5.0,393.6801681375746
Hastelloy X,150,1000,110,50,135.9,45.6,167.5,0,True,0.3355408388520971,5.0,393.6801681375746
Hastelloy X,150,1200,70,30,123.1,39.2,153.4,0,False,0.3184402924451666,5.0,393.6801681375746
Hastelloy X,150,1200,70,40,123.1,39.2,153.4,0,True,0.3184402924451666,5.0,393.6801681375746
Hastelloy X,150,1200,70,50,123.1,39.2,153.4,0,True,0.3184402924451666,5.0,393.6801681375746
Hastelloy X,150,1200,90,30,123.1,39.2,153.4,0,True,0.3184402924451666,5.0,393.6801681375746
Hastelloy X,150,1200,90,40,123.1,39.2,153.4,0,True,0.3184402924451666,5.0,393.6801681375746
Hastelloy X,150,1200,90,50,123.1,39.2,153.4,0,True,0.3184402924451666,5.0,393.6801681375746
Hastelloy X,150,1200,110,30,123.1,39.2,153.4,0,True,0.3184402924451666,5.0,393.6801681375746
Hastelloy X,150,1200,110,40,123.1,39.2,153.4,0,True,0.3184402924451666,5.0,393.6801681375746
Hastelloy X,150,1200,110,50,123.1,39.2,153.4,0,True,0.3184402924451666,5.0,393.6801681375746
Hastelloy X,150,1400,70,30,112.7,34.5,142.0,0,True,0.30612244897959184,5.0,393.6801681375746
Hastelloy X,150,1400,70,40,112.7,34.5,142.0,0,True,0.30612244897959184,5.0,393.6801681375746
Hastelloy X,150,1400,70,50,112.7,34.5,142.0,0,True,0.30612244897959184,5.0,393.6801681375746
Hastelloy X,150,1400,90,30,112.7,34.5,142.0,0,True,0.30612244897959184,5.0,393.6801681375746
Hastelloy X,150,1400,90,40,112.7,34.5,142.0,0,True,0.30612244897959184,5.0,393.6801681375746
Hastelloy X,150,1400,90,50,112.7,34.5,142.0,0,True,0.30612244897959184,5.0,393.6801681375746
Hastelloy X,150,1400,110,30,112.7,34.5,142.0,0,True,0.30612244897959184,5.0,393.6801681375746
Hastelloy X,150,1400,110,40,112.7,34.5,142.0,0,True,0.30612244897959184,5.0,393.6801681375746
Hastelloy X,150,1400,110,50,112.7,34.5,142.0,0,True,0.30612244897959184,5.0,393.6801681375746
Hastelloy X,150,1600,70,30,104.2,30.8,132.6,0,True,0.29558541266794625,5.0,393.6801681375746
Hastelloy X,150,1600,70,40,104.2,30.8,132.6,0,True,0.29558541266794625,5.0,393.6801681375746
Hastelloy X,150,1600,70,50,104.2,30.8,132.6,0,True,0.29558541266794625,5.0,393.6801681375746
Hastelloy X,150,1600,90,30,104.2,30.8,132.6,0,True,0.29558541266794625,5.0,393.6801681375746
Hastelloy X,150,1600,90,40,104.2,30.8,132.6,0,True,0.29558541266794625,5.0,393.6801681375746
Hastelloy X,150,1600,90,50,104.2,30.8,132.6,0,True,0.29558541266794625,5.0,393.6801681375746
Hastelloy X,150,1600,110,30,104.2,30.8,132.6,0,True,0.29558541266794625,5.0,393.6801681375746
Hastelloy X,150,1600,110,40,104.2,30.8,132.6,0,True,0.29558541266794625,5.0,393.6801681375746
Hastelloy X,150,1600,110,50,104.2,30.8,132.6,0,True,0.29558541266794625,5.0,393.6801681375746
Hastelloy X,150,1800,70,30,96.9,27.8,124.6,0,True,0.2868937048503612,5.0,393.6801681375746
Hastelloy X,150,1800,70,40,96.9,27.8,124.6,0,True,0.2868937048503612,5.0,393.6801681375746
Hastelloy X,150,1800,70,50,96.9,27.8,124.6,0,True,0.2868937048503612,5.0,393.6801681375746
Hastelloy X,150,1800,90,30,96.9,27.8,124.6,0,True,0.2868937048503612,5.0,393.6801681375746
Hastelloy X,150,1800,90,40,96.9,27.8,124.6,0,True,0.2868937048503612,5.0,393.6801681375746
Hastelloy X,150,1800,90,50,96.9,27.8,124.6,0,True,0.2868937048503612,5.0,393.6801681375746
Hastelloy X,150,1800,110,30,96.9,27.8,124.6,0,True,0.2868937048503612,5.0,393.6801681375746
Hastelloy X,150,1800,110,40,96.9,27.8,124.6,0,True,0.2868937048503612,5.0,393.6801681375746
Hastelloy X,150,1800,110,50,96.9,27.8,124.6,0,True,0.2868937048503612,5.0,393.6801681375746
Hastelloy X,150,2000,70,30,90.6,25.3,117.6,0,True,0.27924944812362035,5.0,393.6801681375746
Hastelloy X,150,2000,70,40,90.6,25.3,117.6,0,True,0.27924944812362035,5.0,393.6801681375746
Hastelloy X,150,2000,70,50,90.6,25.3,117.6,0,True,0.27924944812362035,5.0,393.6801681375746
Hastelloy X,150,2000,90,30,90.6,25.3,117.6,0,True,0.27924944812362035,5.0,393.6801681375746
Hastelloy X,150,2000,90,40,90.6,25.3,117.6,0,True,0.27924944812362035,5.0,393.6801681375746
Hastelloy X,150,2000,90,50,90.6,25.3,117.6,0,True,0.27924944812362035,5.0,393.6801681375746
Hastelloy X,150,2000,110,30,90.6,25.3,117.6,0,True,0.27924944812362035,5.0,393.6801681375746
Hastelloy X,150,2000,110,40,90.6,25.3,117.6,0,True,0.27924944812362035,5.0,393.6801681375746
Hastelloy X,150,2000,110,50,90.6,25.3,117.6,0,True,0.27924944812362035,5.0,393.6801681375746
Hastelloy X,200,400,70,30,231.4,232.8,975.1,0,False,1.0060501296456352,40.0,278.37391650873917
Hastelloy X,200,400,70,40,231.4,232.8,975.1,0,False,1.0060501296456352,40.0,278.37391650873917
Hastelloy X,200,400,70,50,231.4,232.8,975.1,0,False,1.0060501296456352,40.0,278.37391650873917
Hastelloy X,200,400,90,30,231.4,232.8,975.1,0,False,1.0060501296456352,40.0,278.37391650873917
Hastelloy X,200,400,90,40,231.4,232.8,975.1,0,False,1.0060501296456352,40.0,278.37391650873917
Hastelloy X,200,400,90,50,231.4,232.8,975.1,0,False,1.0060501296456352,40.0,278.37391650873917
Hastelloy X,200,400,110,30,231.4,232.8,975.1,0,False,1.0060501296456352,40.0,278.37391650873917
Hastelloy X,200,400,110,40,231.4,232.8,975.1,0,False,1.0060501296456352,40.0,278.37391650873917
Hastelloy X,200,400,110,50,231.4,232.8,975.1,0,False,1.0060501296456352,40.0,278.37391650873917
Hastelloy X,200,600,70,30,186.6,178.7,949.7,0,False,0.957663451232583,40.0,278.37391650873917
Hastelloy X,200,600,70,40,186.6,178.7,949.7,0,False,0.957663451232583,40.0,278.37391650873917
Hastelloy X,200,600,70,50,186.6,178.7,949.7,0,False,0.957663451232583,40.0,278.37391650873917
Hastelloy X,200,600,90,30,186.6,178.7,949.7,0,False,0.957663451232583,40.0,278.37391650873917
Hastelloy X,200,600,90,40,186.6,178.7,949.7,0,False,0.957663451232583,40.0,278.37391650873917
Hastelloy X,200,600,90,50,186.6,178.7,949.7,0,False,0.957663451232583,40.0,278.37391650873917
Hastelloy X,200,600,110,30,186.6,178.7,949.7,0,False,0.957663451232583,40.0,278.37391650873917
Hastelloy X,200,600,110,40,186.6,178.7,949.7,0,False,0.957663451232583,40.0,278.37391650873917
Hastelloy X,200,600,110,50,186.6,178.7,949.7,0,False,0.957663451232583,40.0,278.37391650873917
Hastelloy X,200,800,70,30,158.8,145.4,924.5,0,False,0.9156171284634761,40.0,278.37391650873917
Hastelloy X,200,800,70,40,158.8,145.4,924.5,0,False,0.9156171284634761,40.0,278.37391650873917
Hastelloy X,200,800,70,50,158.8,145.4,924.5,0,False,0.9156171284634761,40.0,278.37391650873917
Hastelloy X,200,800,90,30,158.8,145.4,924.5,0,False,0.9156171284634761,40.0,278.37391650873917
Hastelloy X,200,800,90,40,158.8,145.4,924.5,0,False,0.9156171284634761,40.0,278.37391650873917
Hastelloy X,200,800,90,50,158.8,145.4,924.5,0,False,0.9156171284634761,40.0,278.37391650873917
Hastelloy X,200,800,110,30,158.8,145.4,924.5,0,False,0.9156171284634761,40.0,278.37391650873917
Hastelloy X,200,800,110,40,158.8,145.4,924.5,0,False,0.9156171284634761,40.0,278.37391650873917
Hastelloy X,200,800,110,50,158.8,145.4,924.5,0,False,0.9156171284634761,40.0,278.37391650873917
Hastelloy X,200,1000,70,30,138.9,110.9,896.8,0,False,0.7984161267098632,40.0,278.37391650873917
Hastelloy X,200,1000,70,40,138.9,110.9,896.8,0,False,0.7984161267098632,40.0,278.37391650873917
Hastelloy X,200,1000,70,50,138.9,110.9,896.8,0,False,0.7984161267098632,40.0,278.37391650873917
Hastelloy X,200,1000,90,30,138.9,110.9,896.8,0,False,0.7984161267098632,40.0,278.37391650873917
Hastelloy X,200,1000,90,40,138.9,110.9,896.8,0,False,0.7984161267098632,40.0,278.37391650873917
Hastelloy X,200,1000,90,50,138.9,110.9,896.8,0,False,0.7984161267098632,40.0,278.37391650873917
Hastelloy X,200,1000,110,30,138.9,110.9,896.8,0,False,0.7984161267098632,40.0,278.37391650873917
Hastelloy X,200,1000,110,40,138.9,110.9,896.8,0,False,0.7984161267098632,40.0,278.37391650873917
Hastelloy X,200,1000,110,50,138.9,110.9,896.8,0,False,0.7984161267098632,40.0,278.37391650873917
Hastelloy X,200,1200,70,30,146.5,55.2,179.1,0,False,0.37679180887372016,5.0,393.6801681375746
Hastelloy X,200,1200,70,40,146.5,55.2,179.1,0,False,0.37679180887372016,5.0,393.6801681375746
Hastelloy X,200,1200,70,50,146.5,55.2,179.1,0,True,0.37679180887372016,5.0,393.6801681375746
Hastelloy X,200,1200,90,30,146.5,55.2,179.1,0,False,0.37679180887372016,5.0,393.6801681375746
Hastelloy X,200,1200,90,40,146.5,55.2,179.1,0,False,0.37679180887372016,5.0,393.6801681375746
Hastelloy X,200,1200,90,50,146.5,55.2,179.1,0,True,0.37679180887372016,5.0,393.6801681375746
Hastelloy X,200,1200,110,30,146.5,55.2,179.1,0,False,0.37679180887372016,5.0,393.6801681375746
Hastelloy X,200,1200,110,40,146.5,55.2,179.1,0,True,0.37679180887372016,5.0,393.6801681375746
Hastelloy X,200,1200,110,50,146.5,55.2,179.1,0,True,0.37679180887372016,5.0,393.6801681375746
Hastelloy X,200,1400,70,30,135.9,48.8,167.5,0,False,0.3590875643855776,5.0,393.6801681375746
Hastelloy X,200,1400,70,40,135.9,48.8,167.5,0,False,0.3590875643855776,5.0,393.6801681375746
Hastelloy X,200,1400,70,50,135.9,48.8,167.5,0,True,0.3590875643855776,5.0,393.6801681375746
Hastelloy X,200,1400,90,30,135.9,48.8,167.5,0,False,0.3590875643855776,5.0,393.6801681375746
Hastelloy X,200,1400,90,40,135.9,48.8,167.5,0,True,0.3590875643855776,5.0,393.6801681375746
Hastelloy X,200,1400,90,50,135.9,48.8,167.5,0,True,0.3590875643855776,5.0,393.6801681375746
Hastelloy X,200,1400,110,30,135.9,48.8,167.5,0,True,0.3590875643855776,5.0,393.6801681375746
Hastelloy X,200,1400,110,40,135.9,48.8,167.5,0,True,0.3590875643855776,5.0,393.6801681375746
Hastelloy X,200,1400,110,50,135.9,48.8,167.5,0,True,0.3590875643855776,5.0,393.6801681375746
Hastelloy X,200,1600,70,30,127.2,43.9,157.9,0,False,0.345125786163522,5.0,393.6801681375746
Hastelloy X,200,1600,70,40,127.2,43.9,157.9,0,True,0.345125786163522,5.0,393.6801681375746
Hastelloy X,200,1600,70,50,127.2,43.9,157.9,0,True,0.345125786163522,5.0,393.6801681375746
Hastelloy X,200,1600,90,30,127.2,43.9,157.9,0,False,0.345125786163522,5.0,393.6801681375746
Hastelloy X,200,1600,90,40,127.2,43.9,157.9,0,True,0.345125786163522,5.0,393.6801681375746
Hastelloy X,200,1600,90,50,127.2,43.9,157.9,0,True,0.345125786163522,5.0,393.6801681375746
Hastelloy X,200,1600,110,30,127.2,43.9,157.9,0,True,0.345125786163522,5.0,393.6801681375746
Hastelloy X,200,1600,110,40,127.2,43.9,157.9,0,True,0.345125786163522,5.0,393.6801681375746
Hastelloy X,200,1600,110,50,127.2,43.9,157.9,0,True,0.345125786163522,5.0,393.6801681375746
Hastelloy X,200,1800,70,30,119.8,40.0,149.8,0,False,0.333889816360601,5.0,393.6801681375746
Hastelloy X,200,1800,70,40,119.8,40.0,149.8,0,True,0.333889816360601,5.0,393.6801681375746
Hastelloy X,200,1800,70,50,119.8,40.0,149.8,0,True,0.333889816360601,5.0,393.6801681375746
Hastelloy X,200,1800,90,30,119.8,40.0,149.8,0,True,0.333889816360601,5.0,393.6801681375746
Hastelloy X,200,1800,90,40,119.8,40.0,149.8,0,True,0.333889816360601,5.0,393.6801681375746
Hastelloy X,200,1800,90,50,119.8,40.0,149.8,0,True,0.333889816360601,5.0,393.6801681375746
Hastelloy X,200,1800,110,30,119.8,40.0,149.8,0,True,0.333889816360601,5.0,393.6801681375746
Hastelloy X,200,1800,110,40,119.8,40.0,149.8,0,True,0.333889816360601,5.0,393.6801681375746
Hastelloy X,200,1800,110,50,119.8,40.0,149.8,0,True,0.333889816360601,5.0,393.6801681375746
Hastelloy X,200,2000,70,30,113.5,36.8,142.8,0,True,0.3242290748898678,5.0,393.6801681375746
Hastelloy X,200,2000,70,40,113.5,36.8,142.8,0,True,0.3242290748898678,5.0,393.6801681375746
Hastelloy X,200,2000,70,50,113.5,36.8,142.8,0,True,0.3242290748898678,5.0,393.6801681375746
Hastelloy X,200,2000,90,30,113.5,36.8,142.8,0,True,0.3242290748898678,5.0,393.6801681375746
Hastelloy X,200,2000,90,40,113.5,36.8,142.8,0,True,0.3242290748898678,5.0,393.6801681375746
Hastelloy X,200,2000,90,50,113.5,36.8,142.8,0,True,0.3242290748898678,5.0,393.6801681375746
Hastelloy X,200,2000,110,30,113.5,36.8,142.8,0,True,0.3242290748898678,5.0,393.6801681375746
Hastelloy X,200,2000,110,40,113.5,36.8,142.8,0,True,0.3242290748898678,5.0,393.6801681375746
Hastelloy X,200,2000,110,50,113.5,36.8,142.8,0,True,0.3242290748898678,5.0,393.6801681375746
Hastelloy X,250,400,70,30,261.1,273.8,1219.8,0,False,1.04864036767522,40.0,278.37391650873917
Hastelloy X,250,400,70,40,261.1,273.8,1219.8,0,False,1.04864036767522,40.0,278.37391650873917
Hastelloy X,250,400,70,50,261.1,273.8,1219.8,0,False,1.04864036767522,40.0,278.37391650873917
Hastelloy X,250,400,90,30,261.1,273.8,1219.8,0,False,1.04864036767522,40.0,278.37391650873917
Hastelloy X,250,400,90,40,261.1,273.8,1219.8,0,False,1.04864036767522,40.0,278.37391650873917
Hastelloy X,250,400,90,50,261.1,273.8,1219.8,0,False,1.04864036767522,40.0,278.37391650873917
Hastelloy X,250,400,110,30,261.1,273.8,1219.8,0,False,1.04864036767522,40.0,278.37391650873917
Hastelloy X,250,400,110,40,261.1,273.8,1219.8,0,False,1.04864036767522,40.0,278.37391650873917
Hastelloy X,250,400,110,50,261.1,273.8,1219.8,0,False,1.04864036767522,40.0,278.37391650873917
Hastelloy X,250,600,70,30,211.4,213.1,1197.2,0,False,1.0080416272469253,40.0,278.37391650873917
Hastelloy X,250,600,70,40,211.4,213.1,1197.2,0,False,1.0080416272469253,40.0,278.37391650873917
Hastelloy X,250,600,70,50,211.4,213.1,1197.2,0,False,1.0080416272469253,40.0,278.37391650873917
Hastelloy X,250,600,90,30,211.4,213.1,1197.2,0,False,1.0080416272469253,40.0,278.37391650873917
Hastelloy X,250,600,90,40,211.4,213.1,1197.2,0,False,1.0080416272469253,40.0,278.37391650873917
Hastelloy X,250,600,90,50,211.4,213.1,1197.2,0,False,1.0080416272469253,40.0,278.37391650873917
Hastelloy X,250,600,110,30,211.4,213.1,1197.2,0,False,1.0080416272469253,40.0,278.37391650873917
Hastelloy X,250,600,110,40,211.4,213.1,1197.2,0,False,1.0080416272469253,40.0,278.37391650873917
Hastelloy X,250,600,110,50,211.4,213.1,1197.2,0,False,1.0080416272469253,40.0,278.37391650873917
Hastelloy X,250,800,70,30,181.0,176.6,1177.2,0,False,0.9756906077348066,40.0,278.37391650873917
Hastelloy X,250,800,70,40,181.0,176.6,1177.2,0,False,0.9756906077348066,40.0,278.37391650873917
Hastelloy X,250,800,70,50,181.0,176.6,1177.2,0,False,0.9756906077348066,40.0,278.37391650873917
Hastelloy X,250,800,90,30,181.0,176.6,1177.2,0,False,0.9756906077348066,40.0,278.37391650873917
Hastelloy X,250,800,90,40,181.0,176.6,1177.2,0,False,0.9756906077348066,40.0,278.37391650873917
Hastelloy X,250,800,90,50,181.0,176.6,1177.2,0,False,0.9756906077348066,40.0,278.37391650873917
Hastelloy X,250,800,110,30,181.0,176.6,1177.2,0,False,0.9756906077348066,40.0,278.37391650873917
Hastelloy X,250,800,110,40,181.0,176.6,1177.2,0,False,0.9756906077348066,40.0,278.37391650873917
Hastelloy X,250,800,110,50,181.0,176.6,1177.2,0,False,0.9756906077348066,40.0,278.37391650873917
Hastelloy X,250,1000,70,30,159.1,149.3,1077.2,0,False,0.9384035197988687,40.0,278.37391650873917
Hastelloy X,250,1000,70,40,159.1,149.3,1077.2,0,False,0.9384035197988687,40.0,278.37391650873917
Hastelloy X,250,1000,70,50,159.1,149.3,1077.2,0,False,0.9384035197988687,40.0,278.37391650873917
Hastelloy X,250,1000,90,30,159.1,149.3,1077.2,0,False,0.9384035197988687,40.0,278.37391650873917
Hastelloy X,250,1000,90,40,159.1,149.3,1077.2,0,False,0.9384035197988687,40.0,278.37391650873917
Hastelloy X,250,1000,90,50,159.1,149.3,1077.2,0,False,0.9384035197988687,40.0,278.37391650873917
Hastelloy X,250,1000,110,30,159.1,149.3,1077.2,0,False,0.9384035197988687,40.0,278.37391650873917
Hastelloy X,250,1000,110,40,159.1,149.3,1077.2,0,False,0.9384035197988687,40.0,278.37391650873917
Hastelloy X,250,1000,110,50,159.1,149.3,1077.2,0,False,0.9384035197988687,40.0,278.37391650873917
Hastelloy X,250,1200,70,30,163.8,75.3,198.2,0,False,0.4597069597069597,5.0,393.6801681375746
Hastelloy X,250,1200,70,40,163.8,75.3,198.2,0,False,0.4597069597069597,5.0,393.6801681375746
Hastelloy X,250,1200,70,50,163.8,75.3,198.2,0,False,0.4597069597069597,5.0,393.6801681375746
Hastelloy X,250,1200,90,30,163.8,75.3,198.2,0,False,0.4597069597069597,5.0,393.6801681375746
Hastelloy X,250,1200,90,40,163.8,75.3,198.2,0,False,0.4597069597069597,5.0,393.6801681375746
Hastelloy X,250,1200,90,50,163.8,75.3,198.2,0,False,0.4597069597069597,5.0,393.6801681375746
Hastelloy X,250,1200,110,30,163.8,75.3,198.2,0,False,0.4597069597069597,5.0,393.6801681375746
Hastelloy X,250,1200,110,40,163.8,75.3,198.2,0,False,0.4597069597069597,5.0,393.6801681375746
Hastelloy X,250,1200,110,50,163.8,75.3,198.2,0,False,0.4597069597069597,5.0,393.6801681375746
Hastelloy X,250,1400,70,30,152.5,68.2,185.8,0,False,0.44721311475409836,5.0,393.6801681375746
Hastelloy X,250,1400,70,40,152.5,68.2,185.8,0,False,0.44721311475409836,5.0,393.6801681375746
Hastelloy X,250,1400,70,50,152.5,68.2,185.8,0,False,0.44721311475409836,5.0,393.6801681375746
Hastelloy X,250,1400,90,30,152.5,68.2,185.8,0,False,0.44721311475409836,5.0,393.6801681375746
Hastelloy X,250,1400,90,40,152.5,68.2,185.8,0,False,0.44721311475409836,5.0,393.6801681375746
Hastelloy X,250,1400,90,50,152.5,68.2,185.8,0,False,0.44721311475409836,5.0,393.6801681375746
Hastelloy X,250,1400,110,30,152.5,68.2,185.8,0,False,0.44721311475409836,5.0,393.6801681375746
Hastelloy X,250,1400,110,40,152.5,68.2,185.8,0,False,0.44721311475409836,5.0,393.6801681375746
Hastelloy X,250,1400,110,50,152.5,68.2,185.8,0,True,0.44721311475409836,5.0,393.6801681375746
Hastelloy X,250,1600,70,30,143.3,56.8,175.7,0,False,0.39637124912770405,5.0,393.6801681375746
Hastelloy X,250,1600,70,40,143.3,56.8,175.7,0,False,0.39637124912770405,5.0,393.6801681375746
Hastelloy X,250,1600,70,50,143.3,56.8,175.7,0,True,0.39637124912770405,5.0,393.6801681375746
Hastelloy X,250,1600,90,30,143.3,56.8,175.7,0,False,0.39637124912770405,5.0,393.6801681375746
Hastelloy X,250,1600,90,40,143.3,56.8,175.7,0,False,0.39637124912770405,5.0,393.6801681375746
Hastelloy X,250,1600,90,50,143.3,56.8,175.7,0,True,0.39637124912770405,5.0,393.6801681375746
Hastelloy X,250,1600,110,30,143.3,56.8,175.7,0,False,0.39637124912770405,5.0,393.6801681375746
Hastelloy X,250,1600,110,40,143.3,56.8,175.7,0,True,0.39637124912770405,5.0,393.6801681375746
Hastelloy X,250,1600,110,50,143.3,56.8,175.7,0,True,0.39637124912770405,5.0,393.6801681375746
Hastelloy X,250,1800,70,30,135.6,51.8,167.2,0,False,0.38200589970501475,5.0,393.6801681375746
Hastelloy X,250,1800,70,40,135.6,51.8,167.2,0,False,0.38200589970501475,5.0,393.6801681375746
Hastelloy X,250,1800,70,50,135.6,51.8,167.2,0,True,0.38200589970501475,5.0,393.6801681375746
Hastelloy X,250,1800,90,30,135.6,51.8,167.2,0,False,0.38200589970501475,5.0,393.6801681375746
Hastelloy X,250,1800,90,40,135.6,51.8,167.2,0,True,0.38200589970501475,5.0,393.6801681375746
Hastelloy X,250,1800,90,50,135.6,51.8,167.2,0,True,0.38200589970501475,5.0,393.6801681375746
Hastelloy X,250,1800,110,30,135.6,51.8,167.2,0,False,0.38200589970501475,5.0,393.6801681375746
Hastelloy X,250,1800,110,40,135.6,51.8,167.2,0,True,0.38200589970501475,5.0,393.6801681375746
Hastelloy X,250,1800,110,50,135.6,51.8,167.2,0,True,0.38200589970501475,5.0,393.6801681375746
Hastelloy X,250,2000,70,30,129.1,47.7,160.0,0,False,0.36948102246320685,5.0,393.6801681375746
Hastelloy X,250,2000,70,40,129.1,47.7,160.0,0,False,0.36948102246320685,5.0,393.6801681375746
Hastelloy X,250,2000,70,50,129.1,47.7,160.0,0,True,0.36948102246320685,5.0,393.6801681375746
Hastelloy X,250,2000,90,30,129.1,47.7,160.0,0,False,0.36948102246320685,5.0,393.6801681375746
Hastelloy X,250,2000,90,40,129.1,47.7,160.0,0,True,0.36948102246320685,5.0,393.6801681375746
Hastelloy X,250,2000,90,50,129.1,47.7,160.0,0,True,0.36948102246320685,5.0,393.6801681375746
Hastelloy X,250,2000,110,30,129.1,47.7,160.0,0,True,0.36948102246320685,5.0,393.6801681375746
Hastelloy X,250,2000,110,40,129.1,47.7,160.0,0,True,0.36948102246320685,5.0,393.6801681375746
Hastelloy X,250,2000,110,50,129.1,47.7,160.0,0,True,0.36948102246320685,5.0,393.6801681375746
Hastelloy X,300,400,70,30,287.7,310.7,1463.8,0,False,1.0799443865137295,40.0,278.37391650873917
Hastelloy X,300,400,70,40,287.7,310.7,1463.8,0,False,1.0799443865137295,40.0,278.37391650873917
Hastelloy X,300,400,70,50,287.7,310.7,1463.8,0,False,1.0799443865137295,40.0,278.37391650873917
Hastelloy X,300,400,90,30,287.7,310.7,1463.8,0,False,1.0799443865137295,40.0,278.37391650873917
Hastelloy X,300,400,90,40,287.7,310.7,1463.8,0,False,1.0799443865137295,40.0,278.37391650873917
Hastelloy X,300,400,90,50,287.7,310.7,1463.8,0,False,1.0799443865137295,40.0,278.37391650873917
Hastelloy X,300,400,110,30,287.7,310.7,1463.8,0,False,1.0799443865137295,40.0,278.37391650873917
Hastelloy X,300,400,110,40,287.7,310.7,1463.8,0,False,1.0799443865137295,40.0,278.37391650873917
Hastelloy X,300,400,110,50,287.7,310.7,1463.8,0,False,1.0799443865137295,40.0,278.37391650873917
Hastelloy X,300,600,70,30,233.3,243.5,1441.0,0,False,1.0437205315045006,40.0,278.37391650873917
Hastelloy X,300,600,70,40,233.3,243.5,1441.0,0,False,1.0437205315045006,40.0,278.37391650873917
Hastelloy X,300,600,70,50,233.3,243.5,1441.0,0,False,1.0437205315045006,40.0,278.37391650873917
Hastelloy X,300,600,90,30,233.3,243.5,1441.0,0,False,1.0437205315045006,40.0,278.37391650873917
Hastelloy X,300,600,90,40,233.3,243.5,1441.0,0,False,1.0437205315045006,40.0,278.37391650873917
Hastelloy X,300,600,90,50,233.3,243.5,1441.0,0,False,1.0437205315045006,40.0,278.37391650873917
Hastelloy X,300,600,110,30,233.3,243.5,1441.0,0,False,1.0437205315045006,40.0,278.37391650873917
Hastelloy X,300,600,110,40,233.3,243.5,1441.0,0,False,1.0437205315045006,40.0,278.37391650873917
Hastelloy X,300,600,110,50,233.3,243.5,1441.0,0,False,1.0437205315045006,40.0,278.37391650873917
Hastelloy X,300,800,70,30,199.6,201.0,1329.4,0,False,1.0070140280561122,40.0,278.37391650873917
Hastelloy X,300,800,70,40,199.6,201.0,1329.4,0,False,1.0070140280561122,40.0,278.37391650873917
Hastelloy X,300,800,70,50,199.6,201.0,1329.4,0,False,1.0070140280561122,40.0,278.37391650873917
Hastelloy X,300,800,90,30,199.6,201.0,1329.4,0,False,1.0070140280561122,40.0,278.37391650873917
Hastelloy X,300,800,90,40,199.6,201.0,1329.4,0,False,1.0070140280561122,40.0,278.37391650873917
Hastelloy X,300,800,90,50,199.6,201.0,1329.4,0,False,1.0070140280561122,40.0,278.37391650873917
Hastelloy X,300,800,110,30,199.6,201.0,1329.4,0,False,1.0070140280561122,40.0,278.37391650873917
Hastelloy X,300,800,110,40,199.6,201.0,1329.4,0,False,1.0070140280561122,40.0,278.37391650873917
Hastelloy X,300,800,110,50,199.6,201.0,1329.4,0,False,1.0070140280561122,40.0,278.37391650873917
Hastelloy X,300,1000,70,30,175.1,170.3,1183.6,0,False,0.9725870930896632,40.0,278.37391650873917
Hastelloy X,300,1000,70,40,175.1,170.3,1183.6,0,False,0.9725870930896632,40.0,278.37391650873917
Hastelloy X,300,1000,70,50,175.1,170.3,1183.6,0,False,0.9725870930896632,40.0,278.37391650873917
Hastelloy X,300,1000,90,30,175.1,170.3,1183.6,0,False,0.9725870930896632,40.0,278.37391650873917
Hastelloy X,300,1000,90,40,175.1,170.3,1183.6,0,False,0.9725870930896632,40.0,278.37391650873917
Hastelloy X,300,1000,90,50,175.1,170.3,1183.6,0,False,0.9725870930896632,40.0,278.37391650873917
Hastelloy X,300,1000,110,30,175.1,170.3,1183.6,0,False,0.9725870930896632,40.0,278.37391650873917
Hastelloy X,300,1000,110,40,175.1,170.3,1183.6,0,False,0.9725870930896632,40.0,278.37391650873917
Hastelloy X,300,1000,110,50,175.1,170.3,1183.6,0,False,0.9725870930896632,40.0,278.37391650873917
Hastelloy X,300,1200,70,30,178.6,86.2,214.4,0,False,0.4826427771556551,5.0,393.6801681375746
Hastelloy X,300,1200,70,40,178.6,86.2,214.4,0,False,0.4826427771556551,5.0,393.6801681375746
Hastelloy X,300,1200,70,50,178.6,86.2,214.4,0,False,0.4826427771556551,5.0,393.6801681375746
Hastelloy X,300,1200,90,30,178.6,86.2,214.4,0,False,0.4826427771556551,5.0,393.6801681375746
Hastelloy X,300,1200,90,40,178.6,86.2,214.4,0,False,0.4826427771556551,5.0,393.6801681375746
Hastelloy X,300,1200,90,50,178.6,86.2,214.4,0,False,0.4826427771556551,5.0,393.6801681375746
Hastelloy X,300,1200,110,30,178.6,86.2,214.4,0,False,0.4826427771556551,5.0,393.6801681375746
Hastelloy X,300,1200,110,40,178.6,86.2,214.4,0,False,0.4826427771556551,5.0,393.6801681375746
Hastelloy X,300,1200,110,50,178.6,86.2,214.4,0,False,0.4826427771556551,5.0,393.6801681375746
Hastelloy X,300,1400,70,30,166.3,78.8,201.0,0,False,0.4738424533974744,5.0,393.6801681375746
Hastelloy X,300,1400,70,40,166.3,78.8,201.0,0,False,0.4738424533974744,5.0,393.6801681375746
Hastelloy X,300,1400,70,50,166.3,78.8,201.0,0,False,0.4738424533974744,5.0,393.6801681375746
Hastelloy X,300,1400,90,30,166.3,78.8,201.0,0,False,0.4738424533974744,5.0,393.6801681375746
Hastelloy X,300,1400,90,40,166.3,78.8,201.0,0,False,0.4738424533974744,5.0,393.6801681375746
Hastelloy X,300,1400,90,50,166.3,78.8,201.0,0,False,0.4738424533974744,5.0,393.6801681375746
Hastelloy X,300,1400,110,30,166.3,78.8,201.0,0,False,0.4738424533974744,5.0,393.6801681375746
Hastelloy X,300,1400,110,40,166.3,78.8,201.0,0,False,0.4738424533974744,5.0,393.6801681375746
Hastelloy X,300,1400,110,50,166.3,78.8,201.0,0,False,0.4738424533974744,5.0,393.6801681375746
Hastelloy X,300,1600,70,30,156.5,72.7,190.1,0,False,0.4645367412140575,5.0,393.6801681375746
Hastelloy X,300,1600,70,40,156.5,72.7,190.1,0,False,0.4645367412140575,5.0,393.6801681375746
Hastelloy X,300,1600,70,50,156.5,72.7,190.1,0,False,0.4645367412140575,5.0,393.6801681375746
Hastelloy X,300,1600,90,30,156.5,72.7,190.1,0,False,0.4645367412140575,5.0,393.6801681375746
Hastelloy X,300,1600,90,40,156.5,72.7,190.1,0,False,0.4645367412140575,5.0,393.6801681375746
Hastelloy X,300,1600,90,50,156.5,72.7,190.1,0,False,0.4645367412140575,5.0,393.6801681375746
Hastelloy X,300,1600,110,30,156.5,72.7,190.1,0,False,0.4645367412140575,5.0,393.6801681375746
Hastelloy X,300,1600,110,40,156.5,72.7,190.1,0,False,0.4645367412140575,5.0,393.6801681375746
Hastelloy X,300,1600,110,50,156.5,72.7,190.1,0,False,0.4645367412140575,5.0,393.6801681375746
Hastelloy X,300,1800,70,30,148.3,67.7,181.1,0,False,0.45650708024275116,5.0,393.6801681375746
Hastelloy X,300,1800,70,40,148.3,67.7,181.1,0,False,0.45650708024275116,5.0,393.6801681375746
Hastelloy X,300,1800,70,50,148.3,67.7,181.1,0,False,0.45650708024275116,5.0,393.6801681375746
Hastelloy X,300,1800,90,30,148.3,67.7,181.1,0,False,0.45650708024275116,5.0,393.6801681375746
Hastelloy X,300,1800,90,40,148.3,67.7,181.1,0,False,0.45650708024275116,5.0,393.6801681375746
Hastelloy X,300,1800,90,50,148.3,67.7,181.1,0,False,0.45650708024275116,5.0,393.6801681375746
Hastelloy X,300,1800,110,30,148.3,67.7,181.1,0,False,0.45650708024275116,5.0,393.6801681375746
Hastelloy X,300,1800,110,40,148.3,67.7,181.1,0,False,0.45650708024275116,5.0,393.6801681375746
Hastelloy X,300,1800,110,50,148.3,67.7,181.1,0,True,0.45650708024275116,5.0,393.6801681375746
Hastelloy X,300,2000,70,30,141.3,63.3,173.5,0,False,0.4479830148619957,5.0,393.6801681375746
Hastelloy X,300,2000,70,40,141.3,63.3,173.5,0,False,0.4479830148619957,5.0,393.6801681375746
Hastelloy X,300,2000,70,50,141.3,63.3,173.5,0,False,0.4479830148619957,5.0,393.6801681375746
Hastelloy X,300,2000,90,30,141.3,63.3,173.5,0,False,0.4479830148619957,5.0,393.6801681375746
Hastelloy X,300,2000,90,40,141.3,63.3,173.5,0,False,0.4479830148619957,5.0,393.6801681375746
Hastelloy X,300,2000,90,50,141.3,63.3,173.5,0,True,0.4479830148619957,5.0,393.6801681375746
Hastelloy X,300,2000,110,30,141.3,63.3,173.5,0,False,0.4479830148619957,5.0,393.6801681375746
Hastelloy X,300,2000,110,40,141.3,63.3,173.5,0,True,0.4479830148619957,5.0,393.6801681375746
Hastelloy X,300,2000,110,50,141.3,63.3,173.5,0,True,0.4479830148619957,5.0,393.6801681375746
Hastelloy X,350,400,70,30,312.0,344.7,1707.4,0,False,1.1048076923076924,40.0,278.37391650873917
Hastelloy X,350,400,70,40,312.0,344.7,1707.4,0,False,1.1048076923076924,40.0,278.37391650873917
Hastelloy X,350,400,70,50,312.0,344.7,1707.4,0,False,1.1048076923076924,40.0,278.37391650873917
Hastelloy X,350,400,90,30,312.0,344.7,1707.4,0,False,1.1048076923076924,40.0,278.37391650873917
Hastelloy X,350,400,90,40,312.0,344.7,1707.4,0,False,1.1048076923076924,40.0,278.37391650873917
Hastelloy X,350,400,90,50,312.0,344.7,1707.4,0,False,1.1048076923076924,40.0,278.37391650873917
Hastelloy X,350,400,110,30,312.0,344.7,1707.4,0,False,1.1048076923076924,40.0,278.37391650873917
Hastelloy X,350,400,110,40,312.0,344.7,1707.4,0,False,1.1048076923076924,40.0,278.37391650873917
Hastelloy X,350,400,110,50,312.0,344.7,1707.4,0,False,1.1048076923076924,40.0,278.37391650873917
Hastelloy X,350,600,70,30,253.2,270.8,1664.9,0,False,1.0695102685624014,40.0,278.37391650873917
Hastelloy X,350,600,70,40,253.2,270.8,1664.9,0,False,1.0695102685624014,40.0,278.37391650873917
Hastelloy X,350,600,70,50,253.2,270.8,1664.9,0,False,1.0695102685624014,40.0,278.37391650873917
Hastelloy X,350,600,90,30,253.2,270.8,1664.9,0,False,1.0695102685624014,40.0,278.37391650873917
Hastelloy X,350,600,90,40,253.2,270.8,1664.9,0,False,1.0695102685624014,40.0,278.37391650873917
Hastelloy X,350,600,90,50,253.2,270.8,1664.9,0,False,1.0695102685624014,40.0,278.37391650873917
Hastelloy X,350,600,110,30,253.2,270.8,1664.9,0,False,1.0695102685624014,40.0,278.37391650873917
Hastelloy X,350,600,110,40,253.2,270.8,1664.9,0,False,1.0695102685624014,40.0,278.37391650873917
Hastelloy X,350,600,110,50,253.2,270.8,1664.9,0,False,1.0695102685624014,40.0,278.37391650873917
Hastelloy X,350,800,70,30,215.6,221.7,1436.2,0,False,1.0282931354359925,40.0,278.37391650873917
Hastelloy X,350,800,70,40,215.6,221.7,1436.2,0,False,1.0282931354359925,40.0,278.37391650873917
Hastelloy X,350,800,70,50,215.6,221.7,1436.2,0,False,1.0282931354359925,40.0,278.37391650873917
Hastelloy X,350,800,90,30,215.6,221.7,1436.2,0,False,1.0282931354359925,40.0,278.37391650873917
Hastelloy X,350,800,90,40,215.6,221.7,1436.2,0,False,1.0282931354359925,40.0,278.37391650873917
Hastelloy X,350,800,90,50,215.6,221.7,1436.2,0,False,1.0282931354359925,40.0,278.37391650873917
Hastelloy X,350,800,110,30,215.6,221.7,1436.2,0,False,1.0282931354359925,40.0,278.37391650873917
Hastelloy X,350,800,110,40,215.6,221.7,1436.2,0,False,1.0282931354359925,40.0,278.37391650873917
Hastelloy X,350,800,110,50,215.6,221.7,1436.2,0,False,1.0282931354359925,40.0,278.37391650873917
Hastelloy X,350,1000,70,30,188.9,188.3,1279.6,0,False,0.9968237162519852,40.0,278.37391650873917
Hastelloy X,350,1000,70,40,188.9,188.3,1279.6,0,False,0.9968237162519852,40.0,278.37391650873917
Hastelloy X,350,1000,70,50,188.9,188.3,1279.6,0,False,0.9968237162519852,40.0,278.37391650873917
Hastelloy X,350,1000,90,30,188.9,188.3,1279.6,0,False,0.9968237162519852,40.0,278.37391650873917
Hastelloy X,350,1000,90,40,188.9,188.3,1279.6,0,False,0.9968237162519852,40.0,278.37391650873917
Hastelloy X,350,1000,90,50,188.9,188.3,1279.6,0,False,0.9968237162519852,40.0,278.37391650873917
Hastelloy X,350,1000,110,30,188.9,188.3,1279.6,0,False,0.9968237162519852,40.0,278.37391650873917
Hastelloy X,350,1000,110,40,188.9,188.3,1279.6,0,False,0.9968237162519852,40.0,278.37391650873917
Hastelloy X,350,1000,110,50,188.9,188.3,1279.6,0,False,0.9968237162519852,40.0,278.37391650873917
Hastelloy X,350,1200,70,30,191.9,95.8,229.1,0,False,0.49921834288692024,5.0,393.6801681375746
Hastelloy X,350,1200,70,40,191.9,95.8,229.1,0,False,0.49921834288692024,5.0,393.6801681375746
Hastelloy X,350,1200,70,50,191.9,95.8,229.1,0,False,0.49921834288692024,5.0,393.6801681375746
Hastelloy X,350,1200,90,30,191.9,95.8,229.1,0,False,0.49921834288692024,5.0,393.6801681375746
Hastelloy X,350,1200,90,40,191.9,95.8,229.1,0,False,0.49921834288692024,5.0,393.6801681375746
Hastelloy X,350,1200,90,50,191.9,95.8,229.1,0,False,0.49921834288692024,5.0,393.6801681375746
Hastelloy X,350,1200,110,30,191.9,95.8,229.1,0,False,0.49921834288692024,5.0,393.6801681375746
Hastelloy X,350,1200,110,40,191.9,95.8,229.1,0,False,0.49921834288692024,5.0,393.6801681375746
Hastelloy X,350,1200,110,50,191.9,95.8,229.1,0,False,0.49921834288692024,5.0,393.6801681375746
Hastelloy X,350,1400,70,30,178.7,87.8,214.5,0,False,0.49132624510352546,5.0,393.6801681375746
Hastelloy X,350,1400,70,40,178.7,87.8,214.5,0,False,0.49132624510352546,5.0,393.6801681375746
Hastelloy X,350,1400,70,50,178.7,87.8,214.5,0,False,0.49132624510352546,5.0,393.6801681375746
Hastelloy X,350,1400,90,30,178.7,87.8,214.5,0,False,0.49132624510352546,5.0,393.6801681375746
Hastelloy X,350,1400,90,40,178.7,87.8,214.5,0,False,0.49132624510352546,5.0,393.6801681375746
Hastelloy X,350,1400,90,50,178.7,87.8,214.5,0,False,0.49132624510352546,5.0,393.6801681375746
Hastelloy X,350,1400,110,30,178.7,87.8,214.5,0,False,0.49132624510352546,5.0,393.6801681375746
Hastelloy X,350,1400,110,40,178.7,87.8,214.5,0,False,0.49132624510352546,5.0,393.6801681375746
Hastelloy X,350,1400,110,50,178.7,87.8,214.5,0,False,0.49132624510352546,5.0,393.6801681375746
Hastelloy X,350,1600,70,30,168.1,81.3,202.9,0,False,0.48364069006543725,5.0,393.6801681375746
Hastelloy X,350,1600,70,40,168.1,81.3,202.9,0,False,0.48364069006543725,5.0,393.6801681375746
Hastelloy X,350,1600,70,50,168.1,81.3,202.9,0,False,0.48364069006543725,5.0,393.6801681375746
Hastelloy X,350,1600,90,30,168.1,81.3,202.9,0,False,0.48364069006543725,5.0,393.6801681375746
Hastelloy X,350,1600,90,40,168.1,81.3,202.9,0,False,0.48364069006543725,5.0,393.6801681375746
Hastelloy X,350,1600,90,50,168.1,81.3,202.9,0,False,0.48364069006543725,5.0,393.6801681375746
Hastelloy X,350,1600,110,30,168.1,81.3,202.9,0,False,0.48364069006543725,5.0,393.6801681375746
Hastelloy X,350,1600,110,40,168.1,81.3,202.9,0,False,0.48364069006543725,5.0,393.6801681375746
Hastelloy X,350,1600,110,50,168.1,81.3,202.9,0,False,0.48364069006543725,5.0,393.6801681375746
Hastelloy X,350,1800,70,30,159.3,76.0,193.2,0,False,0.4770872567482737,5.0,393.6801681375746
Hastelloy X,350,1800,70,40,159.3,76.0,193.2,0,False,0.4770872567482737,5.0,393.6801681375746
Hastelloy X,350,1800,70,50,159.3,76.0,193.2,0,False,0.4770872567482737,5.0,393.6801681375746
Hastelloy X,350,1800,90,30,159.3,76.0,193.2,0,False,0.4770872567482737,5.0,393.6801681375746
Hastelloy X,350,1800,90,40,159.3,76.0,193.2,0,False,0.4770872567482737,5.0,393.6801681375746
Hastelloy X,350,1800,90,50,159.3,76.0,193.2,0,False,0.4770872567482737,5.0,393.6801681375746
Hastelloy X,350,1800,110,30,159.3,76.0,193.2,0,False,0.4770872567482737,5.0,393.6801681375746
Hastelloy X,350,1800,110,40,159.3,76.0,193.2,0,False,0.4770872567482737,5.0,393.6801681375746
Hastelloy X,350,1800,110,50,159.3,76.0,193.2,0,False,0.4770872567482737,5.0,393.6801681375746
Hastelloy X,350,2000,70,30,151.9,71.5,185.1,0,False,0.47070441079657666,5.0,393.6801681375746
Hastelloy X,350,2000,70,40,151.9,71.5,185.1,0,False,0.47070441079657666,5.0,393.6801681375746
Hastelloy X,350,2000,70,50,151.9,71.5,185.1,0,False,0.47070441079657666,5.0,393.6801681375746
Hastelloy X,350,2000,90,30,151.9,71.5,185.1,0,False,0.47070441079657666,5.0,393.6801681375746
Hastelloy X,350,2000,90,40,151.9,71.5,185.1,0,False,0.47070441079657666,5.0,393.6801681375746
Hastelloy X,350,2000,90,50,151.9,71.5,185.1,0,False,0.47070441079657666,5.0,393.6801681375746
Hastelloy X,350,2000,110,30,151.9,71.5,185.1,0,False,0.47070441079657666,5.0,393.6801681375746
Hastelloy X,350,2000,110,40,151.9,71.5,185.1,0,False,0.47070441079657666,5.0,393.6801681375746
Hastelloy X,350,2000,110,50,151.9,71.5,185.1,0,True,0.47070441079657666,5.0,393.6801681375746
Hastelloy X,400,400,70,30,334.6,376.5,1950.9,0,False,1.1252241482367005,40.0,278.37391650873917
Hastelloy X,400,400,70,40,334.6,376.5,1950.9,0,False,1.1252241482367005,40.0,278.37391650873917
Hastelloy X,400,400,70,50,334.6,376.5,1950.9,0,False,1.1252241482367005,40.0,278.37391650873917
Hastelloy X,400,400,90,30,334.6,376.5,1950.9,0,False,1.1252241482367005,40.0,278.37391650873917
Hastelloy X,400,400,90,40,334.6,376.5,1950.9,0,False,1.1252241482367005,40.0,278.37391650873917
Hastelloy X,400,400,90,50,334.6,376.5,1950.9,0,False,1.1252241482367005,40.0,278.37391650873917
Hastelloy X,400,400,110,30,334.6,376.5,1950.9,0,False,1.1252241482367005,40.0,278.37391650873917
Hastelloy X,400,400,110,40,334.6,376.5,1950.9,0,False,1.1252241482367005,40.0,278.37391650873917
Hastelloy X,400,400,110,50,334.6,376.5,1950.9,0,False,1.1252241482367005,40.0,278.37391650873917
Hastelloy X,400,600,70,30,270.8,293.3,1779.6,0,False,1.0830871491875924,40.0,278.37391650873917
Hastelloy X,400,600,70,40,270.8,293.3,1779.6,0,False,1.0830871491875924,40.0,278.37391650873917
Hastelloy X,400,600,70,50,270.8,293.3,1779.6,0,False,1.0830871491875924,40.0,278.37391650873917
Hastelloy X,400,600,90,30,270.8,293.3,1779.6,0,False,1.0830871491875924,40.0,278.37391650873917
Hastelloy X,400,600,90,40,270.8,293.3,1779.6,0,False,1.0830871491875924,40.0,278.37391650873917
Hastelloy X,400,600,90,50,270.8,293.3,1779.6,0,False,1.0830871491875924,40.0,278.37391650873917
Hastelloy X,400,600,110,30,270.8,293.3,1779.6,0,False,1.0830871491875924,40.0,278.37391650873917
Hastelloy X,400,600,110,40,270.8,293.3,1779.6,0,False,1.0830871491875924,40.0,278.37391650873917
Hastelloy X,400,600,110,50,270.8,293.3,1779.6,0,False,1.0830871491875924,40.0,278.37391650873917
Hastelloy X,400,800,70,30,230.0,240.4,1535.5,0,False,1.0452173913043479,40.0,278.37391650873917
Hastelloy X,400,800,70,40,230.0,240.4,1535.5,0,False,1.0452173913043479,40.0,278.37391650873917
Hastelloy X,400,800,70,50,230.0,240.4,1535.5,0,False,1.0452173913043479,40.0,278.37391650873917
Hastelloy X,400,800,90,30,230.0,240.4,1535.5,0,False,1.0452173913043479,40.0,278.37391650873917
Hastelloy X,400,800,90,40,230.0,240.4,1535.5,0,False,1.0452173913043479,40.0,278.37391650873917
Hastelloy X,400,800,90,50,230.0,240.4,1535.5,0,False,1.0452173913043479,40.0,278.37391650873917
Hastelloy X,400,800,110,30,230.0,240.4,1535.5,0,False,1.0452173913043479,40.0,278.37391650873917
Hastelloy X,400,800,110,40,230.0,240.4,1535.5,0,False,1.0452173913043479,40.0,278.37391650873917
Hastelloy X,400,800,110,50,230.0,240.4,1535.5,0,False,1.0452173913043479,40.0,278.37391650873917
Hastelloy X,400,1000,70,30,201.2,204.5,1368.5,0,False,1.0164015904572565,40.0,278.37391650873917
Hastelloy X,400,1000,70,40,201.2,204.5,1368.5,0,False,1.0164015904572565,40.0,278.37391650873917
Hastelloy X,400,1000,70,50,201.2,204.5,1368.5,0,False,1.0164015904572565,40.0,278.37391650873917
Hastelloy X,400,1000,90,30,201.2,204.5,1368.5,0,False,1.0164015904572565,40.0,278.37391650873917
Hastelloy X,400,1000,90,40,201.2,204.5,1368.5,0,False,1.0164015904572565,40.0,278.37391650873917
Hastelloy X,400,1000,90,50,201.2,204.5,1368.5,0,False,1.0164015904572565,40.0,278.37391650873917
Hastelloy X,400,1000,110,30,201.2,204.5,1368.5,0,False,1.0164015904572565,40.0,278.37391650873917
Hastelloy X,400,1000,110,40,201.2,204.5,1368.5,0,False,1.0164015904572565,40.0,278.37391650873917
Hastelloy X,400,1000,110,50,201.2,204.5,1368.5,0,False,1.0164015904572565,40.0,278.37391650873917
Hastelloy X,400,1200,70,30,179.5,178.2,1244.7,0,False,0.9927576601671309,40.0,278.37391650873917
Hastelloy X,400,1200,70,40,179.5,178.2,1244.7,0,False,0.9927576601671309,40.0,278.37391650873917
Hastelloy X,400,1200,70,50,179.5,178.2,1244.7,0,False,0.9927576601671309,40.0,278.37391650873917
Hastelloy X,400,1200,90,30,179.5,178.2,1244.7,0,False,0.9927576601671309,40.0,278.37391650873917
Hastelloy X,400,1200,90,40,179.5,178.2,1244.7,0,False,0.9927576601671309,40.0,278.37391650873917
Hastelloy X,400,1200,90,50,179.5,178.2,1244.7,0,False,0.9927576601671309,40.0,278.37391650873917
Hastelloy X,400,1200,110,30,179.5,178.2,1244.7,0,False,0.9927576601671309,40.0,278.37391650873917
Hastelloy X,400,1200,110,40,179.5,178.2,1244.7,0,False,0.9927576601671309,40.0,278.37391650873917
Hastelloy X,400,1200,110,50,179.5,178.2,1244.7,0,False,0.9927576601671309,40.0,278.37391650873917
Hastelloy X,400,1400,70,30,190.1,96.0,227.1,0,False,0.5049973698053656,5.0,393.6801681375746
Hastelloy X,400,1400,70,40,190.1,96.0,227.1,0,False,0.5049973698053656,5.0,393.6801681375746
Hastelloy X,400,1400,70,50,190.1,96.0,227.1,0,False,0.5049973698053656,5.0,393.6801681375746
Hastelloy X,400,1400,90,30,190.1,96.0,227.1,0,False,0.5049973698053656,5.0,393.6801681375746
Hastelloy X,400,1400,90,40,190.1,96.0,227.1,0,False,0.5049973698053656,5.0,393.6801681375746
Hastelloy X,400,1400,90,50,190.1,96.0,227.1,0,False,0.5049973698053656,5.0,393.6801681375746
Hastelloy X,400,1400,110,30,190.1,96.0,227.1,0,False,0.5049973698053656,5.0,393.6801681375746
Hastelloy X,400,1400,110,40,190.1,96.0,227.1,0,False,0.5049973698053656,5.0,393.6801681375746
Hastelloy X,400,1400,110,50,190.1,96.0,227.1,0,False,0.5049973698053656,5.0,393.6801681375746
Hastelloy X,400,1600,70,30,178.7,89.1,214.6,0,False,0.4986010072747622,5.0,393.6801681375746
Hastelloy X,400,1600,70,40,178.7,89.1,214.6,0,False,0.4986010072747622,5.0,393.6801681375746
Hastelloy X,400,1600,70,50,178.7,89.1,214.6,0,False,0.4986010072747622,5.0,393.6801681375746
Hastelloy X,400,1600,90,30,178.7,89.1,214.6,0,False,0.4986010072747622,5.0,393.6801681375746
Hastelloy X,400,1600,90,40,178.7,89.1,214.6,0,False,0.4986010072747622,5.0,393.6801681375746
Hastelloy X,400,1600,90,50,178.7,89.1,214.6,0,False,0.4986010072747622,5.0,393.6801681375746
Hastelloy X,400,1600,110,30,178.7,89.1,214.6,0,False,0.4986010072747622,5.0,393.6801681375746
Hastelloy X,400,1600,110,40,178.7,89.1,214.6,0,False,0.4986010072747622,5.0,393.6801681375746
Hastelloy X,400,1600,110,50,178.7,89.1,214.6,0,False,0.4986010072747622,5.0,393.6801681375746
Hastelloy X,400,1800,70,30,169.4,83.4,204.3,0,False,0.4923258559622196,5.0,393.6801681375746
Hastelloy X,400,1800,70,40,169.4,83.4,204.3,0,False,0.4923258559622196,5.0,393.6801681375746
Hastelloy X,400,1800,70,50,169.4,83.4,204.3,0,False,0.4923258559622196,5.0,393.6801681375746
Hastelloy X,400,1800,90,30,169.4,83.4,204.3,0,False,0.4923258559622196,5.0,393.6801681375746
Hastelloy X,400,1800,90,40,169.4,83.4,204.3,0,False,0.4923258559622196,5.0,393.6801681375746
Hastelloy X,400,1800,90,50,169.4,83.4,204.3,0,False,0.4923258559622196,5.0,393.6801681375746
Hastelloy X,400,1800,110,30,169.4,83.4,204.3,0,False,0.4923258559622196,5.0,393.6801681375746
Hastelloy X,400,1800,110,40,169.4,83.4,204.3,0,False,0.4923258559622196,5.0,393.6801681375746
Hastelloy X,400,1800,110,50,169.4,83.4,204.3,0,False,0.4923258559622196,5.0,393.6801681375746
Hastelloy X,400,2000,70,30,161.5,78.5,195.6,0,False,0.48606811145510836,5.0,393.6801681375746
Hastelloy X,400,2000,70,40,161.5,78.5,195.6,0,False,0.48606811145510836,5.0,393.6801681375746
Hastelloy X,400,2000,70,50,161.5,78.5,195.6,0,False,0.48606811145510836,5.0,393.6801681375746
Hastelloy X,400,2000,90,30,161.5,78.5,195.6,0,False,0.48606811145510836,5.0,393.6801681375746
Hastelloy X,400,2000,90,40,161.5,78.5,195.6,0,False,0.48606811145510836,5.0,393.6801681375746
Hastelloy X,400,2000,90,50,161.5,78.5,195.6,0,False,0.48606811145510836,5.0,393.6801681375746
Hastelloy X,400,2000,110,30,161.5,78.5,195.6,0,False,0.48606811145510836,5.0,393.6801681375746
Hastelloy X,400,2000,110,40,161.5,78.5,195.6,0,False,0.48606811145510836,5.0,393.6801681375746
Hastelloy X,400,2000,110,50,161.5,78.5,195.6,0,False,0.48606811145510836,5.0,393.6801681375746
Hastelloy X,450,400,70,30,355.7,406.5,2194.2,0,False,1.1428169806016306,40.0,278.37391650873917
Hastelloy X,450,400,70,40,355.7,406.5,2194.2,0,False,1.1428169806016306,40.0,278.37391650873917
Hastelloy X,450,400,70,50,355.7,406.5,2194.2,0,False,1.1428169806016306,40.0,278.37391650873917
Hastelloy X,450,400,90,30,355.7,406.5,2194.2,0,False,1.1428169806016306,40.0,278.37391650873917
Hastelloy X,450,400,90,40,355.7,406.5,2194.2,0,False,1.1428169806016306,40.0,278.37391650873917
Hastelloy X,450,400,90,50,355.7,406.5,2194.2,0,False,1.1428169806016306,40.0,278.37391650873917
Hastelloy X,450,400,110,30,355.7,406.5,2194.2,0,False,1.1428169806016306,40.0,278.37391650873917
Hastelloy X,450,400,110,40,355.7,406.5,2194.2,0,False,1.1428169806016306,40.0,278.37391650873917
Hastelloy X,450,400,110,50,355.7,406.5,2194.2,0,False,1.1428169806016306,40.0,278.37391650873917
Hastelloy X,450,600,70,30,286.7,314.1,1887.2,0,False,1.095570282525288,40.0,278.37391650873917
Hastelloy X,450,600,70,40,286.7,314.1,1887.2,0,False,1.095570282525288,40.0,278.37391650873917
Hastelloy X,450,600,70,50,286.7,314.1,1887.2,0,False,1.095570282525288,40.0,278.37391650873917
Hastelloy X,450,600,90,30,286.7,314.1,1887.2,0,False,1.095570282525288,40.0,278.37391650873917
Hastelloy X,450,600,90,40,286.7,314.1,1887.2,0,False,1.095570282525288,40.0,278.37391650873917
Hastelloy X,450,600,90,50,286.7,314.1,1887.2,0,False,1.095570282525288,40.0,278.37391650873917
Hastelloy X,450,600,110,30,286.7,314.1,1887.2,0,False,1.095570282525288,40.0,278.37391650873917
Hastelloy X,450,600,110,40,286.7,314.1,1887.2,0,False,1.095570282525288,40.0,278.37391650873917
Hastelloy X,450,600,110,50,286.7,314.1,1887.2,0,False,1.095570282525288,40.0,278.37391650873917
Hastelloy X,450,800,70,30,243.0,257.4,1628.7,0,False,1.0592592592592591,40.0,278.37391650873917
Hastelloy X,450,800,70,40,243.0,257.4,1628.7,0,False,1.0592592592592591,40.0,278.37391650873917
Hastelloy X,450,800,70,50,243.0,257.4,1628.7,0,False,1.0592592592592591,40.0,278.37391650873917
Hastelloy X,450,800,90,30,243.0,257.4,1628.7,0,False,1.0592592592592591,40.0,278.37391650873917
Hastelloy X,450,800,90,40,243.0,257.4,1628.7,0,False,1.0592592592592591,40.0,278.37391650873917
Hastelloy X,450,800,90,50,243.0,257.4,1628.7,0,False,1.0592592592592591,40.0,278.37391650873917
Hastelloy X,450,800,110,30,243.0,257.4,1628.7,0,False,1.0592592592592591,40.0,278.37391650873917
Hastelloy X,450,800,110,40,243.0,257.4,1628.7,0,False,1.0592592592592591,40.0,278.37391650873917
Hastelloy X,450,800,110,50,243.0,257.4,1628.7,0,False,1.0592592592592591,40.0,278.37391650873917
Hastelloy X,450,1000,70,30,212.4,219.2,1451.9,0,False,1.0320150659133709,40.0,278.37391650873917
Hastelloy X,450,1000,70,40,212.4,219.2,1451.9,0,False,1.0320150659133709,40.0,278.37391650873917
Hastelloy X,450,1000,70,50,212.4,219.2,1451.9,0,False,1.0320150659133709,40.0,278.37391650873917
Hastelloy X,450,1000,90,30,212.4,219.2,1451.9,0,False,1.0320150659133709,40.0,278.37391650873917
Hastelloy X,450,1000,90,40,212.4,219.2,1451.9,0,False,1.0320150659133709,40.0,278.37391650873917
Hastelloy X,450,1000,90,50,212.4,219.2,1451.9,0,False,1.0320150659133709,40.0,278.37391650873917
Hastelloy X,450,1000,110,30,212.4,219.2,1451.9,0,False,1.0320150659133709,40.0,278.37391650873917
Hastelloy X,450,1000,110,40,212.4,219.2,1451.9,0,False,1.0320150659133709,40.0,278.37391650873917
Hastelloy X,450,1000,110,50,212.4,219.2,1451.9,0,False,1.0320150659133709,40.0,278.37391650873917
Hastelloy X,450,1200,70,30,189.4,191.3,1320.9,0,False,1.0100316789862724,40.0,278.37391650873917
Hastelloy X,450,1200,70,40,189.4,191.3,1320.9,0,False,1.0100316789862724,40.0,278.37391650873917
Hastelloy X,450,1200,70,50,189.4,191.3,1320.9,0,False,1.0100316789862724,40.0,278.37391650873917
Hastelloy X,450,1200,90,30,189.4,191.3,1320.9,0,False,1.0100316789862724,40.0,278.37391650873917
Hastelloy X,450,1200,90,40,189.4,191.3,1320.9,0,False,1.0100316789862724,40.0,278.37391650873917
Hastelloy X,450,1200,90,50,189.4,191.3,1320.9,0,False,1.0100316789862724,40.0,278.37391650873917
Hastelloy X,450,1200,110,30,189.4,191.3,1320.9,0,False,1.0100316789862724,40.0,278.37391650873917
Hastelloy X,450,1200,110,40,189.4,191.3,1320.9,0,False,1.0100316789862724,40.0,278.37391650873917
Hastelloy X,450,1200,110,50,189.4,191.3,1320.9,0,False,1.0100316789862724,40.0,278.37391650873917
Hastelloy X,450,1400,70,30,200.8,103.6,238.8,0,False,0.5159362549800797,5.0,393.6801681375746
Hastelloy X,450,1400,70,40,200.8,103.6,238.8,0,False,0.5159362549800797,5.0,393.6801681375746
Hastelloy X,450,1400,70,50,200.8,103.6,238.8,0,False,0.5159362549800797,5.0,393.6801681375746
Hastelloy X,450,1400,90,30,200.8,103.6,238.8,0,False,0.5159362549800797,5.0,393.6801681375746
Hastelloy X,450,1400,90,40,200.8,103.6,238.8,0,False,0.5159362549800797,5.0,393.6801681375746
Hastelloy X,450,1400,90,50,200.8,103.6,238.8,0,False,0.5159362549800797,5.0,393.6801681375746
Hastelloy X,450,1400,110,30,200.8,103.6,238.8,0,False,0.5159362549800797,5.0,393.6801681375746
Hastelloy X,450,1400,110,40,200.8,103.6,238.8,0,False,0.5159362549800797,5.0,393.6801681375746
Hastelloy X,450,1400,110,50,200.8,103.6,238.8,0,False,0.5159362549800797,5.0,393.6801681375746
Hastelloy X,450,1600,70,30,188.7,96.2,225.6,0,False,0.5098039215686275,5.0,393.6801681375746
Hastelloy X,450,1600,70,40,188.7,96.2,225.6,0,False,0.5098039215686275,5.0,393.6801681375746
Hastelloy X,450,1600,70,50,188.7,96.2,225.6,0,False,0.5098039215686275,5.0,393.6801681375746
Hastelloy X,450,1600,90,30,188.7,96.2,225.6,0,False,0.5098039215686275,5.0,393.6801681375746
Hastelloy X,450,1600,90,40,188.7,96.2,225.6,0,False,0.5098039215686275,5.0,393.6801681375746
Hastelloy X,450,1600,90,50,188.7,96.2,225.6,0,False,0.5098039215686275,5.0,393.6801681375746
Hastelloy X,450,1600,110,30,188.7,96.2,225.6,0,False,0.5098039215686275,5.0,393.6801681375746
Hastelloy X,450,1600,110,40,188.7,96.2,225.6,0,False,0.5098039215686275,5.0,393.6801681375746
Hastelloy X,450,1600,110,50,188.7,96.2,225.6,0,False,0.5098039215686275,5.0,393.6801681375746
Hastelloy X,450,1800,70,30,178.7,90.1,214.6,0,False,0.5041969781757135,5.0,393.6801681375746
Hastelloy X,450,1800,70,40,178.7,90.1,214.6,0,False,0.5041969781757135,5.0,393.6801681375746
Hastelloy X,450,1800,70,50,178.7,90.1,214.6,0,False,0.5041969781757135,5.0,393.6801681375746
Hastelloy X,450,1800,90,30,178.7,90.1,214.6,0,False,0.5041969781757135,5.0,393.6801681375746
Hastelloy X,450,1800,90,40,178.7,90.1,214.6,0,False,0.5041969781757135,5.0,393.6801681375746
Hastelloy X,450,1800,90,50,178.7,90.1,214.6,0,False,0.5041969781757135,5.0,393.6801681375746
Hastelloy X,450,1800,110,30,178.7,90.1,214.6,0,False,0.5041969781757135,5.0,393.6801681375746
Hastelloy X,450,1800,110,40,178.7,90.1,214.6,0,False,0.5041969781757135,5.0,393.6801681375746
Hastelloy X,450,1800,110,50,178.7,90.1,214.6,0,False,0.5041969781757135,5.0,393.6801681375746
Hastelloy X,450,2000,70,30,170.4,85.0,205.4,0,False,0.4988262910798122,5.0,393.6801681375746
Hastelloy X,450,2000,70,40,170.4,85.0,205.4,0,False,0.4988262910798122,5.0,393.6801681375746
Hastelloy X,450,2000,70,50,170.4,85.0,205.4,0,False,0.4988262910798122,5.0,393.6801681375746
Hastelloy X,450,2000,90,30,170.4,85.0,205.4,0,False,0.4988262910798122,5.0,393.6801681375746
Hastelloy X,450,2000,90,40,170.4,85.0,205.4,0,False,0.4988262910798122,5.0,393.6801681375746
Hastelloy X,450,2000,90,50,170.4,85.0,205.4,0,False,0.4988262910798122,5.0,393.6801681375746
Hastelloy X,450,2000,110,30,170.4,85.0,205.4,0,False,0.4988262910798122,5.0,393.6801681375746
Hastelloy X,450,2000,110,40,170.4,85.0,205.4,0,False,0.4988262910798122,5.0,393.6801681375746
Hastelloy X,450,2000,110,50,170.4,85.0,205.4,0,False,0.4988262910798122,5.0,393.6801681375746
